+12002374415
+12004008548
+12005438462
+12012567343
+12012616988
+12012705928
+12012737986
+12013352485
+12013478640
+12013502090
+12013618722
+12013759200
+12014166644
+12014268966
+12014268971
+12014268981
+12014428157
+12014657873
+12014657950
+12014907444
+12014909100
+12015022773
+12015056923
+12015187000
+12015512581
+12015778956
+12015828664
+12015866414
+12015946687
+12016337444
+12017161469
+12017161472
+12017818054
+12018126091
+12018449106
+12018575411
+12018998751
+12019184124
+12019571271
+12019726924
+12019750836
+12019797465
+12022000843
+12022101177
+12022253164
+12022439832
+12022461373
+12022470149
+12022694477
+12022804143
+12022940311
+12023097180
+12023307578
+12023307862
+12023330128
+12023447430
+12023453010
+12023479388
+12023513830
+12023590450
+12023591336
+12023596048
+12023596091
+12023599819
+12023604082
+12023617647
+12023676809
+12023694275
+12023699620
+12023712223
+12023738161
+12023773869
+12023787176
+12023907292
+12023907389
+12023911416
+12023911498
+12023912919
+12023917790
+12024099945
+12024134709
+12024146440
+12024150997
+12024156814
+12024192478
+12024224612
+12024372289
+12024375545
+12024383140
+12024384130
+12024389549
+12024398668
+12024406822
+12024485195
+12024494418
+12024603440
+12024605688
+12024654742
+12024659770
+12024701333
+12024701704
+12024784500
+12024798000
+12024894793
+12024910354
+12024910443
+12024922720
+12024925017
+12024979328
+12025096825
+12025219595
+12025289412
+12025342632
+12025345249
+12025390890
+12025398525
+12025470977
+12025582563
+12025586610
+12025888589
+12025895026
+12025916069
+12025951000
+12026002921
+12026280720
+12026601648
+12026889283
+12027036545
+12027093994
+12027134635
+12027279099
+12027304444
+12027353154
+12027477266
+12027533923
+12027533924
+12027592300
+12027717377
+12027718161
+12027718196
+12027719840
+12028038484
+12028281897
+12028440565
+12028448219
+12028500713
+12028510255
+12028512769
+12028601688
+12029073769
+12029334023
+12029334325
+12029521346
+12029703746
+12029718435
+12029728770
+12029791095
+12029794403
+12029802202
+12029805955
+12029815655
+12029882520
+12029889229
+12029889366
+12029918071
+12029928972
+12032632618
+12033142382
+12033306303
+12034339184
+12034555555
+12034568261
+12035174656
+12035491500
+12036725009
+12036727575
+12036836414
+12036836433
+12036874311
+12037139993
+12037240444
+12037452502
+12037452745
+12037806683
+12038368330
+12038965443
+12039074166
+12039092999
+12039161483
+12042338893
+12042587474
+12042726375
+12043152381
+12043498857
+12044801818
+12048746526
+12048841618
+12049476725
+12049928383
+12052038951
+12052637070
+12052654346
+12052654451
+12052772290
+12054510651
+12055256897
+12055770960
+12055880887
+12055880990
+12055881997
+12056418145
+12056667097
+12056915613
+12057455106
+12057473333
+12057781364
+12058943378
+12059490011
+12059942446
+12059942447
+12062010807
+12062092626
+12062571000
+12062606920
+12062825143
+12063302222
+12063429160
+12063612691
+12063625851
+12063884608
+12064410340
+12064624547
+12064889519
+12064947918
+12065080851
+12065242273
+12065246003
+12065363695
+12065528195
+12065571957
+12065779966
+12065784153
+12065784545
+12065842690
+12066079800
+12066230183
+12066367542
+12067532428
+12067536286
+12067731821
+12067771717
+12067774400
+12067821225
+12067850672
+12067919928
+12068659304
+12068665888
+12068762879
+12068762929
+12068765624
+12068765641
+12068765656
+12068765670
+12068765671
+12068765672
+12068765673
+12068765674
+12068765675
+12068765676
+12068765677
+12068765678
+12068765679
+12068765680
+12068765681
+12068765682
+12068765688
+12068765872
+12068766226
+12068766227
+12068766228
+12068766229
+12068766231
+12068766600
+12068770877
+12068777777
+12068884546
+12069845492
+12072048879
+12072092793
+12072131259
+12072212233
+12072215313
+12072215399
+12072399799
+12072488585
+12072535200
+12072745659
+12073050094
+12073852222
+12073852233
+12073879741
+12073879742
+12073903232
+12074017262
+12074017265
+12074017420
+12074042588
+12074301177
+12074303500
+12074303700
+12074337202
+12074715103
+12074890019
+12075122169
+12075474865
+12075777269
+12075793563
+12077691258
+12078048691
+12078147742
+12078502121
+12078502300
+12078697171
+12079527289
+12079997886
+12082033483
+12082080210
+12082692010
+12082744059
+12082769049
+12082792527
+12083057852
+12083185209
+12083185800
+12083529622
+12083798223
+12084284095
+12084444814
+12084708382
+12085096731
+12085109241
+12085715495
+12085818611
+12086176248
+12086184911
+12086399265
+12086689243
+12086837890
+12086898757
+12087625121
+12088131634
+12088251165
+12088659901
+12089060227
+12089060331
+12089061200
+12089472222
+12089576312
+12089828379
+12092420707
+12092731052
+12093095136
+12093201358
+12093879261
+12094093221
+12094321250
+12094397074
+12094654878
+12094672314
+12095098090
+12096224225
+12096231088
+12096554105
+12096701111
+12098211941
+12098662281
+12098679881
+12098941046
+12099100880
+12099262442
+12102000184
+12102016859
+12102075390
+12102868734
+12102986678
+12103298334
+12103401289
+12103446601
+12103544475
+12103648515
+12103902222
+12104057179
+12104497607
+12104539999
+12104604151
+12104943006
+12105123720
+12105125776
+12105263500
+12105475627
+12105588999
+12105790808
+12105930576
+12105992836
+12105996011
+12106381488
+12106533538
+12106572800
+12106620007
+12106701110
+12106912050
+12107121176
+12107145225
+12107364865
+12107591871
+12107645039
+12107940992
+12108223104
+12108227767
+12108869225
+12108996556
+12109331313
+12109463237
+12109532910
+12109552490
+12109646497
+12109649375
+12109811866
+12122025554
+12122428669
+12122450002
+12122474868
+12122489090
+12122552760
+12122739696
+12122739697
+12122739698
+12123701319
+12124218119
+12124899090
+12125355047
+12126602245
+12126828242
+12127572187
+12127770777
+12127839763
+12128129864
+12128148407
+12128199300
+12128678883
+12128732194
+12128778866
+12128929653
+12129010605
+12129218858
+12129498844
+12129658484
+12129674646
+12132050581
+12132423868
+12132424805
+12132614444
+12132614445
+12132614446
+12132619673
+12132630704
+12132630761
+12132807318
+12132935591
+12133160879
+12133253363
+12133300303
+12133319627
+12133358859
+12133710343
+12134156917
+12134234617
+12134497622
+12134656649
+12134761696
+12134988705
+12135108660
+12135125190
+12135315677
+12135502969
+12135729530
+12135749599
+12135880253
+12136078181
+12136252671
+12136494417
+12136582163
+12136877667
+12136877675
+12137144466
+12137471239
+12137543594
+12137624490
+12138076588
+12138329520
+12138456783
+12138494812
+12138607717
+12138988023
+12139336703
+12139380692
+12139648308
+12142064013
+12142166346
+12142229292
+12142271076
+12142370505
+12142768463
+12143066555
+12143270551
+12143617444
+12143799800
+12143967400
+12143967401
+12143967402
+12144092047
+12144140028
+12144140075
+12144426331
+12144668943
+12144897840
+12145041076
+12145263857
+12145283865
+12145309300
+12145316662
+12145508077
+12145870001
+12146150100
+12146284076
+12146307127
+12146359199
+12146431305
+12146770812
+12147294823
+12147618593
+12147645933
+12147649399
+12147649990
+12147710944
+12148058083
+12148078702
+12148156803
+12148170072
+12148211990
+12148218989
+12148874685
+12148903871
+12148913011
+12148941195
+12149001967
+12149050500
+12149370718
+12149603149
+12149603300
+12149603500
+12149831808
+12149977909
+12152406636
+12152687617
+12152687618
+12152687619
+12153222222
+12153259451
+12153304196
+12153757040
+12153832949
+12153902222
+12154026604
+12154316720
+12154377618
+12154541717
+12154969653
+12155166736
+12155572222
+12155632929
+12156090558
+12156259190
+12156671911
+12156714444
+12156905555
+12157090620
+12157268437
+12157398255
+12157646988
+12157646989
+12157646990
+12157894235
+12157894236
+12157950100
+12157950101
+12157950102
+12158748331
+12159136401
+12159282088
+12159880065
+12159958603
+12162026178
+12162325617
+12162326368
+12162499047
+12162702933
+12162733200
+12162733201
+12162733202
+12162790061
+12162791335
+12162828963
+12162829941
+12163004155
+12163006822
+12163379924
+12163422825
+12163430841
+12163434167
+12163671010
+12163849722
+12164250684
+12164531000
+12164839291
+12164999754
+12165024388
+12165024731
+12165397767
+12165397768
+12166260000
+12166260336
+12166262082
+12166267777
+12166269955
+12166332764
+12167078306
+12168038702
+12169122800
+12169123030
+12169666339
+12172072037
+12172399506
+12172412904
+12172412907
+12172412909
+12172412910
+12172412914
+12172412916
+12172624379
+12172675009
+12172675017
+12172831986
+12172888406
+12172928535
+12173101653
+12173889780
+12174027503
+12174029200
+12174029500
+12174094206
+12176005131
+12176101050
+12176693849
+12176890026
+12177431455
+12178349347
+12178349517
+12178349964
+12178637161
+12178637200
+12178637210
+12178637454
+12178646089
+12178667086
+12178667289
+12178721758
+12179032229
+12179094796
+12179652330
+12182002366
+12182102347
+12182139300
+12182374070
+12182374486
+12182374492
+12182374493
+12182374494
+12182374495
+12182374496
+12183213333
+12183391206
+12183391208
+12183391725
+12183391775
+12184614250
+12185701103
+12186322255
+12186322256
+12186322258
+12186322260
+12186322262
+12186444455
+12187367728
+12187402428
+12187403892
+12187403895
+12188443720
+12188443724
+12188443727
+12188443729
+12188443730
+12188443732
+12188443733
+12188443734
+12188443735
+12188621843
+12188623203
+12188623702
+12188623706
+12188623708
+12188623709
+12188623712
+12188623731
+12188623732
+12188623733
+12188623734
+12188623760
+12188623771
+12188623777
+12188623782
+12188623784
+12188623785
+12188623786
+12188623788
+12188623789
+12188623790
+12188623792
+12188623796
+12188624218
+12188673784
+12188952080
+12188952083
+12188952088
+12188952091
+12188952094
+12188952095
+12188952160
+12188952165
+12188952182
+12188952184
+12188952188
+12188952189
+12188952190
+12188952202
+12188952204
+12188952207
+12188952208
+12188952210
+12188952213
+12188952217
+12188952523
+12188952529
+12188953266
+12188953277
+12189361515
+12192158239
+12192450706
+12192490849
+12192619062
+12192965099
+12193102007
+12193210350
+12193211695
+12193257207
+12193384298
+12193519872
+12193538540
+12193731018
+12194842525
+12194910757
+12195106784
+12198878972
+12202459522
+12205006271
+12208997898
+12209998515
+12232031096
+12232567740
+12242121662
+12242558156
+12242558856
+12243795477
+12243990023
+12243990211
+12244368550
+12246435555
+12247886478
+12248486100
+12248883711
+12252339596
+12252458595
+12253170373
+12253291414
+12254830865
+12254886973
+12254960587
+12254970575
+12255355626
+12255477666
+12255477874
+12255760334
+12255907699
+12256635000
+12256635700
+12256638905
+12256817465
+12257216857
+12258773162
+12259033570
+12259069090
+12259222340
+12265393482
+12265466465
+12266738691
+12272755382
+12277720122
+12282066062
+12282659500
+12282659999
+12282760303
+12282943964
+12283337461
+12283579201
+12284711528
+12287021535
+12287021541
+12288319514
+12288882818
+12292158503
+12292261713
+12293171905
+12293292109
+12293504768
+12293517318
+12293523060
+12293529900
+12293555155
+12294752272
+12294754642
+12294903062
+12295264461
+12296363448
+12312167114
+12312515327
+12312787175
+12313706010
+12314218331
+12314220067
+12314626776
+12314862222
+12314863000
+12315451919
+12317213780
+12317327032
+12317908763
+12342018263
+12342032218
+12342362397
+12342364965
+12342573756
+12342642329
+12344078121
+12345678900
+12345678901
+12345678902
+12345678903
+12345678904
+12345678905
+12345678906
+12345678907
+12345678908
+12345678909
+12347024931
+12367137953
+12368332389
+12368586372
+12369749822
+12392120282
+12392153497
+12392171307
+12392356986
+12393206028
+12393223500
+12393426858
+12393639058
+12393655823
+12393724987
+12393870652
+12394480106
+12394808590
+12394887606
+12394887644
+12394911040
+12394930014
+12394990594
+12395060187
+12395220196
+12395249897
+12395263518
+12395416815
+12398802058
+12398998339
+12399229917
+12402005502
+12402021276
+12402082732
+12402249150
+12402350054
+12402350069
+12402538676
+12402803300
+12403189324
+12403454500
+12404384242
+12404798910
+12405095501
+12405254912
+12405940527
+12406048903
+12406501735
+12407573724
+12407697837
+12407852981
+12408281640
+12408460800
+12409257194
+12409351099
+12447200200
+12449663660
+12482206545
+12482206546
+12482207713
+12482574040
+12482687404
+12484138007
+12484155300
+12484222668
+12484848484
+12484960392
+12485309266
+12485379200
+12485646405
+12486004245
+12486004254
+12486217286
+12486637500
+12486637575
+12487205997
+12487517015
+12488265995
+12488832800
+12489401807
+12489683772
+12494970608
+12502968488
+12504122020
+12504343335
+12504483334
+12504743546
+12505746812
+12505780858
+12506465078
+12506799861
+12509843322
+12512105881
+12512122241
+12512122260
+12512122268
+12512167365
+12512169197
+12512169223
+12512437859
+12512535821
+12512959986
+12513084114
+12513383838
+12513388255
+12513469322
+12513652543
+12513658651
+12513782685
+12514166122
+12515021304
+12515174436
+12515314185
+12517107500
+12517255555
+12519230939
+12519447478
+12519885473
+12522027135
+12522205304
+12522205340
+12522284841
+12522482661
+12522489867
+12522686931
+12522950015
+12522950031
+12522950032
+12523245290
+12523355794
+12523686931
+12523763882
+12523783500
+12523783800
+12523891019
+12523891022
+12524280101
+12524792366
+12525470009
+12526547516
+12527055652
+12527362605
+12527765670
+12527864059
+12527864121
+12528256530
+12532043913
+12532344177
+12532438503
+12532988266
+12532994318
+12532998539
+12533314367
+12533454600
+12533623213
+12533987315
+12534009962
+12534024876
+12534149400
+12534343425
+12534396666
+12535000646
+12535256376
+12535793000
+12535904215
+12536553000
+12537333436
+12538303000
+12542065258
+12542141841
+12542280909
+12542350128
+12542350330
+12542350909
+12542639610
+12542748282
+12542951700
+12543091970
+12543258050
+12544154500
+12544320443
+12544778974
+12544818369
+12545591706
+12545678425
+12545717834
+12546455578
+12546881498
+12547156482
+12547359562
+12548310075
+12548440039
+12548707155
+12548708210
+12562293542
+12562400218
+12563572603
+12566905555
+12566928096
+12567133030
+12567700653
+12567871463
+12567972643
+12568939647
+12569009424
+12569260709
+12569995494
+12602479366
+12602479900
+12602634060
+12602999071
+12602999084
+12603253863
+12604367875
+12605298008
+12605720414
+12607023333
+12607774204
+12607866992
+12608000710
+12622376565
+12622376600
+12622589585
+12622677586
+12623000544
+12623727245
+12625888197
+12626860643
+12627999679
+12672449163
+12672970027
+12672974296
+12672974413
+12672983555
+12673019254
+12673135409
+12673230457
+12673242255
+12673579777
+12673886068
+12673946616
+12674282488
+12674357170
+12674454616
+12675297672
+12675408774
+12675444079
+12675528239
+12675589434
+12675780484
+12676441010
+12676499646
+12677154636
+12677511010
+12677615568
+12677642322
+12677948894
+12678803555
+12692189625
+12692220315
+12692258115
+12692340143
+12692381277
+12693414038
+12693569664
+12694309982
+12694592222
+12695583333
+12702888826
+12703378159
+12703739075
+12703878430
+12703923500
+12703923700
+12703972001
+12704346519
+12704539153
+12704671836
+12705758767
+12706796210
+12707127727
+12707155867
+12707705216
+12708333011
+12708563721
+12709796647
+12709902256
+12722067120
+12723456974
+12723631519
+12724422136
+12728085181
+12762234783
+12762495972
+12762652217
+12763249354
+12764450531
+12765220362
+12765825174
+12766982172
+12767221318
+12768350305
+12772053069
+12792021840
+12792179600
+12792183000
+12792670619
+12792671256
+12793468668
+12795000699
+12795005235
+12796999267
+12797778679
+12799666043
+12812203797
+12812417998
+12812609400
+12813178252
+12813464546
+12813924010
+12814046613
+12814102947
+12814102985
+12814431819
+12814773000
+12815203299
+12815450766
+12815649988
+12815821590
+12816171452
+12816613700
+12816660125
+12816779999
+12816791797
+12817323435
+12817379090
+12817686379
+12818161961
+12818212407
+12818218487
+12818643799
+12818849128
+12818886754
+12819134730
+12819442333
+12819568798
+12819570828
+12819681360
+12819994551
+12819997891
+12832200539
+12889476943
+12892204512
+12892731205
+12893490699
+12895173599
+12895660261
+12896820608
+12898153234
+12898277064
+12898803461
+12899577869
+12933447203
+13002392527
+13012410379
+13012428225
+13012453631
+13012456053
+13012767848
+13012885738
+13014072436
+13015746187
+13016863333
+13016925293
+13016942404
+13017506177
+13017815990
+13018040667
+13019095038
+13019097500
+13022055759
+13022565252
+13022798888
+13022898888
+13023072043
+13023082777
+13023218119
+13023510123
+13023512612
+13023532109
+13023560938
+13023946113
+13024065407
+13024341319
+13024809466
+13024952271
+13025083892
+13025205145
+13025512700
+13025521366
+13026153652
+13026376408
+13026889283
+13027798802
+13027820321
+13027890357
+13028280829
+13029273338
+13032000650
+13032004794
+13032144070
+13032175293
+13032187301
+13032198807
+13032215376
+13032229000
+13032260000
+13032264906
+13032273424
+13032279407
+13032322910
+13032381018
+13032584169
+13032643193
+13032645493
+13032764106
+13032766828
+13032826121
+13032864737
+13032880800
+13032883431
+13032901886
+13032920302
+13032921115
+13032935840
+13032971919
+13032974737
+13033020707
+13033049523
+13033133333
+13033157387
+13033182460
+13033221717
+13033238191
+13033275498
+13033377773
+13033403401
+13033432042
+13033550083
+13033624290
+13033767532
+13033811972
+13033853717
+13033889601
+13033960971
+13034054606
+13034244461
+13034266996
+13034287042
+13034312673
+13034421870
+13034497325
+13034583420
+13034600170
+13034605101
+13034664224
+13034685905
+13034711407
+13034822920
+13034883323
+13034939182
+13034945089
+13034998098
+13035005159
+13035018275
+13035044247
+13035249524
+13035322937
+13035324906
+13035365944
+13035371844
+13035471173
+13035658037
+13035660216
+13035678728
+13035696173
+13035714747
+13035860928
+13035866165
+13035936843
+13036022116
+13036218660
+13036226000
+13036226001
+13036226002
+13036300566
+13036301624
+13036324263
+13036355354
+13036505555
+13036582410
+13036618173
+13036847346
+13036879874
+13036903458
+13036960940
+13036974248
+13037108159
+13037121837
+13037143704
+13037283888
+13037395309
+13037415799
+13037473739
+13037492565
+13037552575
+13037558454
+13037573888
+13037595666
+13037719465
+13037767656
+13037779960
+13038009609
+13038026938
+13038058635
+13038203212
+13038306607
+13038344178
+13038353717
+13038388466
+13038439051
+13038474524
+13038570927
+13038623690
+13038653729
+13038654943
+13038791220
+13039007318
+13039207416
+13039226729
+13039259617
+13039271378
+13039344993
+13039349135
+13039351406
+13039406949
+13039514427
+13039524009
+13039528632
+13039542160
+13039638584
+13039728620
+13039759750
+13042123500
+13042430197
+13042491090
+13042507893
+13042564284
+13043032895
+13043367324
+13043371575
+13043635704
+13043819500
+13044036685
+13044353917
+13044439849
+13044613775
+13045380560
+13045537472
+13045537486
+13045791472
+13045969203
+13046052532
+13046835724
+13046990769
+13047332729
+13047568889
+13048410108
+13048503704
+13048537831
+13048852018
+13048852049
+13049029108
+13049032005
+13049056970
+13049375415
+13049462888
+13049704453
+13049716085
+13049788294
+13049960632
+13052333913
+13052334432
+13052393693
+13052541700
+13052557474
+13053430316
+13053562700
+13054061604
+13054147451
+13054331426
+13054543221
+13054549220
+13054819644
+13055034151
+13055034188
+13055037548
+13055038807
+13055645923
+13056334000
+13056384957
+13056477932
+13056515822
+13056549400
+13056764110
+13056843697
+13057021500
+13057031717
+13057312595
+13057519313
+13057581330
+13058143271
+13058901989
+13058921111
+13058958737
+13059456799
+13064193354
+13064262560
+13064642577
+13065630700
+13066575849
+13066646666
+13068229580
+13068622024
+13072246060
+13072278615
+13072749009
+13072749019
+13072753135
+13072927448
+13074019832
+13074498173
+13074622002
+13074622222
+13074622700
+13078888262
+13082485913
+13083010540
+13083929300
+13083929500
+13084070893
+13085367128
+13092238788
+13092238805
+13092821846
+13092823333
+13092864917
+13093129642
+13093979578
+13094811622
+13095509900
+13096106806
+13096226775
+13097101730
+13097999049
+13099000891
+13099482500
+13103887606
+13104212501
+13104847272
+13105680066
+13105825810
+13105825811
+13105825812
+13105825813
+13105825814
+13105825840
+13105825841
+13105825844
+13105825846
+13105825847
+13105951804
+13106711146
+13106918000
+13106946555
+13107345577
+13107462366
+13107463265
+13107580813
+13108378395
+13108733264
+13109054981
+13109292747
+13109333187
+13109333188
+13109335378
+13109656395
+13109824777
+13109938424
+13122017744
+13122025894
+13122070158
+13122072125
+13122107795
+13122124321
+13122222820
+13122248865
+13122642222
+13123136496
+13123243338
+13123254999
+13123272323
+13123481582
+13124684168
+13124687705
+13125332885
+13125356855
+13125421411
+13125486833
+13126007700
+13126007701
+13126007702
+13126051692
+13126171725
+13126262548
+13126376157
+13126639100
+13126647400
+13126670883
+13127487143
+13127673719
+13127673894
+13127830104
+13128031100
+13128034444
+13128729568
+13129109755
+13129577925
+13129621000
+13129625801
+13132087339
+13132096830
+13132282465
+13132466975
+13132544354
+13132544356
+13132544455
+13132635426
+13132868929
+13132881911
+13133051335
+13133324184
+13133324186
+13133387136
+13133510956
+13133611616
+13133614844
+13133674060
+13133979957
+13134010013
+13134295082
+13134443980
+13134517988
+13134569864
+13134819302
+13134819330
+13134819338
+13134819341
+13134819348
+13135276969
+13135337710
+13135389796
+13135417000
+13135469594
+13135524457
+13135695930
+13135720648
+13135726682
+13135861111
+13136224754
+13136315923
+13137407277
+13137491111
+13137500771
+13138007512
+13138171370
+13138552219
+13138572152
+13138624568
+13139159241
+13139645744
+13139891300
+13139924201
+13142607636
+13142664853
+13142664855
+13142667636
+13142708128
+13143447276
+13143701359
+13143827690
+13143841840
+13143930400
+13144145900
+13144402149
+13144708899
+13144848756
+13145539110
+13146281464
+13146566170
+13146570050
+13146682062
+13146781616
+13146784444
+13146788887
+13146788970
+13146960028
+13147324385
+13147324387
+13147549009
+13147562040
+13147562060
+13147562222
+13147562323
+13148021700
+13148851036
+13149322562
+13149341181
+13149469015
+13149790830
+13149930517
+13152265119
+13152741334
+13152921800
+13154179337
+13155334921
+13155514444
+13156301501
+13157015855
+13157432051
+13158286900
+13158490009
+13159493958
+13159493960
+13159493968
+13162023391
+13162189273
+13162450023
+13163204842
+13163920221
+13164008357
+13164481407
+13164482372
+13164482373
+13164485074
+13164485100
+13164485500
+13164537192
+13164650402
+13166666551
+13166831199
+13166875969
+13167460087
+13167651111
+13167656565
+13168882567
+13172254993
+13172461340
+13172742298
+13172850275
+13172994934
+13173064560
+13173158514
+13173347467
+13173501099
+13173509571
+13174018241
+13174129613
+13174277453
+13174561630
+13174566322
+13174637331
+13174648856
+13174899006
+13174899415
+13174944642
+13175201795
+13175203342
+13175208275
+13175265609
+13175434147
+13175502557
+13175589593
+13175768922
+13175930627
+13175942761
+13175948600
+13176141547
+13176151208
+13176249212
+13176446666
+13176668117
+13176773333
+13177128623
+13177215104
+13177236369
+13177321034
+13177367119
+13177540922
+13177544000
+13177577305
+13177588932
+13177629540
+13177776105
+13177882629
+13178085700
+13178540527
+13178555987
+13178934482
+13179531564
+13179825277
+13179833589
+13179835746
+13179848707
+13179911661
+13182064575
+13182172062
+13182172950
+13184080303
+13184095506
+13184509153
+13184964681
+13185639177
+13185762892
+13185766896
+13185775576
+13185824392
+13186331048
+13186672859
+13186858285
+13187519700
+13187519900
+13187656161
+13188246552
+13189421307
+13192126373
+13192139500
+13192142259
+13192149745
+13192455281
+13193180924
+13193196949
+13193322389
+13193633144
+13194078998
+13194249495
+13194326666
+13195690573
+13195881317
+13202076724
+13203269000
+13203459595
+13203459999
+13203741111
+13204001014
+13206444702
+13207246364
+13207740161
+13208554095
+13212099202
+13212174220
+13212376824
+13212412999
+13212744604
+13212744642
+13213360679
+13213364224
+13213508546
+13213788946
+13213927640
+13213928646
+13213952963
+13213958327
+13213958340
+13213958702
+13213958866
+13213993364
+13214048061
+13214048063
+13214173807
+13214625002
+13214991876
+13216667374
+13217324484
+13218320000
+13218661469
+13219522769
+13232009256
+13232096515
+13232141100
+13232669279
+13233024322
+13233159090
+13233183201
+13233194374
+13234100657
+13234101381
+13234385121
+13234437388
+13235032428
+13235054488
+13235279003
+13236182844
+13237177227
+13237735884
+13237923592
+13237963193
+13238742656
+13239248782
+13239480308
+13239524098
+13239601597
+13239777556
+13239849901
+13239963292
+13252083076
+13252195376
+13252220819
+13252255264
+13252378882
+13252601234
+13252601515
+13252601934
+13252753154
+13253409500
+13253409999
+13257481090
+13263004165
+13263368969
+13266000314
+13266977806
+13266977914
+13269009086
+13289509799
+13292031875
+13292060408
+13292063258
+13302475600
+13303040797
+13304017168
+13304226710
+13304704433
+13305542285
+13305727777
+13305729955
+13305930000
+13305978426
+13306224444
+13306390000
+13307314100
+13307524368
+13307524379
+13308186856
+13308492866
+13308783998
+13308945003
+13308945006
+13308945036
+13309681252
+13312022306
+13312023204
+13312109906
+13312258642
+13312492624
+13317328274
+13317586772
+13322484763
+13322536150
+13322863377
+13322917039
+13323016006
+13342702908
+13343868081
+13344448105
+13344502500
+13344811069
+13344811073
+13345095099
+13345570367
+13346050001
+13346950001
+13347849978
+13349426705
+13362261326
+13362315919
+13362320069
+13362320094
+13362320096
+13362457777
+13362525353
+13362762726
+13363449639
+13363819998
+13363961066
+13364558000
+13364852192
+13365461488
+13365579664
+13365896073
+13365946910
+13366095555
+13366630840
+13367906515
+13367906516
+13368000095
+13368508398
+13369153335
+13372210437
+13373141234
+13373142428
+13373142432
+13373142435
+13373307832
+13374713087
+13374719832
+13376564500
+13376564700
+13376747356
+13378068556
+13379049457
+13379994209
+13392128060
+13392225134
+13392450139
+13392450140
+13393097000
+13394699999
+13407741441
+13412348673
+13412348966
+13412687123
+13413368260
+13413486580
+13413569945
+13418006070
+13418379074
+13419000567
+13419463384
+13433020214
+13433810094
+13433874589
+13433900709
+13434771931
+13437122431
+13439228525
+13443530002
+13443996965
+13453501900
+13454766057
+13462165977
+13462261887
+13462570423
+13462801204
+13462977132
+13463108610
+13463232211
+13463304491
+13463333232
+13463434508
+13463435001
+13463465252
+13463468987
+13463804646
+13463960842
+13464622219
+13465175222
+13465224167
+13465450641
+13465509331
+13465762390
+13465953306
+13465999398
+13466014687
+13466769373
+13466842425
+13466863798
+13467093943
+13467715008
+13467888364
+13468742114
+13468745094
+13469137230
+13469985368
+13472026678
+13472049408
+13472487910
+13472889654
+13473347030
+13473347032
+13473347033
+13473347034
+13473347036
+13473347038
+13473347040
+13474603011
+13474977057
+13474977058
+13475394581
+13475394583
+13475546685
+13475666877
+13475739389
+13477538169
+13477888678
+13478945765
+13478945769
+13478945780
+13509005987
+13509609185
+13512054928
+13512084307
+13512398141
+13513595030
+13515886144
+13519000029
+13519995504
+13522048806
+13522244260
+13522481124
+13522481126
+13522481128
+13522481130
+13523255801
+13523531248
+13523985094
+13524140460
+13524147700
+13524391032
+13524648953
+13525478708
+13525502384
+13526456565
+13526733445
+13527431065
+13527494247
+13528241063
+13528641232
+13552044939
+13559022121
+13602035270
+13602070357
+13602174444
+13602225458
+13602531307
+13603254369
+13603300059
+13603593005
+13604172062
+13604471139
+13604516476
+13605232578
+13605396000
+13605662154
+13605734272
+13605831587
+13606034975
+13606351801
+13606392700
+13607090100
+13607364825
+13607874476
+13607940561
+13607957926
+13608137728
+13608164444
+13608616638
+13609245859
+13609523333
+13609972444
+13609978838
+13612083690
+13612499500
+13612499700
+13614000632
+13614272241
+13614916909
+13615410707
+13615560033
+13615564939
+13615611552
+13615614400
+13615616262
+13616769307
+13618999466
+13619292990
+13619908373
+13632221550
+13642000039
+13644880389
+13652045437
+13656453000
+13656485011
+13657958080
+13658267023
+13683388398
+13685509325
+13692166437
+13774925298
+13802061515
+13802188610
+13802448230
+13803217696
+13809008778
+13809009630
+13823093514
+13828075133
+13852135955
+13852162831
+13852279272
+13852540401
+13852970820
+13853761890
+13854101853
+13854174486
+13854689786
+13855277147
+13855370336
+13855384082
+13855510894
+13855569961
+13858321297
+13858555294
+13862183561
+13862212720
+13862333500
+13862360505
+13863373158
+13863373231
+13863538925
+13863880961
+13863880972
+13865290568
+13865325682
+13866593471
+13866618210
+13868986490
+13869440379
+13869680900
+13989552742
+14012237338
+14012348510
+14012352296
+14012690052
+14012838344
+14013084477
+14013248299
+14013555044
+14013851965
+14013993348
+14014146227
+14014272900
+14014272909
+14014500101
+14014600450
+14015160277
+14015228848
+14016264122
+14016619100
+14016620135
+14018294748
+14018620107
+14019249851
+14019924444
+14022045951
+14022050859
+14022074729
+14022160327
+14022160328
+14022160329
+14022521955
+14022598052
+14022638146
+14022648521
+14023956890
+14024079912
+14024333744
+14024748408
+14024748414
+14025817256
+14025851415
+14026278900
+14027159600
+14027189241
+14027949002
+14028029001
+14028442030
+14028535433
+14028699843
+14028813333
+14028984225
+14029708080
+14029731711
+14032899317
+14033088838
+14033133311
+14033299360
+14034781895
+14037700990
+14037779494
+14038792597
+14038876448
+14042144242
+14042201914
+14042338311
+14042447000
+14043818680
+14043818681
+14043820179
+14044461202
+14044589044
+14044619783
+14044965200
+14045414497
+14045545957
+14045855200
+14045855201
+14045855202
+14046477572
+14046477708
+14047207777
+14047209999
+14047450057
+14047511769
+14048007393
+14048064811
+14048154403
+14048158774
+14048178590
+14048508206
+14048508620
+14048509325
+14048572237
+14048689284
+14048732234
+14049025204
+14049068455
+14049211000
+14049418709
+14049651111
+14052420407
+14052421277
+14052518822
+14052770628
+14053032206
+14053374823
+14053695975
+14054152000
+14054162000
+14054482490
+14054522422
+14054559505
+14055073390
+14055482251
+14055846049
+14056012000
+14056327177
+14056465082
+14056498944
+14056659257
+14056699010
+14056876928
+14057056707
+14057084048
+14057084049
+14057085895
+14057253225
+14057845796
+14058132235
+14058132244
+14058132254
+14058132258
+14058132725
+14059391384
+14059770869
+14062139615
+14062721448
+14063060245
+14063241278
+14063247004
+14063247012
+14063247090
+14063719020
+14063719500
+14063719991
+14063823418
+14064150133
+14065000269
+14066243333
+14066685152
+14067193674
+14067198616
+14067585610
+14068004125
+14068529578
+14069873277
+14072093050
+14072103737
+14072357391
+14072644071
+14073073210
+14073073320
+14073162068
+14073390002
+14073570432
+14073670666
+14073744400
+14073744401
+14073744402
+14073863069
+14073901448
+14074185555
+14074258064
+14074310205
+14074498218
+14074597415
+14074598974
+14075301903
+14075453324
+14075457432
+14075736672
+14075915598
+14076023189
+14076271930
+14077021465
+14077030742
+14077531050
+14078037000
+14078709784
+14079318972
+14079466292
+14079650265
+14079821022
+14079824590
+14079824591
+14082182477
+14082284784
+14082434355
+14082567801
+14083103339
+14083721730
+14083722240
+14083722492
+14084096240
+14084131600
+14084139133
+14085141424
+14085490446
+14085658631
+14085993310
+14086001867
+14086003333
+14086482600
+14087054445
+14087067089
+14087402188
+14087660339
+14087778800
+14089031180
+14089966303
+14092101344
+14092259500
+14092259898
+14092740940
+14096002450
+14096678005
+14097770041
+14098120400
+14098121111
+14099040164
+14099083718
+14102317920
+14102441800
+14102461600
+14103308814
+14103721400
+14104629596
+14105873804
+14105876050
+14106733600
+14107179073
+14108642200
+14109864328
+14109864333
+14122356299
+14123148222
+14124073119
+14125242610
+14125242712
+14125242812
+14125343517
+14125433333
+14125562349
+14125661866
+14125676200
+14125951602
+14126320096
+14126460695
+14126560695
+14126626425
+14126669305
+14126669324
+14126669326
+14126669328
+14126669338
+14126740203
+14126977400
+14128570050
+14128722222
+14128732389
+14128940175
+14129037777
+14129218088
+14132721111
+14133623300
+14134323019
+14134390631
+14134390676
+14134391500
+14134908071
+14138673002
+14142037000
+14142143030
+14142461339
+14142610574
+14142961676
+14143269611
+14143485192
+14143634896
+14144046675
+14144136153
+14144372246
+14144372961
+14144374358
+14144375345
+14144375375
+14144376412
+14144378469
+14144378791
+14144555216
+14144655413
+14144770449
+14148122991
+14148479455
+14149084020
+14149184023
+14149184032
+14149184035
+14149284737
+14149391988
+14152311436
+14152485193
+14152660127
+14153017632
+14153129825
+14153354226
+14153903930
+14153919349
+14153972596
+14154021000
+14154300606
+14154301212
+14154334020
+14154596330
+14154800000
+14154938994
+14154955573
+14155039522
+14155692439
+14155697976
+14156260309
+14156445710
+14156568119
+14156801500
+14156858425
+14156925776
+14157238519
+14157295346
+14157295358
+14157357419
+14157422584
+14157422607
+14157663444
+14157663446
+14157663447
+14157663448
+14157663450
+14157663451
+14157663454
+14157663461
+14157675115
+14157760212
+14157818222
+14157886765
+14158127221
+14158146664
+14158191875
+14158308800
+14158308801
+14158308802
+14158340662
+14158898040
+14159172567
+14159945505
+14162448074
+14163578489
+14164393619
+14164987111
+14166394005
+14166468091
+14167244444
+14167349833
+14167784300
+14168323443
+14169666725
+14172083500
+14172167904
+14172392746
+14172725633
+14172738967
+14173175228
+14173626292
+14174092115
+14174217227
+14174339724
+14174988511
+14175201200
+14175454316
+14175790352
+14175860453
+14176049953
+14176186417
+14176502736
+14176986641
+14177089592
+14177356523
+14177992800
+14177997897
+14178299979
+14179294311
+14182190570
+14182661900
+14184065773
+14184095201
+14184164969
+14185205473
+14185464555
+14186339162
+14187176744
+14187546081
+14189548196
+14193133918
+14193241111
+14193247700
+14194649130
+14194968694
+14195939452
+14197191848
+14197243625
+14197545133
+14197608726
+14198539885
+14199126770
+14199302020
+14199305018
+14199309393
+14232659999
+14232740874
+14233818203
+14233862424
+14233900498
+14234559247
+14235175477
+14235359999
+14235777065
+14235916666
+14235977142
+14236027070
+14236419871
+14236521051
+14236717589
+14236826860
+14237610278
+14237939998
+14238222465
+14238262400
+14238922221
+14239222545
+14239240980
+14239460690
+14239556368
+14239605662
+14239661982
+14242046376
+14242090333
+14242346351
+14242347008
+14242351892
+14242653093
+14242853500
+14243425556
+14244328787
+14245031825
+14245595785
+14245611509
+14246675385
+14246722105
+14247570836
+14247571900
+14248666962
+14252233690
+14252495600
+14252499000
+14252729045
+14253107112
+14253647195
+14253647372
+14253941450
+14254946620
+14255005738
+14255178699
+14255419718
+14255462228
+14255810258
+14255851154
+14255894800
+14256352970
+14256869851
+14258181100
+14258231114
+14258328616
+14259281055
+14259401814
+14302013828
+14302022416
+14303247874
+14303547610
+14303554981
+14305008884
+14308374242
+14312991244
+14315000774
+14315000781
+14315001013
+14315010763
+14317241449
+14317594487
+14322166764
+14322181766
+14322192156
+14322429180
+14322727000
+14322728500
+14322728888
+14322975345
+14323076602
+14323217080
+14323240773
+14323470470
+14324224632
+14324657606
+14326936228
+14327776134
+14328784893
+14342156192
+14342460254
+14342733193
+14342733906
+14343370364
+14343567118
+14343569478
+14343570922
+14343999326
+14344229100
+14344229500
+14344229700
+14345005377
+14345091172
+14345951942
+14348184053
+14348529325
+14348886126
+14349338479
+14352285756
+14352647850
+14352680321
+14352899821
+14355780202
+14356080646
+14356551467
+14357147320
+14357543500
+14357709190
+14372328363
+14372435007
+14373780525
+14377778175
+14377841722
+14379885701
+14383624610
+14387030727
+14387711418
+14402070858
+14402183614
+14403107070
+14403257777
+14403401994
+14403636629
+14404537584
+14404994270
+14405800099
+14406169932
+14406381598
+14406717996
+14406969696
+14407659712
+14407996666
+14408445243
+14408820000
+14409068056
+14409069762
+14422557834
+14422785854
+14423029240
+14423368095
+14423635698
+14423863365
+14428425933
+14429003216
+14432276224
+14432287298
+14432700133
+14432782402
+14432782525
+14433351098
+14434059483
+14434098141
+14434098945
+14434511624
+14437317718
+14438443844
+14439093106
+14439269595
+14439277141
+14439278888
+14439493300
+14439493800
+14439574889
+14439927435
+14452051878
+14452343396
+14454555263
+14476006250
+14477478890
+14477586431
+14482023999
+14482080244
+14482202713
+14482286934
+14482337454
+14482367822
+14482370465
+14482379735
+14482408191
+14482499677
+14503301985
+14505000131
+14505931454
+14506264124
+14507994376
+14582015245
+14582016270
+14582156692
+14582521349
+14582793804
+14585007710
+14588880198
+14632007662
+14632201720
+14632250067
+14632251055
+14643333873
+14644003014
+14647779995
+14649999801
+14692049135
+14692142012
+14692535766
+14692567585
+14692676139
+14692709057
+14692899449
+14693075012
+14693171508
+14693318214
+14693668170
+14693950606
+14694215951
+14694249903
+14694617775
+14694701972
+14694806014
+14694871000
+14694879990
+14695024668
+14695210909
+14695286303
+14695301754
+14695751518
+14696005732
+14696060661
+14696201019
+14696382933
+14696473593
+14696667446
+14696779811
+14696995508
+14697283443
+14697319969
+14698133600
+14699040692
+14699070725
+14699089764
+14699089937
+14699190713
+14699400764
+14699771278
+14699815885
+14699913698
+14699981191
+14699989288
+14702052317
+14702201952
+14702293423
+14702484710
+14702752869
+14702890444
+14703860024
+14704010846
+14704374583
+14704406624
+14704407538
+14704409975
+14704432181
+14704746922
+14704920648
+14704922669
+14705956367
+14706713031
+14706816005
+14707056667
+14707349384
+14707359505
+14708055676
+14708225048
+14708450873
+14708647843
+14708657238
+14708756149
+14708812943
+14709052607
+14709285278
+14709444482
+14709645117
+14709949793
+14722380564
+14752213992
+14753613652
+14753742379
+14753790246
+14754475378
+14756551189
+14756888654
+14756888716
+14757504605
+14757588349
+14757662350
+14759463325
+14759777443
+14759990354
+14782003585
+14782381987
+14782389009
+14782412551
+14782434447
+14782579700
+14783144015
+14783144141
+14783318210
+14783895275
+14793160015
+14793323978
+14794252300
+14794499567
+14794600066
+14794854965
+14795510500
+14795901779
+14797175555
+14798957999
+14799351300
+14802109773
+14802648954
+14802894666
+14803066287
+14803146952
+14803205232
+14803211922
+14803807391
+14803843473
+14804074648
+14804387086
+14804621595
+14804706889
+14804775555
+14804807879
+14804827156
+14805050303
+14805420000
+14805610194
+14805670294
+14806026341
+14806330324
+14806365997
+14806464525
+14806538561
+14806563999
+14806663131
+14806665886
+14806791880
+14806922887
+14806967472
+14806997289
+14807011932
+14807875270
+14808080448
+14808222933
+14808277254
+14808403390
+14808567044
+14808967238
+14809096063
+14809142181
+14809190289
+14809333204
+14809375852
+14809435077
+14809663487
+14809679052
+14809927523
+14842048845
+14842053937
+14842186414
+14842232053
+14842299493
+14842554747
+14843411010
+14844239908
+14844409251
+14844581010
+14845245189
+14845247292
+14845482593
+14847143636
+14848911877
+14848919769
+15012945939
+15012950119
+15013130865
+15014061258
+15015767497
+15016250814
+15016930469
+15017072300
+15017709958
+15019101202
+15019607843
+15019751234
+15019753502
+15019753504
+15022059634
+15022068025
+15022336274
+15022367291
+15022367589
+15023253093
+15023345628
+15023346360
+15023346525
+15023349110
+15023349218
+15023571696
+15023582485
+15023583211
+15023583229
+15023583415
+15023583418
+15023608316
+15023909224
+15023989313
+15024373432
+15024533545
+15024533554
+15024625535
+15024694142
+15024694143
+15024699080
+15024699520
+15024800365
+15025264322
+15025265955
+15025493156
+15026536600
+15027264648
+15028141528
+15028141535
+15028141536
+15028158802
+15028608140
+15028620986
+15028621543
+15028621764
+15028621775
+15028623084
+15028624397
+15028624463
+15028627760
+15028627777
+15028627851
+15028713500
+15028797015
+15028797937
+15028799665
+15028799895
+15029921000
+15032059500
+15032067350
+15032134179
+15032134180
+15032222428
+15032273023
+15032311606
+15032319611
+15032326813
+15032361125
+15032523529
+15032538765
+15032555039
+15032560527
+15032736569
+15032785708
+15032878900
+15032902200
+15033172394
+15033344100
+15033344101
+15033344102
+15034271915
+15034367160
+15034367197
+15035289134
+15035671549
+15036084132
+15036622698
+15037342831
+15037475725
+15037608128
+15037669366
+15037722907
+15037744513
+15037745220
+15038024848
+15038205050
+15038870392
+15039121658
+15039142695
+15039286333
+15042409789
+15042701014
+15042744965
+15042917256
+15042917396
+15042917406
+15042917432
+15042917483
+15044371889
+15046070652
+15046174800
+15047174201
+15047996500
+15048402536
+15049040400
+15049040427
+15052129009
+15052160808
+15052165665
+15052165666
+15052169393
+15052198095
+15052247266
+15053147777
+15053173407
+15053382626
+15053467777
+15053992839
+15054413296
+15055780813
+15056310333
+15056663574
+15057154320
+15057155262
+15057173700
+15058357880
+15059201699
+15059381066
+15059381071
+15059827575
+15059980284
+15062292945
+15065249014
+15066040653
+15066274791
+15066992356
+15066992384
+15066992460
+15066992492
+15072269600
+15072269700
+15072912321
+15072950086
+15073003619
+15073158576
+15075033292
+15075777330
+15077021821
+15082024525
+15082029156
+15082045591
+15083000820
+15083321220
+15083321565
+15083323123
+15083569400
+15084094100
+15084194657
+15084366887
+15084366889
+15084381243
+15084381246
+15084530971
+15084754567
+15086359595
+15086394866
+15086924040
+15087318585
+15088416001
+15088585262
+15089521450
+15089603991
+15089603992
+15092098816
+15092130789
+15092140757
+15092159392
+15092367124
+15092895070
+15093150655
+15093192309
+15093212200
+15093212828
+15094368140
+15094730895
+15094819999
+15095080192
+15095297176
+15096202415
+15096413253
+15096443997
+15096522613
+15096761000
+15096761001
+15096761002
+15096761003
+15096761004
+15096761005
+15096761006
+15096761007
+15096761008
+15096761009
+15096761010
+15096761011
+15096761012
+15096761013
+15096761014
+15096761015
+15096761016
+15096761017
+15096761018
+15096761019
+15096761020
+15096761021
+15096761022
+15096761023
+15096761024
+15096761025
+15096761026
+15096761027
+15096761028
+15096761029
+15096761030
+15096761031
+15096761032
+15096761033
+15096761034
+15096761035
+15096761036
+15096761037
+15096761038
+15096761039
+15096761040
+15096761041
+15096761042
+15096761043
+15096761044
+15096761045
+15096761046
+15096761047
+15096761048
+15096761049
+15096761050
+15096761051
+15096761052
+15096761053
+15096761054
+15096761055
+15096761056
+15096761057
+15096761058
+15096761059
+15096761060
+15096761061
+15096761062
+15096761063
+15096761064
+15096761065
+15096761066
+15096761067
+15096761068
+15096761069
+15096761070
+15096761071
+15096761072
+15096761073
+15096761074
+15096761075
+15096761076
+15096761077
+15096761078
+15096761079
+15096761080
+15096761081
+15096761082
+15096761083
+15096761084
+15096761085
+15096761086
+15096761087
+15096761088
+15096761089
+15096761090
+15096761091
+15096761092
+15096761093
+15096761094
+15096761095
+15096761096
+15096761097
+15096761098
+15096761099
+15096761100
+15096761101
+15096761102
+15096761103
+15096761104
+15096761105
+15096761106
+15096761107
+15096761108
+15096761109
+15096761110
+15096761111
+15096761112
+15096761113
+15096761114
+15096761115
+15096761116
+15096761117
+15096761118
+15096761119
+15096761120
+15096761121
+15096761122
+15096761123
+15096761124
+15096761125
+15096761126
+15096761127
+15096761128
+15096761129
+15096761130
+15096761131
+15096761132
+15096761133
+15096761134
+15096761135
+15096761136
+15096761137
+15096761138
+15096761139
+15096761140
+15096761141
+15096761142
+15096761143
+15096761144
+15096761145
+15096761146
+15096761147
+15096761148
+15096761149
+15096761150
+15096761151
+15096761152
+15096761153
+15096761154
+15096761155
+15096761156
+15096761157
+15096761158
+15096761159
+15096761160
+15096761161
+15096761162
+15096761163
+15096761164
+15096761165
+15096761166
+15096761167
+15096761168
+15096761169
+15096761170
+15096761171
+15096761172
+15096761173
+15096761174
+15096761175
+15096761176
+15096761177
+15096761178
+15096761179
+15096761180
+15096761181
+15096761182
+15096761183
+15096761184
+15096761185
+15096761186
+15096761187
+15096761188
+15096761189
+15096761190
+15096761191
+15096761192
+15096761193
+15096761194
+15096761195
+15096761196
+15096761197
+15096761198
+15096761199
+15096761200
+15096761201
+15096761202
+15096761203
+15096761204
+15096761205
+15096761206
+15096761207
+15096761208
+15096761209
+15096761210
+15096761211
+15096761212
+15096761213
+15096761214
+15096761215
+15096761216
+15096761217
+15096761218
+15096761219
+15096761220
+15096761221
+15096761222
+15096761223
+15096761224
+15096761225
+15096761226
+15096761227
+15096761228
+15096761229
+15096761230
+15096761231
+15096761232
+15096761233
+15096761234
+15096761235
+15096761236
+15096761237
+15096761238
+15096761239
+15096761240
+15096761241
+15096761242
+15096761243
+15096761244
+15096761245
+15096761246
+15096761247
+15096761248
+15096761249
+15096761250
+15096761251
+15096761252
+15096761253
+15096761254
+15096761255
+15096761256
+15096761257
+15096761258
+15096761259
+15096761260
+15096761261
+15096761262
+15096761263
+15096761264
+15096761265
+15096761266
+15096761267
+15096761268
+15096761269
+15096761270
+15096761271
+15096761272
+15096761273
+15096761274
+15096761275
+15096761276
+15096761277
+15096761278
+15096761279
+15096761280
+15096761281
+15096761282
+15096761283
+15096761284
+15096761285
+15096761286
+15096761287
+15096761288
+15096761289
+15096761290
+15096761291
+15096761292
+15096761293
+15096761294
+15096761295
+15096761296
+15096761297
+15096761298
+15096761299
+15096761300
+15096761301
+15096761302
+15096761303
+15096761304
+15096761305
+15096761306
+15096761307
+15096761308
+15096761309
+15096761310
+15096761311
+15096761312
+15096761313
+15096761314
+15096761315
+15096761316
+15096761317
+15096761318
+15096761319
+15096761320
+15096761321
+15096761322
+15096761323
+15096761324
+15096761325
+15096761326
+15096761327
+15096761328
+15096761329
+15096761330
+15096761331
+15096761332
+15096761333
+15096761334
+15096761335
+15096761336
+15096761337
+15096761338
+15096761339
+15096761340
+15096761341
+15096761342
+15096761343
+15096761344
+15096761345
+15096761346
+15096761347
+15096761348
+15096761349
+15096761350
+15096761351
+15096761352
+15096761353
+15096761354
+15096761355
+15096761356
+15096761357
+15096761358
+15096761359
+15096761360
+15096761361
+15096761362
+15096761363
+15096761364
+15096761365
+15096761366
+15096761367
+15096761368
+15096761369
+15096761370
+15096761371
+15096761372
+15096761373
+15096761374
+15096761375
+15096761376
+15096761377
+15096761378
+15096761379
+15096761380
+15096761381
+15096761382
+15096761383
+15096761384
+15096761385
+15096761386
+15096761387
+15096761388
+15096761389
+15096761390
+15096761391
+15096761392
+15096761393
+15096761394
+15096761395
+15096761396
+15096761397
+15096761398
+15096761399
+15096761400
+15096761401
+15096761402
+15096761403
+15096761404
+15096761405
+15096761406
+15096761407
+15096761408
+15096761409
+15096761410
+15096761411
+15096761412
+15096761413
+15096761414
+15096761415
+15096761416
+15096761417
+15096761418
+15096761419
+15096761420
+15096761421
+15096761422
+15096761423
+15096761424
+15096761425
+15096761426
+15096761427
+15096761428
+15096761429
+15096761430
+15096761431
+15096761432
+15096761433
+15096761434
+15096761435
+15096761436
+15096761437
+15096761438
+15096761439
+15096761440
+15096761441
+15096761442
+15096761443
+15096761444
+15096761445
+15096761446
+15096761447
+15096761448
+15096761449
+15096761450
+15096761451
+15096761452
+15096761453
+15096761454
+15096761455
+15096761456
+15096761457
+15096761458
+15096761459
+15096761460
+15096761461
+15096761462
+15096761463
+15096761464
+15096761465
+15096761466
+15096761467
+15096761468
+15096761469
+15096761470
+15096761471
+15096761472
+15096761473
+15096761474
+15096761475
+15096761476
+15096761477
+15096761478
+15096761479
+15096761480
+15096761481
+15096761482
+15096761483
+15096761484
+15096761485
+15096761486
+15096761487
+15096761488
+15096761489
+15096761490
+15096761491
+15096761492
+15096761493
+15096761494
+15096761495
+15096761496
+15096761497
+15096761498
+15096761499
+15096761500
+15096761501
+15096761502
+15096761503
+15096761504
+15096761505
+15096761506
+15096761507
+15096761508
+15096761509
+15096761510
+15096761511
+15096761512
+15096761513
+15096761514
+15096761515
+15096761516
+15096761517
+15096761518
+15096761519
+15096761520
+15096761521
+15096761522
+15096761523
+15096761524
+15096761525
+15096761526
+15096761527
+15096761528
+15096761529
+15096761530
+15096761531
+15096761532
+15096761533
+15096761534
+15096761535
+15096761536
+15096761537
+15096761538
+15096761539
+15096761540
+15096761541
+15096761542
+15096761543
+15096761544
+15096761545
+15096761546
+15096761547
+15096761548
+15096761549
+15096761550
+15096761551
+15096761552
+15096761553
+15096761554
+15096761555
+15096761556
+15096761557
+15096761558
+15096761559
+15096761560
+15096761561
+15096761562
+15096761563
+15096761564
+15096761565
+15096761566
+15096761567
+15096761568
+15096761569
+15096761570
+15096761571
+15096761572
+15096761573
+15096761574
+15096761575
+15096761576
+15096761577
+15096761578
+15096761579
+15096761580
+15096761581
+15096761582
+15096761583
+15096761584
+15096761585
+15096761586
+15096761587
+15096761588
+15096761589
+15096761590
+15096761591
+15096761592
+15096761593
+15096761594
+15096761595
+15096761596
+15096761597
+15096761598
+15096761599
+15096761600
+15096761601
+15096761602
+15096761603
+15096761604
+15096761605
+15096761606
+15096761607
+15096761608
+15096761609
+15096761610
+15096761611
+15096761612
+15096761613
+15096761614
+15096761615
+15096761616
+15096761617
+15096761618
+15096761619
+15096761620
+15096761621
+15096761622
+15096761623
+15096761624
+15096761625
+15096761626
+15096761627
+15096761628
+15096761629
+15096761630
+15096761631
+15096761632
+15096761633
+15096761634
+15096761635
+15096761636
+15096761637
+15096761638
+15096761639
+15096761640
+15096761641
+15096761642
+15096761643
+15096761644
+15096761645
+15096761646
+15096761647
+15096761648
+15096761649
+15096761650
+15096761651
+15096761652
+15096761653
+15096761654
+15096761655
+15096761656
+15096761657
+15096761658
+15096761659
+15096761660
+15096761661
+15096761662
+15096761663
+15096761664
+15096761665
+15096761666
+15096761667
+15096761668
+15096761669
+15096761670
+15096761671
+15096761672
+15096761673
+15096761674
+15096761675
+15096761676
+15096761677
+15096761678
+15096761679
+15096761680
+15096761681
+15096761682
+15096761683
+15096761684
+15096761685
+15096761686
+15096761687
+15096761688
+15096761689
+15096761690
+15096761691
+15096761692
+15096761693
+15096761694
+15096761695
+15096761696
+15096761697
+15096761698
+15096761699
+15096761700
+15096761701
+15096761702
+15096761703
+15096761704
+15096761705
+15096761706
+15096761707
+15096761708
+15096761709
+15096761710
+15096761711
+15096761712
+15096761713
+15096761714
+15096761715
+15096761716
+15096761717
+15096761718
+15096761719
+15096761720
+15096761721
+15096761722
+15096761723
+15096761724
+15096761725
+15096761726
+15096761727
+15096761728
+15096761729
+15096761730
+15096761731
+15096761732
+15096761733
+15096761734
+15096761735
+15096761736
+15096761737
+15096761738
+15096761739
+15096761740
+15096761741
+15096761742
+15096761743
+15096761744
+15096761745
+15096761746
+15096761747
+15096761748
+15096761749
+15096761750
+15096761751
+15096761752
+15096761753
+15096761754
+15096761755
+15096761756
+15096761757
+15096761758
+15096761759
+15096761760
+15096761761
+15096761762
+15096761763
+15096761764
+15096761765
+15096761766
+15096761767
+15096761768
+15096761769
+15096761770
+15096761771
+15096761772
+15096761773
+15096761774
+15096761775
+15096761776
+15096761777
+15096761778
+15096761779
+15096761780
+15096761781
+15096761782
+15096761783
+15096761784
+15096761785
+15096761786
+15096761787
+15096761788
+15096761789
+15096761790
+15096761791
+15096761792
+15096761793
+15096761794
+15096761795
+15096761796
+15096761797
+15096761798
+15096761799
+15096761800
+15096761801
+15096761802
+15096761803
+15096761804
+15096761805
+15096761806
+15096761807
+15096761808
+15096761809
+15096761810
+15096761811
+15096761812
+15096761813
+15096761814
+15096761815
+15096761816
+15096761817
+15096761818
+15096761819
+15096761820
+15096761821
+15096761822
+15096761823
+15096761824
+15096761825
+15096761826
+15096761827
+15096761828
+15096761829
+15096761830
+15096761831
+15096761832
+15096761833
+15096761834
+15096761835
+15096761836
+15096761837
+15096761838
+15096761839
+15096761840
+15096761841
+15096761842
+15096761843
+15096761844
+15096761845
+15096761846
+15096761847
+15096761848
+15096761849
+15096761850
+15096761851
+15096761852
+15096761853
+15096761854
+15096761855
+15096761856
+15096761857
+15096761858
+15096761859
+15096761860
+15096761861
+15096761862
+15096761863
+15096761864
+15096761865
+15096761866
+15096761867
+15096761868
+15096761869
+15096761870
+15096761871
+15096761872
+15096761873
+15096761874
+15096761875
+15096761876
+15096761877
+15096761878
+15096761879
+15096761880
+15096761881
+15096761882
+15096761883
+15096761884
+15096761885
+15096761886
+15096761887
+15096761888
+15096761889
+15096761890
+15096761891
+15096761892
+15096761893
+15096761894
+15096761895
+15096761896
+15096761897
+15096761898
+15096761899
+15096761926
+15097240508
+15097323542
+15098325939
+15098765000
+15098765001
+15098765002
+15098765003
+15098765004
+15098765005
+15098765006
+15098765007
+15098765008
+15098765009
+15098765010
+15098765011
+15098765012
+15098765013
+15098765014
+15098765015
+15098765016
+15098765017
+15098765019
+15098765020
+15098765021
+15098765022
+15098765023
+15098765024
+15098765025
+15098765026
+15098765027
+15098765028
+15098765029
+15098765031
+15098765032
+15098765033
+15098765034
+15098765035
+15098765036
+15098765037
+15098765038
+15098765039
+15098765040
+15098765042
+15098765043
+15098765044
+15098765045
+15098765046
+15098765047
+15098765048
+15098765049
+15098765051
+15098765052
+15098765053
+15098765054
+15098765055
+15098765056
+15098765057
+15098765059
+15098765060
+15098765061
+15098765062
+15098765063
+15098765064
+15098765065
+15098765066
+15098765067
+15098765068
+15098765069
+15098765072
+15098765073
+15098765075
+15098765076
+15098765077
+15098765078
+15098765079
+15098765080
+15098765081
+15098765082
+15098765083
+15098765084
+15098765085
+15098765086
+15098765087
+15098765088
+15098765089
+15098765090
+15098765091
+15098765092
+15098765093
+15098765094
+15098765095
+15098765096
+15098765097
+15098765098
+15098765099
+15098765100
+15098765101
+15098765102
+15098765103
+15098765104
+15098765105
+15098765106
+15098765107
+15098765108
+15098765109
+15098765111
+15098765112
+15098765113
+15098765114
+15098765115
+15098765116
+15098765117
+15098765118
+15098765119
+15098765120
+15098765121
+15098765122
+15098765123
+15098765124
+15098765125
+15098765126
+15098765128
+15098765129
+15098765131
+15098765132
+15098765133
+15098765134
+15098765135
+15098765136
+15098765137
+15098765138
+15098765139
+15098765140
+15098765141
+15098765142
+15098765143
+15098765145
+15098765146
+15098765147
+15098765148
+15098765149
+15098765151
+15098765152
+15098765153
+15098765154
+15098765156
+15098765157
+15098765158
+15098765159
+15098765160
+15098765161
+15098765162
+15098765163
+15098765164
+15098765165
+15098765167
+15098765168
+15098765169
+15098765172
+15098765173
+15098765174
+15098765176
+15098765177
+15098765178
+15098765179
+15098765180
+15098765181
+15098765182
+15098765183
+15098765184
+15098765185
+15098765187
+15098765188
+15098765189
+15098765191
+15098765192
+15098765193
+15098765194
+15098765195
+15098765196
+15098765197
+15098765198
+15098765200
+15098765201
+15098765202
+15098765203
+15098765205
+15098765206
+15098765207
+15098765208
+15098765209
+15098765211
+15098765212
+15098765213
+15098765214
+15098765215
+15098765216
+15098765217
+15098765218
+15098765220
+15098765221
+15098765222
+15098765223
+15098765224
+15098765225
+15098765226
+15098765227
+15098765228
+15098765229
+15098765230
+15098765231
+15098765232
+15098765233
+15098765234
+15098765235
+15098765236
+15098765237
+15098765238
+15098765239
+15098765240
+15098765241
+15098765242
+15098765243
+15098765244
+15098765245
+15098765246
+15098765247
+15098765248
+15098765249
+15098765250
+15098765251
+15098765252
+15098765253
+15098765254
+15098765255
+15098765256
+15098765257
+15098765258
+15098765259
+15098765260
+15098765261
+15098765262
+15098765263
+15098765264
+15098765265
+15098765266
+15098765267
+15098765268
+15098765269
+15098765270
+15098765271
+15098765272
+15098765273
+15098765274
+15098765275
+15098765276
+15098765277
+15098765278
+15098765279
+15098765280
+15098765281
+15098765282
+15098765283
+15098765284
+15098765285
+15098765286
+15098765287
+15098765288
+15098765289
+15098765290
+15098765291
+15098765292
+15098765293
+15098765294
+15098765295
+15098765296
+15098765297
+15098765298
+15098765299
+15098765300
+15098765301
+15098765302
+15098765303
+15098765304
+15098765305
+15098765306
+15098765307
+15098765308
+15098765309
+15098765310
+15098765311
+15098765312
+15098765313
+15098765314
+15098765315
+15098765316
+15098765317
+15098765318
+15098765319
+15098765320
+15098765321
+15098765322
+15098765323
+15098765324
+15098765325
+15098765326
+15098765327
+15098765328
+15098765329
+15098765330
+15098765331
+15098765332
+15098765333
+15098765334
+15098765335
+15098765336
+15098765337
+15098765338
+15098765339
+15098765340
+15098765341
+15098765342
+15098765343
+15098765344
+15098765345
+15098765346
+15098765347
+15098765348
+15098765349
+15098765350
+15098765351
+15098765352
+15098765353
+15098765354
+15098765355
+15098765356
+15098765357
+15098765358
+15098765359
+15098765360
+15098765361
+15098765362
+15098765363
+15098765364
+15098765365
+15098765366
+15098765367
+15098765368
+15098765369
+15098765370
+15098765371
+15098765372
+15098765373
+15098765374
+15098765375
+15098765376
+15098765377
+15098765378
+15098765379
+15098765380
+15098765381
+15098765382
+15098765383
+15098765384
+15098765385
+15098765386
+15098765387
+15098765388
+15098765389
+15098765390
+15098765391
+15098765392
+15098765393
+15098765394
+15098765395
+15098765396
+15098765397
+15098765398
+15098765399
+15098765400
+15098765401
+15098765402
+15098765403
+15098765404
+15098765405
+15098765406
+15098765407
+15098765408
+15098765409
+15098765410
+15098765411
+15098765412
+15098765413
+15098765414
+15098765415
+15098765416
+15098765417
+15098765418
+15098765419
+15098765420
+15098765421
+15098765422
+15098765423
+15098765424
+15098765425
+15098765426
+15098765427
+15098765428
+15098765429
+15098765430
+15098765431
+15098765432
+15098765433
+15098765434
+15098765435
+15098765436
+15098765437
+15098765438
+15098765439
+15098765440
+15098765441
+15098765442
+15098765443
+15098765444
+15098765445
+15098765446
+15098765447
+15098765448
+15098765449
+15098765450
+15098765451
+15098765452
+15098765453
+15098765454
+15098765455
+15098765456
+15098765457
+15098765458
+15098765459
+15098765460
+15098765461
+15098765462
+15098765463
+15098765464
+15098765465
+15098765466
+15098765467
+15098765468
+15098765469
+15098765470
+15098765471
+15098765472
+15098765473
+15098765474
+15098765475
+15098765476
+15098765477
+15098765478
+15098765479
+15098765480
+15098765481
+15098765482
+15098765483
+15098765484
+15098765485
+15098765486
+15098765487
+15098765488
+15098765489
+15098765490
+15098765491
+15098765492
+15098765493
+15098765494
+15098765495
+15098765496
+15098765497
+15098765498
+15098765499
+15098765500
+15098765501
+15098765502
+15098765503
+15098765504
+15098765505
+15098765506
+15098765507
+15098765508
+15098765509
+15098765510
+15098765511
+15098765512
+15098765513
+15098765514
+15098765515
+15098765516
+15098765517
+15098765518
+15098765519
+15098765520
+15098765521
+15098765522
+15098765523
+15098765524
+15098765525
+15098765526
+15098765527
+15098765528
+15098765529
+15098765530
+15098765531
+15098765532
+15098765533
+15098765534
+15098765535
+15098765536
+15098765537
+15098765538
+15098765539
+15098765540
+15098765541
+15098765542
+15098765543
+15098765544
+15098765545
+15098765546
+15098765547
+15098765548
+15098765549
+15098765550
+15098765551
+15098765552
+15098765553
+15098765554
+15098765555
+15098765556
+15098765557
+15098765558
+15098765559
+15098765560
+15098765561
+15098765562
+15098765563
+15098765564
+15098765565
+15098765566
+15098765567
+15098765568
+15098765569
+15098765570
+15098765571
+15098765572
+15098765573
+15098765574
+15098765575
+15098765576
+15098765577
+15098765578
+15098765579
+15098765580
+15098765581
+15098765582
+15098765583
+15098765584
+15098765585
+15098765586
+15098765587
+15098765588
+15098765589
+15098765590
+15098765591
+15098765592
+15098765593
+15098765594
+15098765595
+15098765596
+15098765597
+15098765598
+15098765599
+15098765600
+15098765601
+15098765602
+15098765603
+15098765604
+15098765605
+15098765606
+15098765607
+15098765608
+15098765609
+15098765611
+15098765612
+15098765614
+15098765615
+15098765617
+15098765618
+15098765619
+15098765620
+15098765621
+15098765622
+15098765623
+15098765624
+15098765627
+15098765628
+15098765629
+15098765631
+15098765633
+15098765635
+15098765636
+15098765637
+15098765638
+15098765639
+15098765640
+15098765641
+15098765642
+15098765644
+15098765645
+15098765646
+15098765647
+15098765648
+15098765649
+15098765650
+15098765651
+15098765652
+15098765653
+15098765654
+15098765655
+15098765656
+15098765657
+15098765658
+15098765659
+15098765660
+15098765661
+15098765662
+15098765663
+15098765664
+15098765665
+15098765666
+15098765667
+15098765668
+15098765669
+15098765670
+15098765671
+15098765672
+15098765673
+15098765674
+15098765675
+15098765676
+15098765677
+15098765678
+15098765679
+15098765680
+15098765681
+15098765682
+15098765683
+15098765684
+15098765685
+15098765686
+15098765687
+15098765688
+15098765689
+15098765690
+15098765691
+15098765692
+15098765693
+15098765694
+15098765695
+15098765696
+15098765697
+15098765698
+15098765699
+15098765700
+15098765701
+15098765702
+15098765703
+15098765704
+15098765705
+15098765706
+15098765707
+15098765708
+15098765709
+15098765710
+15098765711
+15098765712
+15098765713
+15098765714
+15098765715
+15098765716
+15098765717
+15098765718
+15098765719
+15098765720
+15098765721
+15098765722
+15098765723
+15098765724
+15098765725
+15098765726
+15098765727
+15098765728
+15098765729
+15098765730
+15098765731
+15098765732
+15098765733
+15098765734
+15098765735
+15098765736
+15098765737
+15098765738
+15098765739
+15098765740
+15098765741
+15098765742
+15098765743
+15098765744
+15098765745
+15098765746
+15098765747
+15098765748
+15098765749
+15098765750
+15098765751
+15098765752
+15098765753
+15098765754
+15098765755
+15098765756
+15098765757
+15098765758
+15098765759
+15098765760
+15098765761
+15098765762
+15098765763
+15098765764
+15098765765
+15098765766
+15098765767
+15098765768
+15098765769
+15098765770
+15098765771
+15098765772
+15098765773
+15098765774
+15098765775
+15098765776
+15098765777
+15098765778
+15098765779
+15098765780
+15098765781
+15098765782
+15098765783
+15098765784
+15098765785
+15098765786
+15098765787
+15098765788
+15098765789
+15098765790
+15098765791
+15098765792
+15098765793
+15098765794
+15098765795
+15098765796
+15098765797
+15098765798
+15098765799
+15098765800
+15098765801
+15098765802
+15098765803
+15098765804
+15098765805
+15098765806
+15098765807
+15098765808
+15098765809
+15098765810
+15098765811
+15098765812
+15098765813
+15098765814
+15098765815
+15098765816
+15098765817
+15098765818
+15098765819
+15098765820
+15098765821
+15098765822
+15098765823
+15098765824
+15098765825
+15098765826
+15098765827
+15098765828
+15098765829
+15098765830
+15098765831
+15098765832
+15098765833
+15098765834
+15098765835
+15098765836
+15098765837
+15098765838
+15098765839
+15098765840
+15098765841
+15098765842
+15098765843
+15098765844
+15098765845
+15098765846
+15098765847
+15098765848
+15098765849
+15098765850
+15098765851
+15098765852
+15098765853
+15098765854
+15098765855
+15098765856
+15098765857
+15098765858
+15098765859
+15098765860
+15098765861
+15098765862
+15098765863
+15098765864
+15098765865
+15098765866
+15098765867
+15098765868
+15098765869
+15098765870
+15098765871
+15098765872
+15098765873
+15098765874
+15098765875
+15098765876
+15098765877
+15098765878
+15098765879
+15098765880
+15098765881
+15098765882
+15098765883
+15098765884
+15098765885
+15098765886
+15098765887
+15098765888
+15098765889
+15098765890
+15098765891
+15098765892
+15098765893
+15098765894
+15098765895
+15098765896
+15098765897
+15098765898
+15098765899
+15098765900
+15098765901
+15098765902
+15098765903
+15098765904
+15098765905
+15098765906
+15098765907
+15098765908
+15098765909
+15098765910
+15098765911
+15098765912
+15098765913
+15098765914
+15098765915
+15098765916
+15098765917
+15098765918
+15098765919
+15098765920
+15098765921
+15098765922
+15098765923
+15098765924
+15098765925
+15098765926
+15098765927
+15098765928
+15098765929
+15098765930
+15098765931
+15098765932
+15098765933
+15098765934
+15098765935
+15098765936
+15098765938
+15098765939
+15098765940
+15098765941
+15098765942
+15098765943
+15098765944
+15098765945
+15098765946
+15098765947
+15098765948
+15098765949
+15098765950
+15098765951
+15098765952
+15098765953
+15098765954
+15098765955
+15098765956
+15098765957
+15098765958
+15098765959
+15098765960
+15098765961
+15098765962
+15098765963
+15098765964
+15098765965
+15098765966
+15098765967
+15098765968
+15098765969
+15098765970
+15098765971
+15098765972
+15098765973
+15098765974
+15098765975
+15098765976
+15098765977
+15098765978
+15098765979
+15098765980
+15098765981
+15098765982
+15098765983
+15098765984
+15098765985
+15098765986
+15098765987
+15098765988
+15098765989
+15098765990
+15098765991
+15098765992
+15098765993
+15098765994
+15098765995
+15098765996
+15098765997
+15098783986
+15098955055
+15099235725
+15099311000
+15102141000
+15102148881
+15102543156
+15102698792
+15103123836
+15103189428
+15103425604
+15103709072
+15103805675
+15104707205
+15106070067
+15106541169
+15107455781
+15107891111
+15108178800
+15108384209
+15108542178
+15108578110
+15108590799
+15108591000
+15108739062
+15109243150
+15109243151
+15109823008
+15122169492
+15122314806
+15122314879
+15122314922
+15122409416
+15122508239
+15122538429
+15122585111
+15122658632
+15122690843
+15122929292
+15123167195
+15123513635
+15123663275
+15123738007
+15124366258
+15124470100
+15124503140
+15124627277
+15124741122
+15124930000
+15125204138
+15125431782
+15125489542
+15125531288
+15125648179
+15125683333
+15126921700
+15127013278
+15127357000
+15127363541
+15127637038
+15127689859
+15127706616
+15127731512
+15127740388
+15128327887
+15128959200
+15129363355
+15129611095
+15129806074
+15129810822
+15129869126
+15129990818
+15132233899
+15132522686
+15132522687
+15132764238
+15132764983
+15132770614
+15133225511
+15133279488
+15133682638
+15133860000
+15134213200
+15134491652
+15135481102
+15135876000
+15136992222
+15137254068
+15137661111
+15137730000
+15137763259
+15138123713
+15138305555
+15138786900
+15138983854
+15139640574
+15139642701
+15139939359
+15142272727
+15142780458
+15143131300
+15143207226
+15143226424
+15143444212
+15144462874
+15144738234
+15145036638
+15145901878
+15146278088
+15148402999
+15152123210
+15152362468
+15152373189
+15153053069
+15153250062
+15153644908
+15153795670
+15153798126
+15153841299
+15154169113
+15154189600
+15154237387
+15155135167
+15155313220
+15155821775
+15156000042
+15156006762
+15156009316
+15156060141
+15156266761
+15156578200
+15156907560
+15158434751
+15158514078
+15158680888
+15158952708
+15158952996
+15159022549
+15159745433
+15159850731
+15159850738
+15159850739
+15159937140
+15162791625
+15162791631
+15162791632
+15162791633
+15162791634
+15162791637
+15162791639
+15162791643
+15162890150
+15163031010
+15163660638
+15164212467
+15164754502
+15165010000
+15165290829
+15165508468
+15165597444
+15166192302
+15166205822
+15166205826
+15166964662
+15167800404
+15167800406
+15167928993
+15168134866
+15168406945
+15168621680
+15168621917
+15168621923
+15168621946
+15168887269
+15172253762
+15172347277
+15172375486
+15172375488
+15172474591
+15172581279
+15172739924
+15172923947
+15173019150
+15173181111
+15173444212
+15173509167
+15175316252
+15175515656
+15176758004
+15177571895
+15178263333
+15178425457
+15178767981
+15179000759
+15179137040
+15182123246
+15182170253
+15182176664
+15182275450
+15182495290
+15183095500
+15184075401
+15184397962
+15185358198
+15185460258
+15185518393
+15186253333
+15186295197
+15186399852
+15186499900
+15186572101
+15187075733
+15187086417
+15187086425
+15187219119
+15187226587
+15187571490
+15189085676
+15189156000
+15192160858
+15192567790
+15193296391
+15193421815
+15193426725
+15195134444
+15195611000
+15198777048
+15198871968
+15199211092
+15199363406
+15199366725
+15199887519
+15202002064
+15202007105
+15202007893
+15202023022
+15202024400
+15202310966
+15202311428
+15202578134
+15203103357
+15203349571
+15203486006
+15203822222
+15203916383
+15204478763
+15204922683
+15204950454
+15205026294
+15205044903
+15205184954
+15205363477
+15205369216
+15205641458
+15205644596
+15205816104
+15205906766
+15205909750
+15205934214
+15206149343
+15206180033
+15206411063
+15206444187
+15206508612
+15206528072
+15206528973
+15206577645
+15206825262
+15206883220
+15207029202
+15207770833
+15208125467
+15208125488
+15208290356
+15208294291
+15208299637
+15208428476
+15209182000
+15209718415
+15302044242
+15302309292
+15302309299
+15302403300
+15302853395
+15302854072
+15303600000
+15304220609
+15304515827
+15304641513
+15305235954
+15305314351
+15305442219
+15306489290
+15307387862
+15307601010
+15307671028
+15307991148
+15307991714
+15308794848
+15309487908
+15309619500
+15312061840
+15312490111
+15312642984
+15336625762
+15392028823
+15392177765
+15392447491
+15393368180
+15402049600
+15402510899
+15403850812
+15404012706
+15404017133
+15404033141
+15404076239
+15404643551
+15404727156
+15404728750
+15405538500
+15407196972
+15408973189
+15409383468
+15412425000
+15412551400
+15412554432
+15412644734
+15412889995
+15413200562
+15415501810
+15416155259
+15416587060
+15416886644
+15417872900
+15419666317
+15487620502
+15487620600
+15512129544
+15512630080
+15512972132
+15513029405
+15513030289
+15513030307
+15513030420
+15513518608
+15513518610
+15514173676
+15514558146
+15514860494
+15515528702
+15517581765
+15517581857
+15517865839
+15592207298
+15592508715
+15593246361
+15593381009
+15593802100
+15593840742
+15594020653
+15594051830
+15594261100
+15594375464
+15594375466
+15594406044
+15594406759
+15594513140
+15594513171
+15594714011
+15594732655
+15594774796
+15595496876
+15595512687
+15596349687
+15598268390
+15598479107
+15599751496
+15612031068
+15612161324
+15612508910
+15612539444
+15612821111
+15612829677
+15612831313
+15612832951
+15612902707
+15613256832
+15614614247
+15614684441
+15614767379
+15614767397
+15615570088
+15616439275
+15616520603
+15616774125
+15616798267
+15616870006
+15616934803
+15617107400
+15617666497
+15617693295
+15617789578
+15618058888
+15618580362
+15618780180
+15619054062
+15619092121
+15619288736
+15619346642
+15619429544
+15619570157
+15619623100
+15619623600
+15622394013
+15622610013
+15622629396
+15622946888
+15624182263
+15624533146
+15625062900
+15625431721
+15625743803
+15626140671
+15626211201
+15626675177
+15626840064
+15626840069
+15627404423
+15627456830
+15628003594
+15632021691
+15632074950
+15632099900
+15632242467
+15632941377
+15635644500
+15637774271
+15638003529
+15642045203
+15642411437
+15642423972
+15672090454
+15672493417
+15672882308
+15673462436
+15674812876
+15675662150
+15676673316
+15677639522
+15677867794
+15678966194
+15678988976
+15679997558
+15679997563
+15703093900
+15703829136
+15705584411
+15706052904
+15706060500
+15707740207
+15707755500
+15708902280
+15709921658
+15712064038
+15712487787
+15712872257
+15712988543
+15713045163
+15713462333
+15713704481
+15713710788
+15713752686
+15713852686
+15713936351
+15713970057
+15714402553
+15714636560
+15714792546
+15715593356
+15715637063
+15715637116
+15715637147
+15715637165
+15715708943
+15715901403
+15715970233
+15715974926
+15716361629
+15716361755
+15716369298
+15716467757
+15716530127
+15716562349
+15717244196
+15717260964
+15717717790
+15717717842
+15717717898
+15717717912
+15717733211
+15719018169
+15719913836
+15719980616
+15722062641
+15723566169
+15723568576
+15725298587
+15726666907
+15729006153
+15729006636
+15729997244
+15729999180
+15732579886
+15732904622
+15733276409
+15733852686
+15734514121
+15735090890
+15735529609
+15736048136
+15736589500
+15737358522
+15738183500
+15739206958
+15742218597
+15742221818
+15742819993
+15743048090
+15743077000
+15743486816
+15743499310
+15743801901
+15749680000
+15752051265
+15752052237
+15752081549
+15752087610
+15752354181
+15752840960
+15752990349
+15753457658
+15754543074
+15755025665
+15755196937
+15756801118
+15756802856
+15757570018
+15757880644
+15792645888
+15793199144
+15794994598
+15795860002
+15796149820
+15803082713
+15803547500
+15803547777
+15806092508
+15807323901
+15809921568
+15812520340
+15812746857
+15813544869
+15814530884
+15818050467
+15819638950
+15822050549
+15822952256
+15822952417
+15827778399
+15828888217
+15828888526
+15852832083
+15853335006
+15853337044
+15853337046
+15854106718
+15855074933
+15855803528
+15855831656
+15856721000
+15857976900
+15858748427
+15862004198
+15862033332
+15862044704
+15862398292
+15862846429
+15863003286
+15863267410
+15863406596
+15863628181
+15864221803
+15865253024
+15865404004
+15866931111
+15867651674
+15868001967
+15868003427
+15868192020
+15872676802
+15874088175
+15874355783
+15876036779
+15877906196
+15878142245
+15878396049
+15878694121
+16012588851
+16013594185
+16013596050
+16013596294
+16013739355
+16013857823
+16015211521
+16015249223
+16015573999
+16015744744
+16016409215
+16016746173
+16017097074
+16017097079
+16017097082
+16017182200
+16017183030
+16017307918
+16018175939
+16019633562
+16022537126
+16022665869
+16022750015
+16022757171
+16022821111
+16022886666
+16023061130
+16023264832
+16023344990
+16023572217
+16023650167
+16023998298
+16024413100
+16024413101
+16024413102
+16024577922
+16024802778
+16024823633
+16025120680
+16025392885
+16025573483
+16025707533
+16026135491
+16026512927
+16027074679
+16027120976
+16027141704
+16027141705
+16027373332
+16027550290
+16027741349
+16028006614
+16028068749
+16028365119
+16028367838
+16028373451
+16028396984
+16028421570
+16028770940
+16028848229
+16029435859
+16032024698
+16032386255
+16032634400
+16032969107
+16033464070
+16033694254
+16033694257
+16034132000
+16034945516
+16035147717
+16035508347
+16035739900
+16037049686
+16037246006
+16038831491
+16038834114
+16039452768
+16045595890
+16046299100
+16046299999
+16046386490
+16046390606
+16047093636
+16049814456
+16052211771
+16052993333
+16053059851
+16053213151
+16054170000
+16054189508
+16054320431
+16054537029
+16054753344
+16054753349
+16054753350
+16054753366
+16054753388
+16054753401
+16054753409
+16054753410
+16054753414
+16054755303
+16054756964
+16054773018
+16054773019
+16054773825
+16056079449
+16056090195
+16056092000
+16056153000
+16056153001
+16056153002
+16056153003
+16056153004
+16056153005
+16056153006
+16056153007
+16056153008
+16056153009
+16056153010
+16056153011
+16056153012
+16056153013
+16056153014
+16056153015
+16056153016
+16056153017
+16056153018
+16056153019
+16056153020
+16056153021
+16056153022
+16056153023
+16056153024
+16056153025
+16056153026
+16056153027
+16056153028
+16056153029
+16056153030
+16056153031
+16056153032
+16056153033
+16056153034
+16056153035
+16056153036
+16056153037
+16056153038
+16056153039
+16056153040
+16056153041
+16056153042
+16056153043
+16056153044
+16056153045
+16056153046
+16056153047
+16056153048
+16056153049
+16056153050
+16056153051
+16056153052
+16056153053
+16056153054
+16056153055
+16056153056
+16056153057
+16056153058
+16056153059
+16056153060
+16056153061
+16056153062
+16056153063
+16056153064
+16056153065
+16056153066
+16056153067
+16056153068
+16056153069
+16056153070
+16056153071
+16056153072
+16056153073
+16056153074
+16056153075
+16056153076
+16056153077
+16056153078
+16056153079
+16056153081
+16056153082
+16056153083
+16056153084
+16056153085
+16056153086
+16056153087
+16056153088
+16056153089
+16056153090
+16056153091
+16056153092
+16056153093
+16056153094
+16056153095
+16056153096
+16056153097
+16056153098
+16056153100
+16056153101
+16056153102
+16056153103
+16056153104
+16056153105
+16056153106
+16056153107
+16056153108
+16056153109
+16056153110
+16056153111
+16056153112
+16056153113
+16056153114
+16056153115
+16056153116
+16056153117
+16056153118
+16056153119
+16056153120
+16056153121
+16056153122
+16056153123
+16056153124
+16056153125
+16056153126
+16056153127
+16056153128
+16056153129
+16056153130
+16056153131
+16056153132
+16056153133
+16056153134
+16056153135
+16056153136
+16056153137
+16056153138
+16056153139
+16056153140
+16056153141
+16056153142
+16056153143
+16056153144
+16056153145
+16056153146
+16056153147
+16056153148
+16056153149
+16056153150
+16056153151
+16056153152
+16056153153
+16056153154
+16056153155
+16056153156
+16056153157
+16056153158
+16056153159
+16056153160
+16056153161
+16056153162
+16056153163
+16056153164
+16056153165
+16056153166
+16056153167
+16056153168
+16056153169
+16056153170
+16056153171
+16056153172
+16056153173
+16056153174
+16056153175
+16056153176
+16056153177
+16056153178
+16056153179
+16056153180
+16056153181
+16056153182
+16056153183
+16056153184
+16056153185
+16056153186
+16056153187
+16056153188
+16056153189
+16056153190
+16056153191
+16056153192
+16056153193
+16056153194
+16056153195
+16056153196
+16056153197
+16056153198
+16056153199
+16056155600
+16056155601
+16056155602
+16056155603
+16056155604
+16056155605
+16056155606
+16056155607
+16056155608
+16056155609
+16056155610
+16056155611
+16056155612
+16056155613
+16056155614
+16056155615
+16056155616
+16056155617
+16056155618
+16056155619
+16056155620
+16056155621
+16056155622
+16056155623
+16056155624
+16056155625
+16056155626
+16056155627
+16056155628
+16056155629
+16056155630
+16056155631
+16056155632
+16056155633
+16056155634
+16056155635
+16056155636
+16056155637
+16056155638
+16056155639
+16056155640
+16056155641
+16056155642
+16056155643
+16056155644
+16056155645
+16056155646
+16056155647
+16056155648
+16056155649
+16056155650
+16056155651
+16056155652
+16056155653
+16056155654
+16056155655
+16056155656
+16056155657
+16056155658
+16056155659
+16056155660
+16056155661
+16056155662
+16056155663
+16056155664
+16056155665
+16056155666
+16056155667
+16056155668
+16056155669
+16056155670
+16056155671
+16056155672
+16056155673
+16056155674
+16056155675
+16056155676
+16056155677
+16056155678
+16056155679
+16056155680
+16056155681
+16056155682
+16056155683
+16056155684
+16056155685
+16056155686
+16056155687
+16056155688
+16056155689
+16056155690
+16056155691
+16056155692
+16056155693
+16056155694
+16056155695
+16056155696
+16056155697
+16056155698
+16056155699
+16056155700
+16056156994
+16056158150
+16057059192
+16057814104
+16058362408
+16058773700
+16059565857
+16062120842
+16062298297
+16063145872
+16063333676
+16063337226
+16063436493
+16063456493
+16065106582
+16065140233
+16065323261
+16065473600
+16065861726
+16067312404
+16067449400
+16068008140
+16068008845
+16072255825
+16073044854
+16073302222
+16074140041
+16074246071
+16074282700
+16074722020
+16075365597
+16076021604
+16076220298
+16076454335
+16076640877
+16082681975
+16082681977
+16082681981
+16082688996
+16082691747
+16083137715
+16083275555
+16083903711
+16083992905
+16084059698
+16084503435
+16084909353
+16085440026
+16086155688
+16086506549
+16086517713
+16087306971
+16087309771
+16087838539
+16088073500
+16089099190
+16089225639
+16092053183
+16093103333
+16093372722
+16094224704
+16096387133
+16097400011
+16098300855
+16098301300
+16098408888
+16098473333
+16098580055
+16098582613
+16098924472
+16099557290
+16099568405
+16102342400
+16102344444
+16102458603
+16102813509
+16103745200
+16104265697
+16104320359
+16104404383
+16104450416
+16104590821
+16104729928
+16104882039
+16105102881
+16105232813
+16105485555
+16105800519
+16105942984
+16106104218
+16106156413
+16106184581
+16106185149
+16106214824
+16106888855
+16107567013
+16107880257
+16107949788
+16108139629
+16108940723
+16122171944
+16122356055
+16122464256
+16122464368
+16122593333
+16122767000
+16122841699
+16123058883
+16123210488
+16123337652
+16123338130
+16123392271
+16123456808
+16124051125
+16124213993
+16124284051
+16124311538
+16124432954
+16124826152
+16125214144
+16125242696
+16125326615
+16125681200
+16125947688
+16126070101
+16126658611
+16126720556
+16128216464
+16129301052
+16132324444
+16132608792
+16133442161
+16136883830
+16136976925
+16139965127
+16143241000
+16143339363
+16143500054
+16143502354
+16143503886
+16143644361
+16143693293
+16143889784
+16144057777
+16144077217
+16144271520
+16144295700
+16144365415
+16144662580
+16144823258
+16145697704
+16146075050
+16146454890
+16146478387
+16147061274
+16147501111
+16147603990
+16148124181
+16148124240
+16148131834
+16148803615
+16149301111
+16149306380
+16149306387
+16149306405
+16149519239
+16149609774
+16149926572
+16152386666
+16152801952
+16153014900
+16153104956
+16154324544
+16154324549
+16155739621
+16156392888
+16157032276
+16157032799
+16157049675
+16157751004
+16157751234
+16158237000
+16158665274
+16158665276
+16159253333
+16159334769
+16159529751
+16162221800
+16162262727
+16162289339
+16162298294
+16162536589
+16162660646
+16162670079
+16163149993
+16164162080
+16164269492
+16164543858
+16165887006
+16165887013
+16165887014
+16165887777
+16166260594
+16166429210
+16167238208
+16167807154
+16168284092
+16169200544
+16172132636
+16172255739
+16172255825
+16172367900
+16172455300
+16172667171
+16172669888
+16173191555
+16173380183
+16173388838
+16173389999
+16173718981
+16174018500
+16174261979
+16174268880
+16174511818
+16174530775
+16174826800
+16175152549
+16175816364
+16175816366
+16176039000
+16176214154
+16176391224
+16176427388
+16176519200
+16176519201
+16176519202
+16176549049
+16176570398
+16176577357
+16176589077
+16177287888
+16177787207
+16177926304
+16178186956
+16178187488
+16178574391
+16178595858
+16178598838
+16178612424
+16178775983
+16179417247
+16182123333
+16182152952
+16182157500
+16182204249
+16185059988
+16185517894
+16188220855
+16188587356
+16188873406
+16192600700
+16192685835
+16192803333
+16192840888
+16192918445
+16193048030
+16193124118
+16193309506
+16193311124
+16193335702
+16193421111
+16193427840
+16193427846
+16193755051
+16193919591
+16194734199
+16194842656
+16194977115
+16195280758
+16196314484
+16196333022
+16196373345
+16196771064
+16197394605
+16197394607
+16197847508
+16198307610
+16198354402
+16198366177
+16198379371
+16198423843
+16198560810
+16198631669
+16198811500
+16198822758
+16199163152
+16199664268
+16199779271
+16199849945
+16199849946
+16199849951
+16202064615
+16202227876
+16202789968
+16203028868
+16203529939
+16205077585
+16205230425
+16205434765
+16207772904
+16208053500
+16208949521
+16209096272
+16209213333
+16209480117
+16209966822
+16232327122
+16232556181
+16232647091
+16232881184
+16233131613
+16234627106
+16234655959
+16235619291
+16237341500
+16237763472
+16238775598
+16239364119
+16262135137
+16262577349
+16262624248
+16262791488
+16262942071
+16263922808
+16264950776
+16265001288
+16265217455
+16265482674
+16265573730
+16265935209
+16265964853
+16266046006
+16266390707
+16266636235
+16266638292
+16266983333
+16267200404
+16267454559
+16267454976
+16267454984
+16267454987
+16267779477
+16268762990
+16268777066
+16268777833
+16269001055
+16282128801
+16282128803
+16282134346
+16282166322
+16282166650
+16282290616
+16282569476
+16282662131
+16282767425
+16282874242
+16283100090
+16283456034
+16284444298
+16284681173
+16289466428
+16292035512
+16292307510
+16292901312
+16293024876
+16294000401
+16295269714
+16297586917
+16302089090
+16302135869
+16302775736
+16302785475
+16303039924
+16303449759
+16303494876
+16303602039
+16303659836
+16303805493
+16303828179
+16303854623
+16303870311
+16303977274
+16304252701
+16304477538
+16304489207
+16304564027
+16304574578
+16304811702
+16304861792
+16304895306
+16305099368
+16305206131
+16305249689
+16305268740
+16305371841
+16305431234
+16305639900
+16305664000
+16305808621
+16305922222
+16306149319
+16306362571
+16306577190
+16306653775
+16306876400
+16306993221
+16307084444
+16307085048
+16307134070
+16307257999
+16307574000
+16307955241
+16308830704
+16308834889
+16308912387
+16309066884
+16309348819
+16309486000
+16309821480
+16309914231
+16312596221
+16313068814
+16313159129
+16313189189
+16313236814
+16313591074
+16313593575
+16314809363
+16314894550
+16315003144
+16315121072
+16315191497
+16315362400
+16315465077
+16315629211
+16316199300
+16316596100
+16316620678
+16317699436
+16317731096
+16318187282
+16319188292
+16319985698
+16362000619
+16362029025
+16362605281
+16363337566
+16363395449
+16363899850
+16364291006
+16365659097
+16365660243
+16365913249
+16366557257
+16368510081
+16368660808
+16368662200
+16368662222
+16392281534
+16392776576
+16393850194
+16395793216
+16396533382
+16396715206
+16397100059
+16398875711
+16398982955
+16399069228
+16399277229
+16402255726
+16403446389
+16413003512
+16413255861
+16414000574
+16414995954
+16415007050
+16416555930
+16418161319
+16418775328
+16418775970
+16452057170
+16452495012
+16452495317
+16456661151
+16457329312
+16457771381
+16462174643
+16462292030
+16462494166
+16463371464
+16463914086
+16463971809
+16464033191
+16464109508
+16464231045
+16464233467
+16464259836
+16465020044
+16465075179
+16465075500
+16465075566
+16465075577
+16465167789
+16465177981
+16465343385
+16465562783
+16465584974
+16465788622
+16465820976
+16465890838
+16466009906
+16466631660
+16467145615
+16467936341
+16468593511
+16468931760
+16468966861
+16469269950
+16469292353
+16469376206
+16469440395
+16473306749
+16473385287
+16473584209
+16474877333
+16476361463
+16479179132
+16502064038
+16502155637
+16502155638
+16502155664
+16502155671
+16502314348
+16502836921
+16502842872
+16502858058
+16503346658
+16503525800
+16504445400
+16504460148
+16504462577
+16504838451
+16505034700
+16505236767
+16505422539
+16505790350
+16506799262
+16507299536
+16507500945
+16507521515
+16507630462
+16508703838
+16508895125
+16509634392
+16509635400
+16512366000
+16513094013
+16513094247
+16513566450
+16513760416
+16514200331
+16514207846
+16514226925
+16514275379
+16514592784
+16515092723
+16515719581
+16516661990
+16516896998
+16516919090
+16518293200
+16518585958
+16562066814
+16562094761
+16562094798
+16562105595
+16562197351
+16562199451
+16566000358
+16568008756
+16568886394
+16572201496
+16572258099
+16572258170
+16572262472
+16572314155
+16572350911
+16572454027
+16572591034
+16572760317
+16574567327
+16576083899
+16576128247
+16576160650
+16576161035
+16576161044
+16576601984
+16576866101
+16578423057
+16595293179
+16595297266
+16595299567
+16597341978
+16599777058
+16602521871
+16605303333
+16605303500
+16605820062
+16606944383
+16612157444
+16612190057
+16612207294
+16612291889
+16612308119
+16612339129
+16612372146
+16612434520
+16612443232
+16613104242
+16613439973
+16613605463
+16613909499
+16614671165
+16614790001
+16615041822
+16615168948
+16615774074
+16616741033
+16617048483
+16617049381
+16617212541
+16617705300
+16617776309
+16618442165
+16618467777
+16622055638
+16622055651
+16622055663
+16622055706
+16624438906
+16624703000
+16624703030
+16624998678
+16625107420
+16625920427
+16626640551
+16628781124
+16672024050
+16673022483
+16673070711
+16673175823
+16674089018
+16674440620
+16677586991
+16679309226
+16692301435
+16692756463
+16693000045
+16693101513
+16693105700
+16693568352
+16694999509
+16698425133
+16699469397
+16699469756
+16699469991
+16722078091
+16723271436
+16729623821
+16782123333
+16782222222
+16782444444
+16782620000
+16783224886
+16783670173
+16783811552
+16784205152
+16785282222
+16785439835
+16785862400
+16785903014
+16786081472
+16786660584
+16787526358
+16787526638
+16787526817
+16787740218
+16787814535
+16787853222
+16788608780
+16788944842
+16789616401
+16789965008
+16802044332
+16802445768
+16803107218
+16803107455
+16803567118
+16804004961
+16805000763
+16805009326
+16805678437
+16805678438
+16805777131
+16805777662
+16806394018
+16806394171
+16808080731
+16809463178
+16812046471
+16812274308
+16812404596
+16813566224
+16814447670
+16816888187
+16818211791
+16822013907
+16822227256
+16822336500
+16822360759
+16823175252
+16823175555
+16823690161
+16825024269
+16825039105
+16829901075
+16862050351
+16892140904
+16893044901
+16897325691
+16898884167
+16899468009
+17012312089
+17013177948
+17013177965
+17013357007
+17013537235
+17013537240
+17014150728
+17014250005
+17015400030
+17015579400
+17015579700
+17015579999
+17016067284
+17018090999
+17019401013
+17022004148
+17022135666
+17022163434
+17022215665
+17022471101
+17022528513
+17022975902
+17023304099
+17023564443
+17023596994
+17023678002
+17023834993
+17024255112
+17024337577
+17024433732
+17024516661
+17024628881
+17024760881
+17024867953
+17024929921
+17024972936
+17025161419
+17025222000
+17025222001
+17025222002
+17025464897
+17025605700
+17025760033
+17025799737
+17025837679
+17026059999
+17026097281
+17026178033
+17026260364
+17026437982
+17026478889
+17026509191
+17026589444
+17026800976
+17026999886
+17027032510
+17027082582
+17027143226
+17027314295
+17027315655
+17027324656
+17027569921
+17027708000
+17027891330
+17027917111
+17027980144
+17028249400
+17028384376
+17028580699
+17028850588
+17028929315
+17028933977
+17029018038
+17029059827
+17029325388
+17029492929
+17029662200
+17029791735
+17029793529
+17029967369
+17032499403
+17032638759
+17033504650
+17034247500
+17034549999
+17035384792
+17035640666
+17035749000
+17035847830
+17036468997
+17037437979
+17037917200
+17038048314
+17038048320
+17038171384
+17038227906
+17038290608
+17038318000
+17039401366
+17039729595
+17039953121
+17042283298
+17042352756
+17042371900
+17042518509
+17042559995
+17042599375
+17042768140
+17043604389
+17043975182
+17043975667
+17044390902
+17044648517
+17046441852
+17046695819
+17047141515
+17047147777
+17048374115
+17048374127
+17049001300
+17049313045
+17049430069
+17049693000
+17049728888
+17049974108
+17052003140
+17052874947
+17053472488
+17054080080
+17054134071
+17054580122
+17054809183
+17055296781
+17056716000
+17057391114
+17057452246
+17057923170
+17059013851
+17062627965
+17063090767
+17064035642
+17064195700
+17064195715
+17064195716
+17064195717
+17064195726
+17064195727
+17064195730
+17064195733
+17064195737
+17064195763
+17064195767
+17064195768
+17064330808
+17064340106
+17064451184
+17064783251
+17065240009
+17065309507
+17065837979
+17067283700
+17068468333
+17068904027
+17069089980
+17069320214
+17069390515
+17069918306
+17072969020
+17073048244
+17073325204
+17073487469
+17073588169
+17073795019
+17074047445
+17074047951
+17074379944
+17074430926
+17075084008
+17075097388
+17075839000
+17075909309
+17075965500
+17075972578
+17076063711
+17076224001
+17076342990
+17076389200
+17076561010
+17076709293
+17076709646
+17077061811
+17077171087
+17077316564
+17077499756
+17078854013
+17079552730
+17082552028
+17083293333
+17084339103
+17084416666
+17084557678
+17084566700
+17085031142
+17085128238
+17085364100
+17086226517
+17086340860
+17086957633
+17087195422
+17087195707
+17087426885
+17087756915
+17087891482
+17087937443
+17088279981
+17088594650
+17088857650
+17089678868
+17092823404
+17094494179
+17095905691
+17097690361
+17122129500
+17122129700
+17122164912
+17122166733
+17123388889
+17123388890
+17124290400
+17124290404
+17124290405
+17124290406
+17124290408
+17124290414
+17124290417
+17124321759
+17124321850
+17124321859
+17124322000
+17124322001
+17124322004
+17124322008
+17124322022
+17124322023
+17124322033
+17124322044
+17124322052
+17124322064
+17124322070
+17124322153
+17124322199
+17124322202
+17124322216
+17124322220
+17124322222
+17124322300
+17124323100
+17124323300
+17124323500
+17124323501
+17124323520
+17124323522
+17124323523
+17124323526
+17124323547
+17124323623
+17124323636
+17124323650
+17124323680
+17124323689
+17124323701
+17124323702
+17124323705
+17124323707
+17124323708
+17124323710
+17124323711
+17124323712
+17124323713
+17124323714
+17124323718
+17124323751
+17124323771
+17124323772
+17124323773
+17124323774
+17124323775
+17124323776
+17124323777
+17124323778
+17124323779
+17124323780
+17124323781
+17124323782
+17124323783
+17124323784
+17124323785
+17124323786
+17124323787
+17124323788
+17124323789
+17124323790
+17124323791
+17124323792
+17124323793
+17124323794
+17124323795
+17124323796
+17124323797
+17124323798
+17124323799
+17124323800
+17124323801
+17124323802
+17124323805
+17124324000
+17124324001
+17124324002
+17124324003
+17124324004
+17124324005
+17124324006
+17124324007
+17124324008
+17124324009
+17124324020
+17124324021
+17124324022
+17124324023
+17124324024
+17124324025
+17124324026
+17124324027
+17124324028
+17124324029
+17124324030
+17124324031
+17124324032
+17124324033
+17124324034
+17124324035
+17124324036
+17124324037
+17124324038
+17124324039
+17124324040
+17124324041
+17124324042
+17124324043
+17124324044
+17124324045
+17124324046
+17124324047
+17124324048
+17124324049
+17124324050
+17124324051
+17124324052
+17124324054
+17124324055
+17124324057
+17124324059
+17124324060
+17124324061
+17124324062
+17124324063
+17124324064
+17124324065
+17124324066
+17124324067
+17124324068
+17124324069
+17124324070
+17124324071
+17124324072
+17124324073
+17124324074
+17124324080
+17124324081
+17124324082
+17124324083
+17124324084
+17124324085
+17124324086
+17124324087
+17124324088
+17124324089
+17124324090
+17124324091
+17124324092
+17124324093
+17124324094
+17124324095
+17124324096
+17124324097
+17124324098
+17124324099
+17124324800
+17124324801
+17124324802
+17124324803
+17124324804
+17124324805
+17124324806
+17124324807
+17124324808
+17124324809
+17124324810
+17124324811
+17124324812
+17124324813
+17124324814
+17124324815
+17124324816
+17124324817
+17124324818
+17124324819
+17124324820
+17124324821
+17124324822
+17124324823
+17124324824
+17124324825
+17124324826
+17124324827
+17124324828
+17124324829
+17124324830
+17124324831
+17124324833
+17124324834
+17124324835
+17124324836
+17124324837
+17124324838
+17124324839
+17124324840
+17124324841
+17124324842
+17124324843
+17124324844
+17124324845
+17124324846
+17124324847
+17124324848
+17124324849
+17124324850
+17124324851
+17124324852
+17124324853
+17124324854
+17124324855
+17124324856
+17124324857
+17124324858
+17124324859
+17124324860
+17124324861
+17124324862
+17124324863
+17124324864
+17124324865
+17124324866
+17124324867
+17124324868
+17124324869
+17124324870
+17124324871
+17124324872
+17124324873
+17124324874
+17124324875
+17124324876
+17124324877
+17124324878
+17124324879
+17124324880
+17124324881
+17124324882
+17124325100
+17124325101
+17124325102
+17124325103
+17124325104
+17124325105
+17124325106
+17124325107
+17124325108
+17124325109
+17124325110
+17124325111
+17124325112
+17124325113
+17124325114
+17124325115
+17124325116
+17124325117
+17124325118
+17124325119
+17124325120
+17124325121
+17124325122
+17124325123
+17124325124
+17124325125
+17124325126
+17124325127
+17124325128
+17124325129
+17124325130
+17124325131
+17124325132
+17124325133
+17124325134
+17124325135
+17124325136
+17124325137
+17124325138
+17124325139
+17124325140
+17124325141
+17124325142
+17124325143
+17124325144
+17124325145
+17124325146
+17124325147
+17124325148
+17124325149
+17124325150
+17124325151
+17124325152
+17124325153
+17124325154
+17124325155
+17124325156
+17124325157
+17124325158
+17124325159
+17124325160
+17124325161
+17124325162
+17124325163
+17124325164
+17124325165
+17124325166
+17124325167
+17124325168
+17124325169
+17124325170
+17124325171
+17124325172
+17124325173
+17124325174
+17124325175
+17124325176
+17124325177
+17124325178
+17124325179
+17124325180
+17124325181
+17124325182
+17124325183
+17124325184
+17124325185
+17124325186
+17124325187
+17124325188
+17124325189
+17124325190
+17124325191
+17124325192
+17124325193
+17124325194
+17124325195
+17124325196
+17124325197
+17124325198
+17124325199
+17124325650
+17124325700
+17124325904
+17124325905
+17124325940
+17124325949
+17124325951
+17124325953
+17124325991
+17124325999
+17124326855
+17124326969
+17124327411
+17124327412
+17124327413
+17124327414
+17124327418
+17124327419
+17124327423
+17124327440
+17124327441
+17124327444
+17124327456
+17124327463
+17124327475
+17124327477
+17124327495
+17124328788
+17125171467
+17126285548
+17126349326
+17126563081
+17126702953
+17127721135
+17129410104
+17129410105
+17129419508
+17129452301
+17129452313
+17129452321
+17129452327
+17132216000
+17132394157
+17132426555
+17133003300
+17133469300
+17133578100
+17133578101
+17133578102
+17134232309
+17134335334
+17134502914
+17134540340
+17134554424
+17134621700
+17135180672
+17135229339
+17135288116
+17135329990
+17135389201
+17135745255
+17135899299
+17135902222
+17135959966
+17136296200
+17136594998
+17136666906
+17136708438
+17136926403
+17137261629
+17137781440
+17137800930
+17137801827
+17137811122
+17137845900
+17137850444
+17138741841
+17139347725
+17139377772
+17139446445
+17139520799
+17139691594
+17139742100
+17142430303
+17142668800
+17142668801
+17142668802
+17143520270
+17143600617
+17143803113
+17144184789
+17144184905
+17144232083
+17144632328
+17144646755
+17145168080
+17145405882
+17146161176
+17146271100
+17146394673
+17146894797
+17146959620
+17147829696
+17147903860
+17148447285
+17148448145
+17148449663
+17148745210
+17149898980
+17152030370
+17152245064
+17154070214
+17157017318
+17157379400
+17157379500
+17159282333
+17162001245
+17162048199
+17162352350
+17162470597
+17162623535
+17163131262
+17163384630
+17164025820
+17164589658
+17165684646
+17165739612
+17165878585
+17166175913
+17167017200
+17167663804
+17168058500
+17168899919
+17168980093
+17168980094
+17169666014
+17172172806
+17172199116
+17172296358
+17172371551
+17172605555
+17172738170
+17172759320
+17172795367
+17173598565
+17173847549
+17174026684
+17174315500
+17175109712
+17175911049
+17176104516
+17176147140
+17177289843
+17178426574
+17179900549
+17182084675
+17182101010
+17182205811
+17182301000
+17182800000
+17182801000
+17182801111
+17182801234
+17182802428
+17182805900
+17182805903
+17182805904
+17182805905
+17182805907
+17182805908
+17182805910
+17182805912
+17182805914
+17182805915
+17182805919
+17183032517
+17183032518
+17183032519
+17183259711
+17183331300
+17183403764
+17183403765
+17183668879
+17183935570
+17185214585
+17185214593
+17185214594
+17185983840
+17186026118
+17186184977
+17186638500
+17186638511
+17186638522
+17186638555
+17186638566
+17186736666
+17186907445
+17187021919
+17187154629
+17187772222
+17187821234
+17188050950
+17188934466
+17192083333
+17192411403
+17192422108
+17192422109
+17192422111
+17193090960
+17193181179
+17193258700
+17193536119
+17193594201
+17193594700
+17193595073
+17193618382
+17193907610
+17194143945
+17194144357
+17194169752
+17194351196
+17194574172
+17194577300
+17194908897
+17195200055
+17196457136
+17196576225
+17196640248
+17196878834
+17197195672
+17197416131
+17197597673
+17197711330
+17197854444
+17197859962
+17198280162
+17199174058
+17199174420
+17199486944
+17199824881
+17199927627
+17202044666
+17202101964
+17202109445
+17202109453
+17202142327
+17202143737
+17202514224
+17202590311
+17202599043
+17202615403
+17202623150
+17202785000
+17202825493
+17202857888
+17202951733
+17203200795
+17203473264
+17203796062
+17203856775
+17204314331
+17204458542
+17204458548
+17204520151
+17204525171
+17204634539
+17204901046
+17205000936
+17205156668
+17205354298
+17205397594
+17205397597
+17205409333
+17205431373
+17205719069
+17205772166
+17205772852
+17205895826
+17205941985
+17206083010
+17206405514
+17206494230
+17206714631
+17206778499
+17206816464
+17207045047
+17207046208
+17207217448
+17207346859
+17207439072
+17207764576
+17207844785
+17207940613
+17208125326
+17208144073
+17208174336
+17208682174
+17208975418
+17208978841
+17209124517
+17209292222
+17209867439
+17227222926
+17242074040
+17242538556
+17242601076
+17243823333
+17244058872
+17244094713
+17245098578
+17245621015
+17246840690
+17247189181
+17248198440
+17249002820
+17252245318
+17252344388
+17252880794
+17253029115
+17253777699
+17254043065
+17257457884
+17258882359
+17258886820
+17258886965
+17258889097
+17262019917
+17262080831
+17262151094
+17262593290
+17264657047
+17265005833
+17272132121
+17272345685
+17272394179
+17272394749
+17272523000
+17272545415
+17273302574
+17273303614
+17273491561
+17273509732
+17274311000
+17274712111
+17274754066
+17274762085
+17274777789
+17275131948
+17275479733
+17275650149
+17275654718
+17276173978
+17276182683
+17276337080
+17276337087
+17276337129
+17276351537
+17276534346
+17276588859
+17276612792
+17276628240
+17276978167
+17277560116
+17278584927
+17279441506
+17279663269
+17279663449
+17283006680
+17287771266
+17302260881
+17312262576
+17312563600
+17312599030
+17313137354
+17315077649
+17315293769
+17315745813
+17316514862
+17318823500
+17322201020
+17322345700
+17323312815
+17323850968
+17324748923
+17324893997
+17325520280
+17325520281
+17325520285
+17325520295
+17325520299
+17325897273
+17325928599
+17325929380
+17325975149
+17326121421
+17326316969
+17326783030
+17326787400
+17326787411
+17326787423
+17326787444
+17326787447
+17327082659
+17327301234
+17327552534
+17328285077
+17328357444
+17329084444
+17329458801
+17342051625
+17342249151
+17342516497
+17342587493
+17343067771
+17343150347
+17343150476
+17343730214
+17344921989
+17345277015
+17345277700
+17345857777
+17346387777
+17347863333
+17348002738
+17348633545
+17349564600
+17372043088
+17372362120
+17372362202
+17372382806
+17372590215
+17372590275
+17372590361
+17372590379
+17372590475
+17372590477
+17372590525
+17372590845
+17372590853
+17372590938
+17372602319
+17372602393
+17372717928
+17372755656
+17372839603
+17372993542
+17373250603
+17373390969
+17373615937
+17373616383
+17373733047
+17373747444
+17374131773
+17374162309
+17376378840
+17376770465
+17377271440
+17378371579
+17378776035
+17379370148
+17382001196
+17402045226
+17403308274
+17404091695
+17404698068
+17405518230
+17406006791
+17408225886
+17408300702
+17409908888
+17409909090
+17432035147
+17432159944
+17432325080
+17432560010
+17432792488
+17432864127
+17432867198
+17435448102
+17439999152
+17472022993
+17472058499
+17472682822
+17473079886
+17473450970
+17473578259
+17479777704
+17484643457
+17515833683
+17542053070
+17542183527
+17542195853
+17542203421
+17543557260
+17543644016
+17543646607
+17544321851
+17545479962
+17545871807
+17546006340
+17547644640
+17572019339
+17572104726
+17572152980
+17572416940
+17572711000
+17572711234
+17572720573
+17572924444
+17573100178
+17573194816
+17573729596
+17573729633
+17574025096
+17574195625
+17574473335
+17574473348
+17574473381
+17574476002
+17574479900
+17575316061
+17575687837
+17575789456
+17575905084
+17575909471
+17576791815
+17577314658
+17577405292
+17577921595
+17577961078
+17578217777
+17578426493
+17578721856
+17578918821
+17579143836
+17579412853
+17579758786
+17602098292
+17602276764
+17602540829
+17602590200
+17602594982
+17602599959
+17602682071
+17602838415
+17603065654
+17603136408
+17603322626
+17603536261
+17603540945
+17604412461
+17604590080
+17604591221
+17605070008
+17605099400
+17605171111
+17605328170
+17605385298
+17605852074
+17606790028
+17606795100
+17607059700
+17607098887
+17607100394
+17607102020
+17607643165
+17607905909
+17608181232
+17608181845
+17608412011
+17608566478
+17608781278
+17608820718
+17608958328
+17609030782
+17609046700
+17609337540
+17609351732
+17623497289
+17623654895
+17623664271
+17624590473
+17624590595
+17625291294
+17626888238
+17627019009
+17632301684
+17632306554
+17632475059
+17632725571
+17632759618
+17633429484
+17633900000
+17634159473
+17634634789
+17634638888
+17634652423
+17635672525
+17637269468
+17638985555
+17652032500
+17652500749
+17652672752
+17652735788
+17653391743
+17655252410
+17655584000
+17655870119
+17655871000
+17656359325
+17656703030
+17658141266
+17658884270
+17658885127
+17692353225
+17692541248
+17692624674
+17692624799
+17692624817
+17692999808
+17695293694
+17702065397
+17702067185
+17702154313
+17702304503
+17702309837
+17702674609
+17703082222
+17703435316
+17703919775
+17703966611
+17704575298
+17704575800
+17706277002
+17706660858
+17707376678
+17707870411
+17708091602
+17709386097
+17709664057
+17712025804
+17712094721
+17712095371
+17712128351
+17712129756
+17712132848
+17712169364
+17712175825
+17712221484
+17712224196
+17712224903
+17712233036
+17712473279
+17712542263
+17712543653
+17712715216
+17713473279
+17719999907
+17722243400
+17722388699
+17722644862
+17722746253
+17723042723
+17723102784
+17723486080
+17724920079
+17725109580
+17725390807
+17725397273
+17725843783
+17725976757
+17726178366
+17726663505
+17726678097
+17727790837
+17727820706
+17727820707
+17727831096
+17729257395
+17732190197
+17732210255
+17732520360
+17733539294
+17733575794
+17733625133
+17733625134
+17733625135
+17733646980
+17733880300
+17734081933
+17734094322
+17734105193
+17734105196
+17734105198
+17734105199
+17734105200
+17734515620
+17734525620
+17734530101
+17734631646
+17734684475
+17734788263
+17734964584
+17734964681
+17734964682
+17735272222
+17735690710
+17735984211
+17736832721
+17736832796
+17736976862
+17737054662
+17737334761
+17737334763
+17737666941
+17737961794
+17738081932
+17738477708
+17738479808
+17738671212
+17738883886
+17738969696
+17738969999
+17738975233
+17739451865
+17739904337
+17742490457
+17742585405
+17743018879
+17743048525
+17743143333
+17743249794
+17743368675
+17743430994
+17744049116
+17744090992
+17744091744
+17744251384
+17744358577
+17744609355
+17744952405
+17745453500
+17745488109
+17745488186
+17746541299
+17746541991
+17747031319
+17747031526
+17747031959
+17747766494
+17752048922
+17752439327
+17752448848
+17752457842
+17752469901
+17752769952
+17752965916
+17753020455
+17753143702
+17753253988
+17753351111
+17753449567
+17753449568
+17753449598
+17753449649
+17753604517
+17753878867
+17754131664
+17754381695
+17754381723
+17754381770
+17754499520
+17754592170
+17754811723
+17754900496
+17755000604
+17755384016
+17756245927
+17757100187
+17759091560
+17759961100
+17784142621
+17784710261
+17789360914
+17792050646
+17792097698
+17796789422
+17797586742
+17799943261
+17802393896
+17803573881
+17803758021
+17804137122
+17804902255
+17805136346
+17805256165
+17806079677
+17806081728
+17806692323
+17807624633
+17807987859
+17807988151
+17809350138
+17812596919
+17813597500
+17813736866
+17813998001
+17814523183
+17814794300
+17814909957
+17815821077
+17817644580
+17818120397
+17819099230
+17819264400
+17819393089
+17822227467
+17824706015
+17827774322
+17852902929
+17853385555
+17853389700
+17853398684
+17854280616
+17855284789
+17855581234
+17856209367
+17856512847
+17857312511
+17857469700
+17858189516
+17858819948
+17862156131
+17862195455
+17862720126
+17862723300
+17862880694
+17863058068
+17863058462
+17863199929
+17863627606
+17863627613
+17863627618
+17864185741
+17864194907
+17864194911
+17864754824
+17865176999
+17866363968
+17866376020
+17866860763
+17866970937
+17866991648
+17867049453
+17867451527
+17867467611
+17867518780
+17867518827
+17867654683
+17867698669
+17867855179
+17867856122
+17867856459
+17867856463
+17867858428
+17867893839
+17868399173
+17868844156
+17869168081
+17869190376
+17869495929
+17869667430
+17873469686
+18002007399
+18002007403
+18002015076
+18002016918
+18002035386
+18002039982
+18002057426
+18002074260
+18002078487
+18002089836
+18002094475
+18002098824
+18002101010
+18002102251
+18002104725
+18002107726
+18002110775
+18002114307
+18002114668
+18002116377
+18002118462
+18002119381
+18002119388
+18002122513
+18002122851
+18002122853
+18002122854
+18002122856
+18002122940
+18002122943
+18002123110
+18002128478
+18002138258
+18002142079
+18002143488
+18002145540
+18002158390
+18002166190
+18002169091
+18002193355
+18002194090
+18002207732
+18002208868
+18002213816
+18002222697
+18002223286
+18002223739
+18002223825
+18002224475
+18002226948
+18002227161
+18002227399
+18002227877
+18002227883
+18002228487
+18002228957
+18002230089
+18002231245
+18002232442
+18002232697
+18002232777
+18002233283
+18002233825
+18002234475
+18002235239
+18002235397
+18002235422
+18002235477
+18002235748
+18002236397
+18002238336
+18002238487
+18002238743
+18002239433
+18002247877
+18002252512
+18002255432
+18002255437
+18002255468
+18002255678
+18002255739
+18002257580
+18002258813
+18002259350
+18002263727
+18002264263
+18002264286
+18002264437
+18002264739
+18002264872
+18002269345
+18002272739
+18002273739
+18002275669
+18002278787
+18002281114
+18002282442
+18002282929
+18002283425
+18002283825
+18002284328
+18002284475
+18002285483
+18002285489
+18002286553
+18002286579
+18002286887
+18002287363
+18002287529
+18002287848
+18002294079
+18002294809
+18002300752
+18002301300
+18002318487
+18002328537
+18002328885
+18002329739
+18002332477
+18002334373
+18002336253
+18002340916
+18002346963
+18002352431
+18002352739
+18002372563
+18002373648
+18002373999
+18002374413
+18002374414
+18002374434
+18002378739
+18002378848
+18002385239
+18002385818
+18002385821
+18002385824
+18002385827
+18002385833
+18002385837
+18002385838
+18002385844
+18002385846
+18002385847
+18002385854
+18002385856
+18002385862
+18002385866
+18002385869
+18002385870
+18002385873
+18002385874
+18002385877
+18002385878
+18002385879
+18002385880
+18002385882
+18002385883
+18002385893
+18002385899
+18002386125
+18002386722
+18002387883
+18002388533
+18002389453
+18002391300
+18002392527
+18002392633
+18002392742
+18002392868
+18002393396
+18002393669
+18002393699
+18002394862
+18002405433
+18002411945
+18002421780
+18002422478
+18002422874
+18002422878
+18002423783
+18002424781
+18002424782
+18002424783
+18002424784
+18002424785
+18002425784
+18002427428
+18002427788
+18002428002
+18002428047
+18002428123
+18002428178
+18002428238
+18002428255
+18002428269
+18002428363
+18002428365
+18002428373
+18002428386
+18002428397
+18002428429
+18002428440
+18002428445
+18002428447
+18002428475
+18002428478
+18002428479
+18002428487
+18002428546
+18002428548
+18002428568
+18002428638
+18002428669
+18002428739
+18002428748
+18002428793
+18002428825
+18002428872
+18002428924
+18002428999
+18002433222
+18002437156
+18002438478
+18002440699
+18002442246
+18002442625
+18002442662
+18002442668
+18002442697
+18002442777
+18002442878
+18002442888
+18002443040
+18002443278
+18002443425
+18002443454
+18002443825
+18002444475
+18002445347
+18002445477
+18002445977
+18002447268
+18002447877
+18002447882
+18002448336
+18002448382
+18002448487
+18002448743
+18002449446
+18002457065
+18002464566
+18002467743
+18002473742
+18002473882
+18002474373
+18002477399
+18002482429
+18002482436
+18002482446
+18002482448
+18002482463
+18002482465
+18002482496
+18002483225
+18002486453
+18002493625
+18002499453
+18002499529
+18002499999
+18002502254
+18002502500
+18002502625
+18002502775
+18002504489
+18002510829
+18002516833
+18002517326
+18002518208
+18002518444
+18002518448
+18002518928
+18002520442
+18002521201
+18002522255
+18002522458
+18002522523
+18002522527
+18002522534
+18002522544
+18002522573
+18002522576
+18002522578
+18002522625
+18002522868
+18002527742
+18002535425
+18002535641
+18002537399
+18002542666
+18002547293
+18002548374
+18002548382
+18002548739
+18002553825
+18002554739
+18002556397
+18002562533
+18002569447
+18002569562
+18002569739
+18002569968
+18002573613
+18002575757
+18002578966
+18002582232
+18002586327
+18002594900
+18002595639
+18002597752
+18002606623
+18002608627
+18002625223
+18002625244
+18002625248
+18002625269
+18002625277
+18002625286
+18002625323
+18002625386
+18002625425
+18002625437
+18002625438
+18002625446
+18002625449
+18002625468
+18002625489
+18002625542
+18002625665
+18002625666
+18002625669
+18002625729
+18002625732
+18002625733
+18002625739
+18002625787
+18002625812
+18002625848
+18002625866
+18002625867
+18002625924
+18002625932
+18002625999
+18002628873
+18002633739
+18002633825
+18002634832
+18002638350
+18002638928
+18002639002
+18002639328
+18002639729
+18002642084
+18002642676
+18002642839
+18002642868
+18002643627
+18002645477
+18002645548
+18002645652
+18002646486
+18002654935
+18002658378
+18002660890
+18002661179
+18002661508
+18002662437
+18002662938
+18002663243
+18002663578
+18002663739
+18002666626
+18002667866
+18002667976
+18002674688
+18002678242
+18002683970
+18002684277
+18002687363
+18002692428
+18002693283
+18002693425
+18002694475
+18002695425
+18002695683
+18002697277
+18002697399
+18002697448
+18002697739
+18002697877
+18002705285
+18002724277
+18002725377
+18002730771
+18002732787
+18002741110
+18002741861
+18002742286
+18002742643
+18002742683
+18002742739
+18002742754
+18002743373
+18002743379
+18002744774
+18002747171
+18002747284
+18002747475
+18002747528
+18002747615
+18002747629
+18002747739
+18002748287
+18002748336
+18002748396
+18002748792
+18002756557
+18002757468
+18002764711
+18002768284
+18002768738
+18002772888
+18002773825
+18002774475
+18002774563
+18002774653
+18002775239
+18002775265
+18002775425
+18002775683
+18002775878
+18002776359
+18002777399
+18002777529
+18002777653
+18002777877
+18002778463
+18002778487
+18002779495
+18002781667
+18002784194
+18002784688
+18002785181
+18002788793
+18002790062
+18002795475
+18002795556
+18002804340
+18002812191
+18002812382
+18002817903
+18002827154
+18002828472
+18002832727
+18002835838
+18002836338
+18002836369
+18002836392
+18002836621
+18002836749
+18002836833
+18002837251
+18002838260
+18002838487
+18002846356
+18002846454
+18002847373
+18002847588
+18002847600
+18002848255
+18002848327
+18002848367
+18002848928
+18002848955
+18002849388
+18002855683
+18002856739
+18002856833
+18002861425
+18002862223
+18002862662
+18002862697
+18002862867
+18002863038
+18002863425
+18002863733
+18002863794
+18002864273
+18002864475
+18002864663
+18002864687
+18002865477
+18002865623
+18002866663
+18002867468
+18002867592
+18002867877
+18002868255
+18002868336
+18002868487
+18002868549
+18002868669
+18002868685
+18002872253
+18002873991
+18002880339
+18002882888
+18002883277
+18002883636
+18002883666
+18002883739
+18002883825
+18002883848
+18002886668
+18002887739
+18002888277
+18002888286
+18002888738
+18002888739
+18002888746
+18002888782
+18002892559
+18002897979
+18002898255
+18002903079
+18002905652
+18002906662
+18002907769
+18002907825
+18002907843
+18002907883
+18002908286
+18002908788
+18002908887
+18002909388
+18002912269
+18002924171
+18002937398
+18002945910
+18002947482
+18002952424
+18002966293
+18002968399
+18002969435
+18002969447
+18002971453
+18002972232
+18002972544
+18002976666
+18002979269
+18002979447
+18002979453
+18002979467
+18002979502
+18002980544
+18002980545
+18002980819
+18002981497
+18002981710
+18002984856
+18002986455
+18002999197
+18003003825
+18003007095
+18003007399
+18003039945
+18003046635
+18003046759
+18003052868
+18003053694
+18003053747
+18003054273
+18003054348
+18003054625
+18003054632
+18003054739
+18003055243
+18003055465
+18003055558
+18003055664
+18003055878
+18003061479
+18003061523
+18003062662
+18003062742
+18003062824
+18003063286
+18003063825
+18003064382
+18003064878
+18003065239
+18003065842
+18003066356
+18003066988
+18003067109
+18003071390
+18003072625
+18003072883
+18003074328
+18003078454
+18003092131
+18003096841
+18003099255
+18003099388
+18003108523
+18003130914
+18003133000
+18003133286
+18003133305
+18003133699
+18003135239
+18003135842
+18003136278
+18003136336
+18003139047
+18003141820
+18003144273
+18003145878
+18003146463
+18003146725
+18003146833
+18003147326
+18003147465
+18003154541
+18003161131
+18003174475
+18003184577
+18003194865
+18003197277
+18003202030
+18003202199
+18003205372
+18003205425
+18003207926
+18003213825
+18003215329
+18003217399
+18003218255
+18003223898
+18003240664
+18003244897
+18003248036
+18003254773
+18003256498
+18003257103
+18003257879
+18003264854
+18003268273
+18003268274
+18003268279
+18003268280
+18003268342
+18003275739
+18003278074
+18003278458
+18003278564
+18003278739
+18003279739
+18003281935
+18003282548
+18003282777
+18003282856
+18003282888
+18003283225
+18003283262
+18003283269
+18003283278
+18003283425
+18003283429
+18003283464
+18003283546
+18003283636
+18003283739
+18003283825
+18003284475
+18003285186
+18003285239
+18003285347
+18003285437
+18003285477
+18003286253
+18003286328
+18003286833
+18003286836
+18003286927
+18003286969
+18003286999
+18003287211
+18003287388
+18003287448
+18003287465
+18003287546
+18003287588
+18003287726
+18003287763
+18003287873
+18003287877
+18003287879
+18003287884
+18003288238
+18003288382
+18003288487
+18003288743
+18003288874
+18003289265
+18003289447
+18003289467
+18003289663
+18003289722
+18003289877
+18003292868
+18003293825
+18003294688
+18003294847
+18003296382
+18003296725
+18003297540
+18003306397
+18003307699
+18003321661
+18003323489
+18003325293
+18003325523
+18003332428
+18003332522
+18003332548
+18003332662
+18003333333
+18003333425
+18003333825
+18003334475
+18003335286
+18003335347
+18003335425
+18003335739
+18003335938
+18003336969
+18003337399
+18003337847
+18003338255
+18003338487
+18003342477
+18003345649
+18003367574
+18003372757
+18003375611
+18003376836
+18003377274
+18003378429
+18003379388
+18003379453
+18003379467
+18003381661
+18003382350
+18003382353
+18003382420
+18003382482
+18003382502
+18003382615
+18003382675
+18003382756
+18003382759
+18003383284
+18003383425
+18003384736
+18003384746
+18003384748
+18003389266
+18003389377
+18003389388
+18003389395
+18003389443
+18003389448
+18003389602
+18003389634
+18003389653
+18003389667
+18003392014
+18003400962
+18003410546
+18003423784
+18003425223
+18003425244
+18003425255
+18003425323
+18003425386
+18003425425
+18003425437
+18003425438
+18003425446
+18003425489
+18003425666
+18003425669
+18003425739
+18003425866
+18003425924
+18003425932
+18003425999
+18003426202
+18003426994
+18003428865
+18003431928
+18003435721
+18003440436
+18003440886
+18003445796
+18003446953
+18003453223
+18003453255
+18003453386
+18003453425
+18003453437
+18003453446
+18003453489
+18003453666
+18003453669
+18003453739
+18003453866
+18003453924
+18003453932
+18003453999
+18003456969
+18003457883
+18003462598
+18003463739
+18003473836
+18003473847
+18003477268
+18003477395
+18003477644
+18003478286
+18003478487
+18003478489
+18003478665
+18003478739
+18003478836
+18003478918
+18003478928
+18003478951
+18003478973
+18003479447
+18003479998
+18003480671
+18003482286
+18003484475
+18003484865
+18003484897
+18003494352
+18003502028
+18003512011
+18003518665
+18003522852
+18003532876
+18003545565
+18003547437
+18003547462
+18003547812
+18003547816
+18003547819
+18003547824
+18003547825
+18003547837
+18003547841
+18003547846
+18003547860
+18003547871
+18003547873
+18003551664
+18003557691
+18003558477
+18003558984
+18003567437
+18003569378
+18003569447
+18003570673
+18003571110
+18003571661
+18003572637
+18003572689
+18003572786
+18003572794
+18003573286
+18003573478
+18003573699
+18003573825
+18003574424
+18003574688
+18003574733
+18003574977
+18003575555
+18003576969
+18003577465
+18003577742
+18003577829
+18003577843
+18003577949
+18003578462
+18003584172
+18003584173
+18003588973
+18003593525
+18003597399
+18003600000
+18003609000
+18003611661
+18003614242
+18003619737
+18003622569
+18003626672
+18003629072
+18003636640
+18003643732
+18003644757
+18003646062
+18003647757
+18003654273
+18003655239
+18003657269
+18003657529
+18003661493
+18003666245
+18003666248
+18003666253
+18003666329
+18003666336
+18003666346
+18003666347
+18003666348
+18003666363
+18003666365
+18003666387
+18003666739
+18003668662
+18003672874
+18003676846
+18003678487
+18003678640
+18003679137
+18003679433
+18003679879
+18003684766
+18003690211
+18003690424
+18003691483
+18003692548
+18003692625
+18003692637
+18003693266
+18003693286
+18003693425
+18003693699
+18003693825
+18003694244
+18003696324
+18003701337
+18003717843
+18003718327
+18003718386
+18003719812
+18003728328
+18003729045
+18003732428
+18003733242
+18003733286
+18003733382
+18003733739
+18003733767
+18003733787
+18003733848
+18003733999
+18003736725
+18003744449
+18003746588
+18003752223
+18003758044
+18003764277
+18003764483
+18003766062
+18003766699
+18003766749
+18003766783
+18003767588
+18003767742
+18003768378
+18003768422
+18003768427
+18003768429
+18003768436
+18003768446
+18003768448
+18003768887
+18003768928
+18003769453
+18003769469
+18003776633
+18003783520
+18003784223
+18003785644
+18003785776
+18003786776
+18003788955
+18003797879
+18003799551
+18003808349
+18003815455
+18003822548
+18003823825
+18003824739
+18003825101
+18003825123
+18003825133
+18003825191
+18003825223
+18003825225
+18003825227
+18003825244
+18003825255
+18003825269
+18003825277
+18003825282
+18003825286
+18003825288
+18003825323
+18003825327
+18003825342
+18003825377
+18003825382
+18003825386
+18003825425
+18003825429
+18003825437
+18003825438
+18003825446
+18003825447
+18003825463
+18003825464
+18003825468
+18003825484
+18003825489
+18003825525
+18003825539
+18003825633
+18003825634
+18003825636
+18003825639
+18003825663
+18003825666
+18003825669
+18003825732
+18003825739
+18003825754
+18003825782
+18003825787
+18003825825
+18003825848
+18003825866
+18003825872
+18003825896
+18003825924
+18003825932
+18003825938
+18003825966
+18003825968
+18003825999
+18003833825
+18003833872
+18003834688
+18003834864
+18003835728
+18003836062
+18003838255
+18003839447
+18003850013
+18003851002
+18003851661
+18003854449
+18003855277
+18003855847
+18003857827
+18003859237
+18003861861
+18003862428
+18003862582
+18003863733
+18003863825
+18003864475
+18003865683
+18003867399
+18003868336
+18003868487
+18003868637
+18003869384
+18003876963
+18003901609
+18003906966
+18003919245
+18003921785
+18003922582
+18003924386
+18003924833
+18003927222
+18003927399
+18003929739
+18003930692
+18003930730
+18003932661
+18003933825
+18003934688
+18003934786
+18003934878
+18003934896
+18003935344
+18003935372
+18003937241
+18003938278
+18003938327
+18003938637
+18003938928
+18003939447
+18003939453
+18003941263
+18003942548
+18003942633
+18003942866
+18003943286
+18003964914
+18003965463
+18003968255
+18003976852
+18003979433
+18003982833
+18003983283
+18003985904
+18003986131
+18003987212
+18003988696
+18003990621
+18004001134
+18004003000
+18004003995
+18004005000
+18004006415
+18004006778
+18004020275
+18004021212
+18004027412
+18004036689
+18004038887
+18004042661
+18004044257
+18004044273
+18004044469
+18004044600
+18004044757
+18004044897
+18004045477
+18004045599
+18004047473
+18004047588
+18004047877
+18004048101
+18004048336
+18004048462
+18004049900
+18004051920
+18004052569
+18004054386
+18004054688
+18004055699
+18004058280
+18004060456
+18004064429
+18004071334
+18004071608
+18004074595
+18004076842
+18004078806
+18004080793
+18004085464
+18004087327
+18004102742
+18004103535
+18004106749
+18004113288
+18004114902
+18004116579
+18004117485
+18004117878
+18004122996
+18004133648
+18004133699
+18004133888
+18004134766
+18004135347
+18004135476
+18004136239
+18004136253
+18004136282
+18004136338
+18004136366
+18004139000
+18004146338
+18004168882
+18004173463
+18004175847
+18004179447
+18004184688
+18004193388
+18004203999
+18004212408
+18004217000
+18004217263
+18004217588
+18004217723
+18004217745
+18004217786
+18004218278
+18004218892
+18004218928
+18004222378
+18004223652
+18004224592
+18004225567
+18004227164
+18004232533
+18004242697
+18004253425
+18004255407
+18004260114
+18004263562
+18004263825
+18004263848
+18004264226
+18004264561
+18004264676
+18004272246
+18004273277
+18004273489
+18004273548
+18004273564
+18004273636
+18004273736
+18004273739
+18004273763
+18004273765
+18004275628
+18004283386
+18004283739
+18004291234
+18004291515
+18004292428
+18004292482
+18004292662
+18004292697
+18004292888
+18004293123
+18004293279
+18004293283
+18004293284
+18004293425
+18004293661
+18004293733
+18004293825
+18004293833
+18004293955
+18004294191
+18004294263
+18004294475
+18004294897
+18004295239
+18004295459
+18004295463
+18004295465
+18004295483
+18004295683
+18004296253
+18004296278
+18004297020
+18004297273
+18004297277
+18004297399
+18004297466
+18004297588
+18004297666
+18004297825
+18004297877
+18004297883
+18004298255
+18004298336
+18004298463
+18004298487
+18004299453
+18004300938
+18004306069
+18004308226
+18004308887
+18004309447
+18004312442
+18004312639
+18004312753
+18004312868
+18004313866
+18004314273
+18004314277
+18004314297
+18004318423
+18004318799
+18004319548
+18004324484
+18004326829
+18004328521
+18004329077
+18004332977
+18004337088
+18004337473
+18004338076
+18004341253
+18004345335
+18004348730
+18004354379
+18004354739
+18004360303
+18004363888
+18004367825
+18004370659
+18004370688
+18004371939
+18004372428
+18004372548
+18004372695
+18004372856
+18004372878
+18004373223
+18004374263
+18004375633
+18004376673
+18004377546
+18004378255
+18004379763
+18004382625
+18004382697
+18004382866
+18004383337
+18004383362
+18004383478
+18004383825
+18004384475
+18004385239
+18004385243
+18004385477
+18004385483
+18004385683
+18004386253
+18004386833
+18004387399
+18004387448
+18004387676
+18004389271
+18004389386
+18004389388
+18004389433
+18004389453
+18004401495
+18004404382
+18004404566
+18004404641
+18004404715
+18004404739
+18004404996
+18004405011
+18004405048
+18004405207
+18004405347
+18004408051
+18004411248
+18004411295
+18004411583
+18004413823
+18004416196
+18004427598
+18004438255
+18004439066
+18004440000
+18004442229
+18004442424
+18004442428
+18004442548
+18004442625
+18004442662
+18004443000
+18004444444
+18004444475
+18004444739
+18004445425
+18004445477
+18004445483
+18004445564
+18004447399
+18004447465
+18004447713
+18004447883
+18004448000
+18004448336
+18004448487
+18004450428
+18004457353
+18004468255
+18004468272
+18004468636
+18004468785
+18004469269
+18004469857
+18004469918
+18004471861
+18004472400
+18004472432
+18004472533
+18004472652
+18004473328
+18004475123
+18004475233
+18004475269
+18004475277
+18004475287
+18004475345
+18004475374
+18004475437
+18004475474
+18004475482
+18004475489
+18004475568
+18004475626
+18004475718
+18004475739
+18004475782
+18004475872
+18004477399
+18004483739
+18004484475
+18004484765
+18004487399
+18004488935
+18004492428
+18004492626
+18004496650
+18004499395
+18004503255
+18004507349
+18004513946
+18004524594
+18004525638
+18004526067
+18004529461
+18004533654
+18004547742
+18004548701
+18004557347
+18004557465
+18004557588
+18004557825
+18004557843
+18004557877
+18004557883
+18004558286
+18004558743
+18004558928
+18004562223
+18004580874
+18004589295
+18004592633
+18004603586
+18004609363
+18004612286
+18004616373
+18004628564
+18004630091
+18004633127
+18004634789
+18004636762
+18004637399
+18004637448
+18004637676
+18004638258
+18004646769
+18004646968
+18004646969
+18004651861
+18004653739
+18004660088
+18004663739
+18004663848
+18004665377
+18004665877
+18004667399
+18004667524
+18004669277
+18004669962
+18004672280
+18004672835
+18004676725
+18004676911
+18004676921
+18004676924
+18004676926
+18004676939
+18004676940
+18004676943
+18004676944
+18004676948
+18004676950
+18004676954
+18004676956
+18004676962
+18004676963
+18004676965
+18004676966
+18004676967
+18004676969
+18004676973
+18004676987
+18004676991
+18004677825
+18004677835
+18004677883
+18004678400
+18004678779
+18004678788
+18004678905
+18004679453
+18004681200
+18004681511
+18004682222
+18004682223
+18004682229
+18004682277
+18004682337
+18004682428
+18004682432
+18004682442
+18004682548
+18004682625
+18004682639
+18004682662
+18004682663
+18004682668
+18004682697
+18004682728
+18004682777
+18004682866
+18004682867
+18004682887
+18004682888
+18004683157
+18004683189
+18004683223
+18004683283
+18004683335
+18004683338
+18004683425
+18004683455
+18004683686
+18004683822
+18004683825
+18004683866
+18004684038
+18004684257
+18004684277
+18004684286
+18004684379
+18004684438
+18004684447
+18004684475
+18004684653
+18004684673
+18004684676
+18004684684
+18004684689
+18004684745
+18004684747
+18004684897
+18004685233
+18004685239
+18004685347
+18004685394
+18004685397
+18004685425
+18004685437
+18004685463
+18004685465
+18004685477
+18004685623
+18004685683
+18004685878
+18004686253
+18004686266
+18004686338
+18004686453
+18004686505
+18004686667
+18004686688
+18004686833
+18004686938
+18004686956
+18004687394
+18004687397
+18004687398
+18004687399
+18004687425
+18004687448
+18004687465
+18004687529
+18004687546
+18004687588
+18004687653
+18004687666
+18004687676
+18004687825
+18004687827
+18004687833
+18004687877
+18004687879
+18004687883
+18004688223
+18004688244
+18004688245
+18004688255
+18004688305
+18004688323
+18004688325
+18004688326
+18004688327
+18004688328
+18004688333
+18004688336
+18004688337
+18004688342
+18004688346
+18004688348
+18004688353
+18004688380
+18004688382
+18004688386
+18004688399
+18004688425
+18004688437
+18004688438
+18004688468
+18004688487
+18004688489
+18004688666
+18004688669
+18004688677
+18004688697
+18004688739
+18004688866
+18004688874
+18004688932
+18004688967
+18004688999
+18004689254
+18004689433
+18004689447
+18004689453
+18004689483
+18004689489
+18004692681
+18004695094
+18004697638
+18004698359
+18004704048
+18004706307
+18004724490
+18004724739
+18004725483
+18004726253
+18004727393
+18004727588
+18004727859
+18004728215
+18004728327
+18004728394
+18004729231
+18004730100
+18004730825
+18004730832
+18004739244
+18004739468
+18004739968
+18004750066
+18004757399
+18004762524
+18004766976
+18004768773
+18004769829
+18004771442
+18004773431
+18004776632
+18004782428
+18004785030
+18004787981
+18004803862
+18004804374
+18004804383
+18004806366
+18004812441
+18004815477
+18004823384
+18004823825
+18004832624
+18004835872
+18004838314
+18004843277
+18004848277
+18004855796
+18004864277
+18004869888
+18004876228
+18004882477
+18004887211
+18004891661
+18004894864
+18004895360
+18004895639
+18004896223
+18004896749
+18004896868
+18004896950
+18004897286
+18004897399
+18004897739
+18004919299
+18004926290
+18004934647
+18004937699
+18004952699
+18004957393
+18004957462
+18004957466
+18004957477
+18004957588
+18004957710
+18004957726
+18004957825
+18004957883
+18004958286
+18004964475
+18004975477
+18004976931
+18004983634
+18004990493
+18004997573
+18005007399
+18005033530
+18005034536
+18005054207
+18005055209
+18005055888
+18005056725
+18005058920
+18005061661
+18005062223
+18005062455
+18005062866
+18005063335
+18005063438
+18005063655
+18005063699
+18005064229
+18005064688
+18005066083
+18005069159
+18005078283
+18005079588
+18005093425
+18005097247
+18005102633
+18005121581
+18005132189
+18005135135
+18005149782
+18005149943
+18005151494
+18005154774
+18005157527
+18005158234
+18005158466
+18005162245
+18005163647
+18005163655
+18005163699
+18005164688
+18005164786
+18005164864
+18005164930
+18005165136
+18005165137
+18005165138
+18005180122
+18005181671
+18005185239
+18005185789
+18005194588
+18005198255
+18005212569
+18005212681
+18005219831
+18005223078
+18005223739
+18005223756
+18005223767
+18005224700
+18005225633
+18005225739
+18005226677
+18005230255
+18005232323
+18005234052
+18005234377
+18005236985
+18005238244
+18005239321
+18005239386
+18005239739
+18005239907
+18005243800
+18005245798
+18005253355
+18005254659
+18005256366
+18005262746
+18005270965
+18005271043
+18005272486
+18005272603
+18005272731
+18005282121
+18005283202
+18005283262
+18005283283
+18005283286
+18005283527
+18005283648
+18005283733
+18005284499
+18005284500
+18005284627
+18005284800
+18005285347
+18005286654
+18005287327
+18005287843
+18005288555
+18005293696
+18005294475
+18005296663
+18005303196
+18005303656
+18005304269
+18005318722
+18005325362
+18005325980
+18005326407
+18005333739
+18005334255
+18005354433
+18005357833
+18005362374
+18005372150
+18005372426
+18005372436
+18005375464
+18005375633
+18005377422
+18005378501
+18005380688
+18005381655
+18005383655
+18005383825
+18005385683
+18005387286
+18005387739
+18005392569
+18005393223
+18005393244
+18005393323
+18005393425
+18005393437
+18005393438
+18005393468
+18005393489
+18005393669
+18005393825
+18005393866
+18005393932
+18005393999
+18005403761
+18005406662
+18005408080
+18005409388
+18005413119
+18005422548
+18005422759
+18005425277
+18005425286
+18005425392
+18005425429
+18005425437
+18005425464
+18005425486
+18005425631
+18005425848
+18005425887
+18005425968
+18005427839
+18005428739
+18005432740
+18005433283
+18005433391
+18005434273
+18005436464
+18005436477
+18005436749
+18005438462
+18005438874
+18005439388
+18005441584
+18005442465
+18005444466
+18005446339
+18005447111
+18005455269
+18005455277
+18005455429
+18005462702
+18005465922
+18005468028
+18005474307
+18005474475
+18005477269
+18005477277
+18005477399
+18005477437
+18005477446
+18005477464
+18005477547
+18005477727
+18005477825
+18005477848
+18005478255
+18005483636
+18005483739
+18005488282
+18005489465
+18005511137
+18005511300
+18005514457
+18005514618
+18005518923
+18005528159
+18005529753
+18005543257
+18005549524
+18005549647
+18005565391
+18005565393
+18005565483
+18005565825
+18005566158
+18005566277
+18005566286
+18005567465
+18005567587
+18005567588
+18005567685
+18005577771
+18005582025
+18005585238
+18005591360
+18005609627
+18005609997
+18005614801
+18005620424
+18005622015
+18005622573
+18005622867
+18005624266
+18005653464
+18005653561
+18005654632
+18005657529
+18005660218
+18005664262
+18005666655
+18005666949
+18005667201
+18005667588
+18005667623
+18005667673
+18005667825
+18005667877
+18005668286
+18005668854
+18005668896
+18005681572
+18005683269
+18005683277
+18005683429
+18005683437
+18005683447
+18005683547
+18005683636
+18005683739
+18005683848
+18005683938
+18005685239
+18005692639
+18005722782
+18005724229
+18005726606
+18005734830
+18005737407
+18005739453
+18005742833
+18005742835
+18005742883
+18005743648
+18005744088
+18005744443
+18005744563
+18005744566
+18005744569
+18005744618
+18005749441
+18005755937
+18005761375
+18005771122
+18005777764
+18005777771
+18005778889
+18005789170
+18005795797
+18005797382
+18005817094
+18005827874
+18005828000
+18005828191
+18005828327
+18005829134
+18005829918
+18005831661
+18005832482
+18005832569
+18005832866
+18005834475
+18005837448
+18005838528
+18005841372
+18005843825
+18005855858
+18005858742
+18005871299
+18005871611
+18005873573
+18005874739
+18005877135
+18005878437
+18005878739
+18005878769
+18005885494
+18005885987
+18005886833
+18005888461
+18005888462
+18005888463
+18005910060
+18005916969
+18005917267
+18005917326
+18005917588
+18005917843
+18005918794
+18005919276
+18005919869
+18005919918
+18005922661
+18005922786
+18005926292
+18005929985
+18005932232
+18005932833
+18005939749
+18005941000
+18005948080
+18005954299
+18005955636
+18005978102
+18005979697
+18005988336
+18005990089
+18005992569
+18005992661
+18005994277
+18005994738
+18005996864
+18005998788
+18005999192
+18005999207
+18005999253
+18006002466
+18006003825
+18006007399
+18006008802
+18006010011
+18006010271
+18006026760
+18006027720
+18006038887
+18006054635
+18006070526
+18006078142
+18006080407
+18006083378
+18006098703
+18006099411
+18006108989
+18006109453
+18006110747
+18006111331
+18006111551
+18006111818
+18006112223
+18006112233
+18006112422
+18006112866
+18006131829
+18006135021
+18006145155
+18006158749
+18006163025
+18006165910
+18006166152
+18006170226
+18006182247
+18006187942
+18006208059
+18006222263
+18006229436
+18006229555
+18006229645
+18006250284
+18006253322
+18006253327
+18006253331
+18006253336
+18006253342
+18006253344
+18006253348
+18006253362
+18006253363
+18006253373
+18006253383
+18006253429
+18006253688
+18006253739
+18006256969
+18006257396
+18006257825
+18006262429
+18006264475
+18006266539
+18006277243
+18006278944
+18006278974
+18006279438
+18006279569
+18006279731
+18006279823
+18006283974
+18006284489
+18006300933
+18006305797
+18006310878
+18006319679
+18006335609
+18006342628
+18006347829
+18006349447
+18006356283
+18006359963
+18006361811
+18006362428
+18006362636
+18006362739
+18006363336
+18006363425
+18006363825
+18006364475
+18006364739
+18006367399
+18006367429
+18006367666
+18006368336
+18006368688
+18006374214
+18006382866
+18006383549
+18006384527
+18006384684
+18006389433
+18006392495
+18006393082
+18006394688
+18006395124
+18006400560
+18006402532
+18006403423
+18006403724
+18006404277
+18006404618
+18006404683
+18006405756
+18006406877
+18006411503
+18006423277
+18006424720
+18006425748
+18006432484
+18006433825
+18006434845
+18006436464
+18006437327
+18006438633
+18006441935
+18006442428
+18006443825
+18006444377
+18006444475
+18006444843
+18006444873
+18006447307
+18006447357
+18006452003
+18006453223
+18006453255
+18006453323
+18006453386
+18006453437
+18006453438
+18006453468
+18006453489
+18006453547
+18006453666
+18006453669
+18006453739
+18006453825
+18006453866
+18006453927
+18006453932
+18006453999
+18006454688
+18006455447
+18006459739
+18006461370
+18006463013
+18006463271
+18006464129
+18006466313
+18006466582
+18006477357
+18006477537
+18006478737
+18006483264
+18006497825
+18006504997
+18006507588
+18006507779
+18006507883
+18006508788
+18006508887
+18006508928
+18006509388
+18006511470
+18006512223
+18006512441
+18006515425
+18006524718
+18006526094
+18006527926
+18006532865
+18006533940
+18006535239
+18006535900
+18006536457
+18006541961
+18006547354
+18006552888
+18006559669
+18006561022
+18006577407
+18006584143
+18006587799
+18006589562
+18006594113
+18006601646
+18006601922
+18006602344
+18006602482
+18006602668
+18006603606
+18006603669
+18006604637
+18006605886
+18006606151
+18006606375
+18006611222
+18006632650
+18006633573
+18006634789
+18006635239
+18006644475
+18006647491
+18006647546
+18006649895
+18006650481
+18006653784
+18006659739
+18006661234
+18006662428
+18006662522
+18006662548
+18006662625
+18006663283
+18006663733
+18006663825
+18006664475
+18006665347
+18006665425
+18006665477
+18006665683
+18006666969
+18006667399
+18006667825
+18006667877
+18006667879
+18006668255
+18006668487
+18006668816
+18006668846
+18006669263
+18006669268
+18006669447
+18006669453
+18006669534
+18006669666
+18006669738
+18006669797
+18006669949
+18006672632
+18006673475
+18006673739
+18006675953
+18006685342
+18006687399
+18006690000
+18006691111
+18006693825
+18006694865
+18006697399
+18006712742
+18006725269
+18006725739
+18006725999
+18006727332
+18006732429
+18006733341
+18006736247
+18006736269
+18006736534
+18006736537
+18006736739
+18006736947
+18006740229
+18006744462
+18006748069
+18006749223
+18006749244
+18006749255
+18006749386
+18006749425
+18006749426
+18006749437
+18006749438
+18006749446
+18006749489
+18006749666
+18006749669
+18006749739
+18006749746
+18006749866
+18006749924
+18006749999
+18006750781
+18006750986
+18006759268
+18006764144
+18006766594
+18006770538
+18006770545
+18006776888
+18006777265
+18006777269
+18006777947
+18006777978
+18006778462
+18006779852
+18006780066
+18006780366
+18006781313
+18006783674
+18006789388
+18006793499
+18006809896
+18006821186
+18006821351
+18006821999
+18006823739
+18006830495
+18006833123
+18006833429
+18006833447
+18006833523
+18006833636
+18006833739
+18006833833
+18006836000
+18006842705
+18006843154
+18006855747
+18006866460
+18006866778
+18006866906
+18006872541
+18006872878
+18006873425
+18006884448
+18006886880
+18006889135
+18006895472
+18006902866
+18006910223
+18006911000
+18006911212
+18006913825
+18006914625
+18006917399
+18006922237
+18006922428
+18006922557
+18006923825
+18006924475
+18006924824
+18006926627
+18006926689
+18006927246
+18006935759
+18006940603
+18006944757
+18006958423
+18006967429
+18006967436
+18006967446
+18006967448
+18006967463
+18006967465
+18006967487
+18006968337
+18006969696
+18006969739
+18006973647
+18006974621
+18006975283
+18006976310
+18006977548
+18006978779
+18006978837
+18006979298
+18006983367
+18006986986
+18006987267
+18006987294
+18006994673
+18006995026
+18006996574
+18006996636
+18006997832
+18007003235
+18007003598
+18007004653
+18007006666
+18007007399
+18007008255
+18007008697
+18007008887
+18007009010
+18007014688
+18007047273
+18007062117
+18007067277
+18007069222
+18007082749
+18007083048
+18007085646
+18007093825
+18007096732
+18007097726
+18007102223
+18007102303
+18007102625
+18007103277
+18007113994
+18007119118
+18007130422
+18007132312
+18007144935
+18007146971
+18007151257
+18007171660
+18007179268
+18007188878
+18007190016
+18007192814
+18007196749
+18007198751
+18007214474
+18007222424
+18007223227
+18007231520
+18007233825
+18007235239
+18007246475
+18007249222
+18007256254
+18007256673
+18007259969
+18007262893
+18007267456
+18007268437
+18007268633
+18007271187
+18007273739
+18007274757
+18007277675
+18007278393
+18007284929
+18007288435
+18007289739
+18007292773
+18007293825
+18007294475
+18007295239
+18007297217
+18007297399
+18007298353
+18007307651
+18007308186
+18007310565
+18007314319
+18007314751
+18007315624
+18007316852
+18007317476
+18007322363
+18007325286
+18007325636
+18007325739
+18007327277
+18007327387
+18007330527
+18007332687
+18007333863
+18007334323
+18007334425
+18007334653
+18007335239
+18007336663
+18007337268
+18007337676
+18007337877
+18007338487
+18007342907
+18007343957
+18007351049
+18007352929
+18007353287
+18007359726
+18007363687
+18007364737
+18007364739
+18007364782
+18007368468
+18007373385
+18007373825
+18007377377
+18007378287
+18007378555
+18007384227
+18007387703
+18007389073
+18007390000
+18007390002
+18007390003
+18007390004
+18007390005
+18007390006
+18007390008
+18007390009
+18007390010
+18007390011
+18007390012
+18007390013
+18007390014
+18007390015
+18007390016
+18007390017
+18007390019
+18007390020
+18007390021
+18007390022
+18007390023
+18007390024
+18007390025
+18007390026
+18007390027
+18007390029
+18007390030
+18007390033
+18007390034
+18007390036
+18007390037
+18007390038
+18007390040
+18007390041
+18007390042
+18007390043
+18007390044
+18007390045
+18007390046
+18007390047
+18007390048
+18007390049
+18007390050
+18007390051
+18007390052
+18007390053
+18007390055
+18007390056
+18007390057
+18007390059
+18007390060
+18007390062
+18007390063
+18007390064
+18007390065
+18007390066
+18007390067
+18007390069
+18007390070
+18007390071
+18007390072
+18007390075
+18007390076
+18007390078
+18007390080
+18007390082
+18007390083
+18007390085
+18007390086
+18007390088
+18007390090
+18007390092
+18007390093
+18007390094
+18007390096
+18007390097
+18007390098
+18007390100
+18007390101
+18007390103
+18007390104
+18007390105
+18007390106
+18007390107
+18007390108
+18007390109
+18007390110
+18007390111
+18007390112
+18007390113
+18007390114
+18007390115
+18007390116
+18007390117
+18007390119
+18007390120
+18007390121
+18007390122
+18007390123
+18007390124
+18007390125
+18007390126
+18007390127
+18007390128
+18007390129
+18007390130
+18007390131
+18007390132
+18007390134
+18007390135
+18007390136
+18007390137
+18007390138
+18007390139
+18007390140
+18007390141
+18007390142
+18007390143
+18007390144
+18007390145
+18007390146
+18007390147
+18007390148
+18007390149
+18007390150
+18007390151
+18007390152
+18007390153
+18007390154
+18007390155
+18007390156
+18007390158
+18007390159
+18007390160
+18007390161
+18007390162
+18007390163
+18007390164
+18007390165
+18007390166
+18007390167
+18007390168
+18007390169
+18007390170
+18007390171
+18007390172
+18007390173
+18007390174
+18007390175
+18007390176
+18007390177
+18007390178
+18007390179
+18007390180
+18007390182
+18007390183
+18007390184
+18007390185
+18007390186
+18007390187
+18007390189
+18007390190
+18007390191
+18007390192
+18007390193
+18007390194
+18007390195
+18007390196
+18007390197
+18007390198
+18007390199
+18007390200
+18007390201
+18007390203
+18007390204
+18007390207
+18007390209
+18007390211
+18007390212
+18007390213
+18007390214
+18007390215
+18007390217
+18007390218
+18007390219
+18007390220
+18007390221
+18007390222
+18007390223
+18007390224
+18007390226
+18007390227
+18007390229
+18007390230
+18007390231
+18007390232
+18007390233
+18007390234
+18007390235
+18007390237
+18007390238
+18007390239
+18007390240
+18007390242
+18007390243
+18007390244
+18007390245
+18007390246
+18007390247
+18007390248
+18007390249
+18007390250
+18007390251
+18007390252
+18007390253
+18007390254
+18007390255
+18007390256
+18007390257
+18007390258
+18007390260
+18007390261
+18007390262
+18007390263
+18007390264
+18007390265
+18007390266
+18007390267
+18007390268
+18007390269
+18007390270
+18007390271
+18007390272
+18007390274
+18007390275
+18007390276
+18007390277
+18007390281
+18007390282
+18007390283
+18007390284
+18007390287
+18007390289
+18007390290
+18007390292
+18007390294
+18007390296
+18007390297
+18007390300
+18007390301
+18007390302
+18007390303
+18007390304
+18007390305
+18007390306
+18007390307
+18007390308
+18007390309
+18007390310
+18007390311
+18007390312
+18007390313
+18007390314
+18007390315
+18007390316
+18007390317
+18007390318
+18007390319
+18007390320
+18007390321
+18007390322
+18007390323
+18007390324
+18007390325
+18007390326
+18007390327
+18007390328
+18007390329
+18007390330
+18007390331
+18007390332
+18007390333
+18007390334
+18007390335
+18007390336
+18007390337
+18007390338
+18007390340
+18007390341
+18007390342
+18007390343
+18007390344
+18007390345
+18007390346
+18007390347
+18007390348
+18007390349
+18007390351
+18007390352
+18007390353
+18007390354
+18007390355
+18007390356
+18007390357
+18007390358
+18007390359
+18007390360
+18007390361
+18007390362
+18007390363
+18007390364
+18007390365
+18007390366
+18007390367
+18007390368
+18007390370
+18007390371
+18007390372
+18007390373
+18007390374
+18007390375
+18007390376
+18007390377
+18007390378
+18007390379
+18007390380
+18007390382
+18007390383
+18007390384
+18007390385
+18007390386
+18007390387
+18007390388
+18007390389
+18007390390
+18007390391
+18007390392
+18007390393
+18007390394
+18007390395
+18007390396
+18007390397
+18007390398
+18007390399
+18007390400
+18007390401
+18007390402
+18007390403
+18007390405
+18007390406
+18007390409
+18007390410
+18007390411
+18007390415
+18007390417
+18007390419
+18007390420
+18007390421
+18007390422
+18007390423
+18007390426
+18007390427
+18007390429
+18007390430
+18007390431
+18007390432
+18007390433
+18007390434
+18007390435
+18007390436
+18007390437
+18007390438
+18007390439
+18007390440
+18007390441
+18007390442
+18007390444
+18007390445
+18007390446
+18007390448
+18007390450
+18007390451
+18007390452
+18007390453
+18007390454
+18007390457
+18007390458
+18007390459
+18007390460
+18007390461
+18007390462
+18007390463
+18007390464
+18007390465
+18007390466
+18007390467
+18007390468
+18007390470
+18007390471
+18007390472
+18007390473
+18007390474
+18007390475
+18007390476
+18007390478
+18007390479
+18007390480
+18007390483
+18007390484
+18007390485
+18007390486
+18007390487
+18007390488
+18007390489
+18007390490
+18007390491
+18007390492
+18007390493
+18007390494
+18007390495
+18007390497
+18007390498
+18007390500
+18007390501
+18007390502
+18007390503
+18007390504
+18007390505
+18007390506
+18007390507
+18007390508
+18007390509
+18007390511
+18007390512
+18007390513
+18007390514
+18007390515
+18007390517
+18007390518
+18007390519
+18007390520
+18007390521
+18007390522
+18007390523
+18007390524
+18007390525
+18007390526
+18007390527
+18007390528
+18007390529
+18007390530
+18007390531
+18007390532
+18007390533
+18007390534
+18007390535
+18007390536
+18007390537
+18007390538
+18007390539
+18007390540
+18007390541
+18007390542
+18007390543
+18007390544
+18007390545
+18007390546
+18007390547
+18007390548
+18007390549
+18007390550
+18007390551
+18007390552
+18007390553
+18007390554
+18007390555
+18007390556
+18007390557
+18007390558
+18007390559
+18007390561
+18007390562
+18007390563
+18007390564
+18007390566
+18007390567
+18007390568
+18007390569
+18007390570
+18007390571
+18007390572
+18007390573
+18007390574
+18007390575
+18007390576
+18007390577
+18007390579
+18007390580
+18007390581
+18007390582
+18007390583
+18007390584
+18007390585
+18007390586
+18007390587
+18007390588
+18007390589
+18007390590
+18007390591
+18007390592
+18007390593
+18007390594
+18007390595
+18007390596
+18007390597
+18007390598
+18007390599
+18007390600
+18007390601
+18007390602
+18007390604
+18007390605
+18007390607
+18007390608
+18007390609
+18007390610
+18007390612
+18007390615
+18007390616
+18007390617
+18007390619
+18007390620
+18007390621
+18007390622
+18007390625
+18007390627
+18007390628
+18007390629
+18007390630
+18007390631
+18007390632
+18007390633
+18007390634
+18007390635
+18007390636
+18007390638
+18007390639
+18007390641
+18007390642
+18007390644
+18007390645
+18007390646
+18007390648
+18007390649
+18007390650
+18007390651
+18007390652
+18007390653
+18007390654
+18007390655
+18007390656
+18007390657
+18007390658
+18007390659
+18007390660
+18007390661
+18007390662
+18007390664
+18007390665
+18007390666
+18007390667
+18007390668
+18007390669
+18007390670
+18007390672
+18007390673
+18007390674
+18007390675
+18007390676
+18007390677
+18007390678
+18007390679
+18007390680
+18007390681
+18007390682
+18007390683
+18007390684
+18007390685
+18007390687
+18007390688
+18007390691
+18007390692
+18007390693
+18007390694
+18007390695
+18007390698
+18007390699
+18007390703
+18007390704
+18007390705
+18007390707
+18007390709
+18007390710
+18007390711
+18007390712
+18007390718
+18007390721
+18007390723
+18007390724
+18007390725
+18007390726
+18007390727
+18007390728
+18007390729
+18007390730
+18007390732
+18007390733
+18007390734
+18007390735
+18007390736
+18007390737
+18007390738
+18007390740
+18007390741
+18007390742
+18007390743
+18007390744
+18007390745
+18007390747
+18007390750
+18007390753
+18007390755
+18007390756
+18007390757
+18007390758
+18007390759
+18007390760
+18007390761
+18007390762
+18007390763
+18007390764
+18007390765
+18007390766
+18007390767
+18007390768
+18007390769
+18007390770
+18007390771
+18007390772
+18007390773
+18007390774
+18007390775
+18007390776
+18007390777
+18007390778
+18007390780
+18007390781
+18007390782
+18007390783
+18007390784
+18007390785
+18007390786
+18007390787
+18007390788
+18007390789
+18007390790
+18007390791
+18007390792
+18007390793
+18007390794
+18007390795
+18007390796
+18007390797
+18007390798
+18007390799
+18007390800
+18007390801
+18007390802
+18007390803
+18007390804
+18007390805
+18007390806
+18007390807
+18007390808
+18007390809
+18007390810
+18007390811
+18007390812
+18007390813
+18007390814
+18007390815
+18007390816
+18007390818
+18007390819
+18007390820
+18007390823
+18007390824
+18007390825
+18007390826
+18007390827
+18007390828
+18007390829
+18007390830
+18007390831
+18007390832
+18007390833
+18007390835
+18007390836
+18007390837
+18007390838
+18007390839
+18007390841
+18007390843
+18007390844
+18007390845
+18007390846
+18007390847
+18007390848
+18007390849
+18007390850
+18007390851
+18007390852
+18007390853
+18007390854
+18007390855
+18007390857
+18007390858
+18007390860
+18007390861
+18007390862
+18007390863
+18007390864
+18007390865
+18007390866
+18007390867
+18007390868
+18007390869
+18007390870
+18007390871
+18007390872
+18007390873
+18007390874
+18007390875
+18007390876
+18007390877
+18007390878
+18007390879
+18007390880
+18007390881
+18007390882
+18007390883
+18007390885
+18007390886
+18007390887
+18007390888
+18007390889
+18007390890
+18007390892
+18007390893
+18007390894
+18007390895
+18007390897
+18007390898
+18007390899
+18007390900
+18007390901
+18007390902
+18007390903
+18007390904
+18007390905
+18007390906
+18007390907
+18007390908
+18007390909
+18007390910
+18007390913
+18007390914
+18007390915
+18007390916
+18007390917
+18007390918
+18007390919
+18007390920
+18007390921
+18007390922
+18007390923
+18007390924
+18007390925
+18007390926
+18007390927
+18007390928
+18007390929
+18007390930
+18007390931
+18007390932
+18007390933
+18007390934
+18007390935
+18007390936
+18007390937
+18007390938
+18007390940
+18007390941
+18007390942
+18007390943
+18007390944
+18007390945
+18007390946
+18007390947
+18007390948
+18007390949
+18007390950
+18007390951
+18007390952
+18007390953
+18007390954
+18007390955
+18007390956
+18007390957
+18007390958
+18007390959
+18007390960
+18007390961
+18007390962
+18007390963
+18007390964
+18007390965
+18007390966
+18007390967
+18007390968
+18007390969
+18007390970
+18007390971
+18007390972
+18007390973
+18007390974
+18007390975
+18007390976
+18007390977
+18007390978
+18007390979
+18007390980
+18007390981
+18007390982
+18007390983
+18007390984
+18007390985
+18007390986
+18007390987
+18007390988
+18007390989
+18007390990
+18007390991
+18007390992
+18007390993
+18007390994
+18007390995
+18007390996
+18007390997
+18007390998
+18007391000
+18007391001
+18007391002
+18007391003
+18007391004
+18007391005
+18007391006
+18007391007
+18007391009
+18007391010
+18007391011
+18007391012
+18007391013
+18007391014
+18007391015
+18007391016
+18007391017
+18007391018
+18007391019
+18007391020
+18007391021
+18007391022
+18007391023
+18007391024
+18007391025
+18007391026
+18007391027
+18007391028
+18007391029
+18007391030
+18007391031
+18007391032
+18007391033
+18007391035
+18007391036
+18007391039
+18007391040
+18007391041
+18007391042
+18007391043
+18007391044
+18007391045
+18007391046
+18007391047
+18007391048
+18007391049
+18007391050
+18007391051
+18007391052
+18007391053
+18007391054
+18007391055
+18007391056
+18007391057
+18007391058
+18007391059
+18007391060
+18007391061
+18007391062
+18007391063
+18007391064
+18007391065
+18007391066
+18007391067
+18007391068
+18007391069
+18007391070
+18007391071
+18007391072
+18007391075
+18007391076
+18007391077
+18007391078
+18007391079
+18007391080
+18007391081
+18007391083
+18007391084
+18007391085
+18007391086
+18007391087
+18007391088
+18007391089
+18007391090
+18007391091
+18007391092
+18007391093
+18007391094
+18007391095
+18007391096
+18007391097
+18007391098
+18007391099
+18007391100
+18007391102
+18007391103
+18007391104
+18007391105
+18007391106
+18007391107
+18007391108
+18007391109
+18007391110
+18007391111
+18007391112
+18007391114
+18007391116
+18007391117
+18007391118
+18007391120
+18007391121
+18007391122
+18007391124
+18007391127
+18007391128
+18007391129
+18007391130
+18007391131
+18007391133
+18007391134
+18007391136
+18007391137
+18007391138
+18007391139
+18007391140
+18007391141
+18007391143
+18007391144
+18007391145
+18007391146
+18007391147
+18007391148
+18007391149
+18007391150
+18007391151
+18007391152
+18007391153
+18007391154
+18007391155
+18007391156
+18007391158
+18007391159
+18007391161
+18007391162
+18007391163
+18007391164
+18007391165
+18007391167
+18007391168
+18007391169
+18007391170
+18007391171
+18007391172
+18007391173
+18007391174
+18007391175
+18007391176
+18007391177
+18007391178
+18007391179
+18007391180
+18007391181
+18007391182
+18007391183
+18007391184
+18007391185
+18007391186
+18007391187
+18007391188
+18007391189
+18007391190
+18007391191
+18007391192
+18007391193
+18007391194
+18007391195
+18007391196
+18007391197
+18007391198
+18007391199
+18007391200
+18007391201
+18007391203
+18007391204
+18007391206
+18007391207
+18007391208
+18007391209
+18007391210
+18007391211
+18007391212
+18007391213
+18007391215
+18007391216
+18007391217
+18007391218
+18007391219
+18007391220
+18007391221
+18007391222
+18007391223
+18007391224
+18007391225
+18007391226
+18007391227
+18007391228
+18007391229
+18007391230
+18007391231
+18007391232
+18007391233
+18007391234
+18007391235
+18007391236
+18007391237
+18007391238
+18007391239
+18007391241
+18007391242
+18007391244
+18007391245
+18007391246
+18007391247
+18007391248
+18007391249
+18007391250
+18007391251
+18007391252
+18007391254
+18007391255
+18007391256
+18007391257
+18007391258
+18007391259
+18007391260
+18007391261
+18007391262
+18007391264
+18007391265
+18007391266
+18007391267
+18007391268
+18007391269
+18007391270
+18007391271
+18007391273
+18007391275
+18007391276
+18007391277
+18007391278
+18007391279
+18007391280
+18007391281
+18007391282
+18007391283
+18007391284
+18007391285
+18007391286
+18007391287
+18007391288
+18007391289
+18007391290
+18007391291
+18007391292
+18007391293
+18007391294
+18007391296
+18007391297
+18007391298
+18007391299
+18007391300
+18007391301
+18007391302
+18007391303
+18007391304
+18007391305
+18007391306
+18007391307
+18007391308
+18007391310
+18007391311
+18007391312
+18007391316
+18007391318
+18007391319
+18007391320
+18007391321
+18007391322
+18007391323
+18007391324
+18007391325
+18007391326
+18007391327
+18007391328
+18007391329
+18007391330
+18007391331
+18007391332
+18007391333
+18007391336
+18007391337
+18007391338
+18007391339
+18007391340
+18007391342
+18007391343
+18007391344
+18007391345
+18007391346
+18007391347
+18007391348
+18007391349
+18007391350
+18007391351
+18007391352
+18007391353
+18007391354
+18007391355
+18007391356
+18007391357
+18007391358
+18007391359
+18007391360
+18007391361
+18007391362
+18007391363
+18007391364
+18007391365
+18007391366
+18007391367
+18007391368
+18007391369
+18007391370
+18007391371
+18007391372
+18007391373
+18007391374
+18007391375
+18007391376
+18007391377
+18007391378
+18007391379
+18007391380
+18007391381
+18007391382
+18007391383
+18007391384
+18007391385
+18007391386
+18007391387
+18007391388
+18007391390
+18007391391
+18007391392
+18007391393
+18007391394
+18007391395
+18007391396
+18007391397
+18007391398
+18007391399
+18007391400
+18007391401
+18007391402
+18007391403
+18007391404
+18007391405
+18007391406
+18007391407
+18007391408
+18007391409
+18007391410
+18007391411
+18007391412
+18007391413
+18007391414
+18007391415
+18007391416
+18007391417
+18007391418
+18007391420
+18007391421
+18007391422
+18007391423
+18007391424
+18007391425
+18007391426
+18007391427
+18007391428
+18007391429
+18007391430
+18007391431
+18007391432
+18007391433
+18007391434
+18007391435
+18007391436
+18007391437
+18007391438
+18007391439
+18007391440
+18007391442
+18007391443
+18007391444
+18007391446
+18007391447
+18007391448
+18007391449
+18007391450
+18007391451
+18007391452
+18007391453
+18007391454
+18007391455
+18007391456
+18007391457
+18007391458
+18007391460
+18007391461
+18007391463
+18007391464
+18007391465
+18007391466
+18007391467
+18007391468
+18007391469
+18007391470
+18007391471
+18007391472
+18007391473
+18007391474
+18007391475
+18007391477
+18007391478
+18007391479
+18007391480
+18007391481
+18007391482
+18007391483
+18007391484
+18007391485
+18007391486
+18007391487
+18007391488
+18007391489
+18007391490
+18007391491
+18007391492
+18007391493
+18007391494
+18007391495
+18007391496
+18007391497
+18007391498
+18007391499
+18007391500
+18007391501
+18007391502
+18007391503
+18007391504
+18007391505
+18007391506
+18007391507
+18007391508
+18007391509
+18007391510
+18007391511
+18007391512
+18007391513
+18007391514
+18007391515
+18007391516
+18007391517
+18007391518
+18007391519
+18007391520
+18007391521
+18007391522
+18007391523
+18007391524
+18007391525
+18007391526
+18007391527
+18007391528
+18007391529
+18007391530
+18007391531
+18007391532
+18007391533
+18007391534
+18007391535
+18007391536
+18007391537
+18007391538
+18007391539
+18007391540
+18007391541
+18007391542
+18007391543
+18007391544
+18007391545
+18007391547
+18007391548
+18007391549
+18007391550
+18007391551
+18007391552
+18007391553
+18007391554
+18007391555
+18007391556
+18007391557
+18007391558
+18007391559
+18007391560
+18007391561
+18007391562
+18007391563
+18007391564
+18007391565
+18007391566
+18007391567
+18007391568
+18007391569
+18007391570
+18007391571
+18007391572
+18007391573
+18007391574
+18007391575
+18007391576
+18007391577
+18007391578
+18007391579
+18007391580
+18007391581
+18007391582
+18007391583
+18007391584
+18007391585
+18007391586
+18007391587
+18007391588
+18007391589
+18007391590
+18007391591
+18007391592
+18007391593
+18007391594
+18007391595
+18007391596
+18007391597
+18007391599
+18007391601
+18007391602
+18007391603
+18007391604
+18007391605
+18007391606
+18007391607
+18007391608
+18007391610
+18007391611
+18007391612
+18007391613
+18007391614
+18007391615
+18007391616
+18007391617
+18007391618
+18007391620
+18007391621
+18007391622
+18007391623
+18007391624
+18007391625
+18007391626
+18007391627
+18007391628
+18007391629
+18007391630
+18007391631
+18007391633
+18007391634
+18007391635
+18007391636
+18007391637
+18007391638
+18007391639
+18007391640
+18007391641
+18007391642
+18007391643
+18007391644
+18007391646
+18007391647
+18007391648
+18007391650
+18007391651
+18007391652
+18007391653
+18007391654
+18007391655
+18007391656
+18007391657
+18007391658
+18007391659
+18007391660
+18007391661
+18007391662
+18007391663
+18007391664
+18007391665
+18007391666
+18007391667
+18007391668
+18007391669
+18007391670
+18007391671
+18007391672
+18007391673
+18007391674
+18007391675
+18007391676
+18007391677
+18007391678
+18007391679
+18007391680
+18007391681
+18007391682
+18007391683
+18007391684
+18007391685
+18007391686
+18007391687
+18007391688
+18007391689
+18007391690
+18007391691
+18007391692
+18007391693
+18007391694
+18007391695
+18007391696
+18007391697
+18007391698
+18007391699
+18007391700
+18007391701
+18007391702
+18007391703
+18007391704
+18007391705
+18007391706
+18007391707
+18007391708
+18007391709
+18007391710
+18007391711
+18007391712
+18007391713
+18007391714
+18007391715
+18007391716
+18007391717
+18007391718
+18007391719
+18007391720
+18007391721
+18007391722
+18007391723
+18007391724
+18007391725
+18007391726
+18007391727
+18007391728
+18007391729
+18007391730
+18007391731
+18007391732
+18007391733
+18007391734
+18007391735
+18007391736
+18007391737
+18007391738
+18007391739
+18007391740
+18007391741
+18007391742
+18007391743
+18007391744
+18007391745
+18007391746
+18007391747
+18007391748
+18007391749
+18007391750
+18007391751
+18007391752
+18007391753
+18007391754
+18007391755
+18007391756
+18007391757
+18007391758
+18007391759
+18007391760
+18007391761
+18007391762
+18007391763
+18007391764
+18007391765
+18007391766
+18007391767
+18007391768
+18007391769
+18007391771
+18007391772
+18007391773
+18007391774
+18007391775
+18007391776
+18007391777
+18007391778
+18007391779
+18007391780
+18007391781
+18007391782
+18007391783
+18007391786
+18007391787
+18007391788
+18007391789
+18007391790
+18007391791
+18007391792
+18007391793
+18007391794
+18007391795
+18007391796
+18007391797
+18007391798
+18007391799
+18007391800
+18007391801
+18007391802
+18007391803
+18007391805
+18007391806
+18007391807
+18007391808
+18007391809
+18007391810
+18007391811
+18007391812
+18007391813
+18007391814
+18007391815
+18007391817
+18007391818
+18007391819
+18007391820
+18007391821
+18007391823
+18007391824
+18007391825
+18007391826
+18007391829
+18007391830
+18007391831
+18007391832
+18007391833
+18007391834
+18007391835
+18007391836
+18007391837
+18007391839
+18007391840
+18007391841
+18007391843
+18007391844
+18007391847
+18007391849
+18007391850
+18007391851
+18007391853
+18007391854
+18007391855
+18007391856
+18007391857
+18007391858
+18007391859
+18007391860
+18007391861
+18007391862
+18007391864
+18007391865
+18007391866
+18007391867
+18007391868
+18007391869
+18007391870
+18007391871
+18007391872
+18007391873
+18007391874
+18007391875
+18007391876
+18007391877
+18007391878
+18007391879
+18007391880
+18007391881
+18007391882
+18007391888
+18007391895
+18007391896
+18007391897
+18007391898
+18007391899
+18007391900
+18007391901
+18007391902
+18007391904
+18007391905
+18007391906
+18007391907
+18007391908
+18007391910
+18007391911
+18007391912
+18007391913
+18007391914
+18007391915
+18007391916
+18007391917
+18007391920
+18007391922
+18007391923
+18007391924
+18007391925
+18007391926
+18007391927
+18007391928
+18007391929
+18007391930
+18007391931
+18007391933
+18007391934
+18007391935
+18007391936
+18007391937
+18007391938
+18007391939
+18007391940
+18007391941
+18007391943
+18007391949
+18007391950
+18007391951
+18007391952
+18007391953
+18007391954
+18007391955
+18007391971
+18007391978
+18007391979
+18007391981
+18007391982
+18007391983
+18007391984
+18007391985
+18007391987
+18007391988
+18007391989
+18007391990
+18007391991
+18007391992
+18007391993
+18007391994
+18007391995
+18007391996
+18007391997
+18007391998
+18007392000
+18007392001
+18007392002
+18007392003
+18007392004
+18007392005
+18007392006
+18007392007
+18007392008
+18007392009
+18007392010
+18007392011
+18007392012
+18007392013
+18007392014
+18007392015
+18007392017
+18007392018
+18007392019
+18007392020
+18007392021
+18007392022
+18007392023
+18007392025
+18007392026
+18007392027
+18007392029
+18007392030
+18007392032
+18007392033
+18007392034
+18007392035
+18007392037
+18007392038
+18007392039
+18007392040
+18007392042
+18007392043
+18007392044
+18007392045
+18007392046
+18007392048
+18007392049
+18007392051
+18007392052
+18007392053
+18007392054
+18007392055
+18007392056
+18007392058
+18007392059
+18007392060
+18007392062
+18007392063
+18007392064
+18007392065
+18007392066
+18007392067
+18007392069
+18007392070
+18007392071
+18007392072
+18007392073
+18007392074
+18007392075
+18007392076
+18007392077
+18007392078
+18007392079
+18007392080
+18007392081
+18007392082
+18007392083
+18007392084
+18007392085
+18007392086
+18007392087
+18007392088
+18007392089
+18007392090
+18007392091
+18007392092
+18007392093
+18007392094
+18007392095
+18007392096
+18007392097
+18007392098
+18007392099
+18007392100
+18007392102
+18007392103
+18007392104
+18007392105
+18007392106
+18007392107
+18007392108
+18007392109
+18007392110
+18007392111
+18007392112
+18007392116
+18007392117
+18007392119
+18007392120
+18007392121
+18007392122
+18007392123
+18007392124
+18007392125
+18007392126
+18007392127
+18007392128
+18007392129
+18007392130
+18007392131
+18007392132
+18007392133
+18007392134
+18007392135
+18007392136
+18007392137
+18007392138
+18007392139
+18007392140
+18007392141
+18007392142
+18007392143
+18007392144
+18007392145
+18007392146
+18007392147
+18007392148
+18007392149
+18007392150
+18007392151
+18007392152
+18007392153
+18007392154
+18007392155
+18007392156
+18007392157
+18007392158
+18007392159
+18007392160
+18007392161
+18007392162
+18007392163
+18007392164
+18007392165
+18007392166
+18007392167
+18007392168
+18007392169
+18007392170
+18007392171
+18007392172
+18007392173
+18007392174
+18007392175
+18007392176
+18007392177
+18007392178
+18007392179
+18007392180
+18007392181
+18007392182
+18007392183
+18007392184
+18007392186
+18007392187
+18007392188
+18007392190
+18007392191
+18007392192
+18007392193
+18007392195
+18007392197
+18007392198
+18007392199
+18007392200
+18007392201
+18007392202
+18007392203
+18007392204
+18007392205
+18007392207
+18007392208
+18007392210
+18007392213
+18007392214
+18007392215
+18007392216
+18007392218
+18007392219
+18007392220
+18007392223
+18007392224
+18007392226
+18007392227
+18007392228
+18007392229
+18007392230
+18007392231
+18007392232
+18007392233
+18007392234
+18007392237
+18007392238
+18007392239
+18007392240
+18007392241
+18007392242
+18007392243
+18007392244
+18007392246
+18007392247
+18007392248
+18007392249
+18007392250
+18007392251
+18007392252
+18007392253
+18007392254
+18007392255
+18007392256
+18007392257
+18007392259
+18007392260
+18007392261
+18007392262
+18007392263
+18007392264
+18007392265
+18007392266
+18007392267
+18007392268
+18007392269
+18007392270
+18007392272
+18007392273
+18007392274
+18007392277
+18007392278
+18007392280
+18007392281
+18007392282
+18007392283
+18007392284
+18007392285
+18007392286
+18007392287
+18007392288
+18007392290
+18007392291
+18007392292
+18007392293
+18007392294
+18007392296
+18007392297
+18007392298
+18007392299
+18007392300
+18007392301
+18007392302
+18007392303
+18007392304
+18007392305
+18007392306
+18007392308
+18007392309
+18007392310
+18007392311
+18007392312
+18007392313
+18007392314
+18007392315
+18007392316
+18007392317
+18007392319
+18007392320
+18007392322
+18007392323
+18007392324
+18007392325
+18007392326
+18007392327
+18007392329
+18007392330
+18007392331
+18007392334
+18007392335
+18007392336
+18007392337
+18007392338
+18007392339
+18007392340
+18007392341
+18007392342
+18007392343
+18007392344
+18007392345
+18007392346
+18007392347
+18007392348
+18007392349
+18007392350
+18007392353
+18007392354
+18007392356
+18007392357
+18007392358
+18007392359
+18007392360
+18007392361
+18007392362
+18007392363
+18007392364
+18007392365
+18007392366
+18007392367
+18007392368
+18007392369
+18007392370
+18007392372
+18007392373
+18007392374
+18007392375
+18007392376
+18007392378
+18007392379
+18007392380
+18007392381
+18007392382
+18007392383
+18007392384
+18007392385
+18007392389
+18007392390
+18007392392
+18007392393
+18007392394
+18007392395
+18007392396
+18007392397
+18007392398
+18007392399
+18007392402
+18007392403
+18007392404
+18007392405
+18007392406
+18007392407
+18007392408
+18007392409
+18007392410
+18007392411
+18007392412
+18007392413
+18007392414
+18007392417
+18007392418
+18007392419
+18007392420
+18007392421
+18007392422
+18007392423
+18007392424
+18007392425
+18007392426
+18007392427
+18007392428
+18007392429
+18007392430
+18007392432
+18007392436
+18007392437
+18007392440
+18007392441
+18007392442
+18007392443
+18007392444
+18007392445
+18007392446
+18007392447
+18007392448
+18007392449
+18007392450
+18007392451
+18007392452
+18007392455
+18007392456
+18007392457
+18007392458
+18007392459
+18007392461
+18007392463
+18007392464
+18007392465
+18007392466
+18007392467
+18007392468
+18007392469
+18007392470
+18007392471
+18007392472
+18007392473
+18007392474
+18007392475
+18007392476
+18007392477
+18007392478
+18007392479
+18007392480
+18007392481
+18007392482
+18007392484
+18007392485
+18007392486
+18007392487
+18007392488
+18007392489
+18007392490
+18007392491
+18007392492
+18007392493
+18007392494
+18007392495
+18007392496
+18007392497
+18007392498
+18007392499
+18007392500
+18007392501
+18007392502
+18007392504
+18007392505
+18007392506
+18007392508
+18007392510
+18007392511
+18007392512
+18007392514
+18007392515
+18007392516
+18007392517
+18007392518
+18007392519
+18007392520
+18007392521
+18007392522
+18007392523
+18007392524
+18007392525
+18007392526
+18007392527
+18007392528
+18007392529
+18007392530
+18007392531
+18007392533
+18007392534
+18007392535
+18007392536
+18007392537
+18007392538
+18007392540
+18007392541
+18007392542
+18007392543
+18007392544
+18007392545
+18007392546
+18007392547
+18007392548
+18007392549
+18007392550
+18007392551
+18007392552
+18007392553
+18007392554
+18007392555
+18007392556
+18007392558
+18007392559
+18007392560
+18007392561
+18007392562
+18007392563
+18007392564
+18007392565
+18007392566
+18007392568
+18007392569
+18007392570
+18007392572
+18007392573
+18007392574
+18007392575
+18007392576
+18007392577
+18007392578
+18007392579
+18007392582
+18007392583
+18007392584
+18007392585
+18007392586
+18007392587
+18007392588
+18007392589
+18007392590
+18007392592
+18007392593
+18007392596
+18007392597
+18007392598
+18007392599
+18007392600
+18007392601
+18007392602
+18007392604
+18007392605
+18007392606
+18007392609
+18007392610
+18007392612
+18007392614
+18007392615
+18007392616
+18007392617
+18007392618
+18007392619
+18007392620
+18007392621
+18007392622
+18007392623
+18007392624
+18007392625
+18007392626
+18007392627
+18007392628
+18007392629
+18007392631
+18007392632
+18007392633
+18007392634
+18007392635
+18007392636
+18007392637
+18007392638
+18007392639
+18007392640
+18007392641
+18007392642
+18007392643
+18007392644
+18007392646
+18007392647
+18007392648
+18007392650
+18007392651
+18007392652
+18007392653
+18007392654
+18007392655
+18007392656
+18007392657
+18007392658
+18007392659
+18007392660
+18007392661
+18007392662
+18007392663
+18007392664
+18007392665
+18007392666
+18007392667
+18007392668
+18007392669
+18007392670
+18007392672
+18007392674
+18007392677
+18007392679
+18007392680
+18007392681
+18007392682
+18007392683
+18007392684
+18007392685
+18007392687
+18007392689
+18007392690
+18007392691
+18007392692
+18007392693
+18007392694
+18007392695
+18007392696
+18007392697
+18007392698
+18007392699
+18007392700
+18007392701
+18007392702
+18007392703
+18007392704
+18007392705
+18007392706
+18007392707
+18007392708
+18007392709
+18007392710
+18007392711
+18007392712
+18007392713
+18007392714
+18007392715
+18007392716
+18007392717
+18007392718
+18007392719
+18007392721
+18007392722
+18007392723
+18007392725
+18007392727
+18007392728
+18007392729
+18007392737
+18007392739
+18007392740
+18007392743
+18007392744
+18007392745
+18007392746
+18007392747
+18007392748
+18007392749
+18007392752
+18007392754
+18007392755
+18007392756
+18007392759
+18007392760
+18007392761
+18007392762
+18007392763
+18007392764
+18007392766
+18007392767
+18007392768
+18007392769
+18007392773
+18007392777
+18007392783
+18007392784
+18007392785
+18007392786
+18007392787
+18007392788
+18007392789
+18007392790
+18007392791
+18007392792
+18007392793
+18007392794
+18007392795
+18007392796
+18007392797
+18007392798
+18007392800
+18007392801
+18007392802
+18007392803
+18007392804
+18007392805
+18007392806
+18007392807
+18007392808
+18007392809
+18007392810
+18007392811
+18007392813
+18007392814
+18007392816
+18007392817
+18007392820
+18007392821
+18007392823
+18007392824
+18007392825
+18007392826
+18007392827
+18007392828
+18007392829
+18007392832
+18007392833
+18007392834
+18007392835
+18007392836
+18007392837
+18007392838
+18007392839
+18007392840
+18007392841
+18007392842
+18007392843
+18007392844
+18007392845
+18007392846
+18007392847
+18007392848
+18007392849
+18007392850
+18007392851
+18007392852
+18007392854
+18007392856
+18007392857
+18007392858
+18007392859
+18007392861
+18007392862
+18007392863
+18007392864
+18007392866
+18007392867
+18007392868
+18007392869
+18007392870
+18007392871
+18007392872
+18007392873
+18007392874
+18007392875
+18007392876
+18007392877
+18007392878
+18007392879
+18007392880
+18007392881
+18007392882
+18007392883
+18007392884
+18007392885
+18007392886
+18007392887
+18007392888
+18007392890
+18007392891
+18007392892
+18007392893
+18007392895
+18007392896
+18007392897
+18007392898
+18007392899
+18007392900
+18007392901
+18007392902
+18007392903
+18007392904
+18007392905
+18007392906
+18007392907
+18007392908
+18007392910
+18007392911
+18007392912
+18007392913
+18007392916
+18007392917
+18007392919
+18007392921
+18007392922
+18007392923
+18007392924
+18007392925
+18007392926
+18007392927
+18007392928
+18007392929
+18007392930
+18007392931
+18007392932
+18007392933
+18007392934
+18007392935
+18007392936
+18007392937
+18007392938
+18007392939
+18007392942
+18007392943
+18007392944
+18007392946
+18007392947
+18007392948
+18007392949
+18007392950
+18007392951
+18007392952
+18007392953
+18007392954
+18007392955
+18007392956
+18007392957
+18007392958
+18007392959
+18007392961
+18007392962
+18007392963
+18007392964
+18007392966
+18007392968
+18007392971
+18007392972
+18007392973
+18007392974
+18007392975
+18007392976
+18007392977
+18007392978
+18007392979
+18007392980
+18007392981
+18007392983
+18007392984
+18007392985
+18007392987
+18007392988
+18007392989
+18007392991
+18007392992
+18007392993
+18007392994
+18007392995
+18007392996
+18007392997
+18007392998
+18007392999
+18007393000
+18007393001
+18007393002
+18007393003
+18007393004
+18007393006
+18007393007
+18007393008
+18007393010
+18007393011
+18007393012
+18007393013
+18007393015
+18007393016
+18007393017
+18007393018
+18007393019
+18007393020
+18007393021
+18007393022
+18007393023
+18007393024
+18007393025
+18007393026
+18007393027
+18007393028
+18007393029
+18007393030
+18007393031
+18007393032
+18007393033
+18007393034
+18007393035
+18007393036
+18007393037
+18007393038
+18007393039
+18007393040
+18007393041
+18007393042
+18007393043
+18007393044
+18007393045
+18007393046
+18007393049
+18007393050
+18007393051
+18007393052
+18007393053
+18007393054
+18007393056
+18007393057
+18007393058
+18007393059
+18007393060
+18007393061
+18007393064
+18007393065
+18007393066
+18007393067
+18007393068
+18007393069
+18007393070
+18007393071
+18007393072
+18007393073
+18007393074
+18007393075
+18007393076
+18007393077
+18007393078
+18007393079
+18007393080
+18007393081
+18007393082
+18007393083
+18007393085
+18007393086
+18007393087
+18007393088
+18007393090
+18007393091
+18007393092
+18007393093
+18007393094
+18007393095
+18007393096
+18007393097
+18007393098
+18007393100
+18007393101
+18007393102
+18007393103
+18007393104
+18007393105
+18007393107
+18007393108
+18007393109
+18007393110
+18007393111
+18007393112
+18007393113
+18007393114
+18007393115
+18007393116
+18007393117
+18007393118
+18007393119
+18007393120
+18007393121
+18007393123
+18007393124
+18007393125
+18007393126
+18007393127
+18007393128
+18007393129
+18007393130
+18007393131
+18007393132
+18007393133
+18007393134
+18007393135
+18007393136
+18007393137
+18007393138
+18007393139
+18007393140
+18007393141
+18007393142
+18007393143
+18007393144
+18007393145
+18007393146
+18007393149
+18007393150
+18007393151
+18007393152
+18007393153
+18007393154
+18007393155
+18007393156
+18007393157
+18007393158
+18007393159
+18007393160
+18007393161
+18007393162
+18007393163
+18007393164
+18007393165
+18007393166
+18007393167
+18007393168
+18007393169
+18007393170
+18007393171
+18007393172
+18007393173
+18007393174
+18007393175
+18007393176
+18007393177
+18007393178
+18007393179
+18007393180
+18007393181
+18007393182
+18007393183
+18007393184
+18007393185
+18007393186
+18007393187
+18007393189
+18007393190
+18007393191
+18007393192
+18007393193
+18007393194
+18007393195
+18007393196
+18007393197
+18007393198
+18007393199
+18007393200
+18007393201
+18007393202
+18007393203
+18007393204
+18007393205
+18007393206
+18007393207
+18007393208
+18007393209
+18007393210
+18007393211
+18007393212
+18007393213
+18007393214
+18007393215
+18007393216
+18007393217
+18007393219
+18007393220
+18007393221
+18007393222
+18007393223
+18007393224
+18007393225
+18007393226
+18007393227
+18007393228
+18007393229
+18007393230
+18007393231
+18007393232
+18007393233
+18007393235
+18007393236
+18007393237
+18007393238
+18007393239
+18007393240
+18007393241
+18007393242
+18007393243
+18007393244
+18007393245
+18007393246
+18007393247
+18007393248
+18007393249
+18007393250
+18007393251
+18007393252
+18007393254
+18007393255
+18007393256
+18007393257
+18007393258
+18007393260
+18007393261
+18007393262
+18007393263
+18007393264
+18007393265
+18007393266
+18007393267
+18007393268
+18007393269
+18007393270
+18007393271
+18007393272
+18007393273
+18007393274
+18007393275
+18007393276
+18007393277
+18007393278
+18007393279
+18007393280
+18007393281
+18007393282
+18007393283
+18007393284
+18007393285
+18007393286
+18007393287
+18007393288
+18007393289
+18007393290
+18007393291
+18007393292
+18007393293
+18007393295
+18007393296
+18007393297
+18007393298
+18007393299
+18007393300
+18007393301
+18007393302
+18007393303
+18007393305
+18007393307
+18007393308
+18007393309
+18007393310
+18007393313
+18007393316
+18007393317
+18007393318
+18007393319
+18007393320
+18007393321
+18007393322
+18007393323
+18007393324
+18007393325
+18007393327
+18007393328
+18007393329
+18007393330
+18007393332
+18007393333
+18007393334
+18007393335
+18007393336
+18007393337
+18007393338
+18007393340
+18007393341
+18007393343
+18007393344
+18007393345
+18007393346
+18007393347
+18007393348
+18007393350
+18007393351
+18007393354
+18007393356
+18007393357
+18007393358
+18007393359
+18007393360
+18007393361
+18007393362
+18007393363
+18007393364
+18007393365
+18007393367
+18007393368
+18007393370
+18007393371
+18007393374
+18007393375
+18007393376
+18007393377
+18007393378
+18007393381
+18007393382
+18007393383
+18007393384
+18007393385
+18007393386
+18007393387
+18007393388
+18007393389
+18007393390
+18007393391
+18007393392
+18007393393
+18007393394
+18007393396
+18007393397
+18007393398
+18007393401
+18007393402
+18007393403
+18007393404
+18007393405
+18007393406
+18007393407
+18007393408
+18007393410
+18007393413
+18007393415
+18007393416
+18007393418
+18007393419
+18007393420
+18007393421
+18007393422
+18007393423
+18007393425
+18007393426
+18007393427
+18007393428
+18007393429
+18007393431
+18007393432
+18007393433
+18007393434
+18007393435
+18007393436
+18007393437
+18007393438
+18007393440
+18007393441
+18007393442
+18007393443
+18007393445
+18007393446
+18007393447
+18007393448
+18007393449
+18007393450
+18007393451
+18007393452
+18007393453
+18007393454
+18007393455
+18007393456
+18007393457
+18007393458
+18007393460
+18007393462
+18007393464
+18007393465
+18007393466
+18007393467
+18007393469
+18007393470
+18007393471
+18007393472
+18007393474
+18007393475
+18007393476
+18007393477
+18007393478
+18007393479
+18007393480
+18007393481
+18007393482
+18007393483
+18007393485
+18007393486
+18007393487
+18007393488
+18007393489
+18007393490
+18007393492
+18007393493
+18007393494
+18007393495
+18007393496
+18007393497
+18007393499
+18007393500
+18007393501
+18007393502
+18007393503
+18007393504
+18007393505
+18007393506
+18007393507
+18007393508
+18007393509
+18007393510
+18007393511
+18007393512
+18007393513
+18007393514
+18007393515
+18007393516
+18007393519
+18007393520
+18007393521
+18007393522
+18007393523
+18007393524
+18007393525
+18007393526
+18007393527
+18007393528
+18007393529
+18007393530
+18007393531
+18007393532
+18007393533
+18007393534
+18007393535
+18007393536
+18007393537
+18007393538
+18007393539
+18007393541
+18007393542
+18007393543
+18007393544
+18007393545
+18007393546
+18007393547
+18007393548
+18007393549
+18007393551
+18007393552
+18007393553
+18007393554
+18007393556
+18007393558
+18007393559
+18007393560
+18007393561
+18007393562
+18007393563
+18007393564
+18007393565
+18007393566
+18007393567
+18007393568
+18007393569
+18007393570
+18007393571
+18007393572
+18007393573
+18007393574
+18007393577
+18007393578
+18007393579
+18007393580
+18007393581
+18007393582
+18007393583
+18007393584
+18007393585
+18007393586
+18007393587
+18007393588
+18007393589
+18007393590
+18007393591
+18007393592
+18007393593
+18007393594
+18007393596
+18007393599
+18007393600
+18007393601
+18007393602
+18007393603
+18007393604
+18007393605
+18007393606
+18007393607
+18007393608
+18007393609
+18007393610
+18007393611
+18007393612
+18007393613
+18007393614
+18007393615
+18007393616
+18007393617
+18007393618
+18007393619
+18007393620
+18007393621
+18007393622
+18007393623
+18007393624
+18007393625
+18007393626
+18007393627
+18007393628
+18007393632
+18007393633
+18007393634
+18007393635
+18007393636
+18007393637
+18007393639
+18007393640
+18007393641
+18007393642
+18007393644
+18007393645
+18007393646
+18007393647
+18007393648
+18007393649
+18007393650
+18007393652
+18007393653
+18007393654
+18007393655
+18007393656
+18007393657
+18007393658
+18007393659
+18007393661
+18007393662
+18007393663
+18007393664
+18007393665
+18007393668
+18007393669
+18007393670
+18007393671
+18007393672
+18007393674
+18007393675
+18007393676
+18007393677
+18007393678
+18007393679
+18007393680
+18007393681
+18007393682
+18007393683
+18007393684
+18007393685
+18007393687
+18007393688
+18007393689
+18007393690
+18007393691
+18007393692
+18007393693
+18007393694
+18007393695
+18007393696
+18007393697
+18007393698
+18007393699
+18007393701
+18007393702
+18007393703
+18007393704
+18007393705
+18007393706
+18007393707
+18007393708
+18007393711
+18007393712
+18007393715
+18007393716
+18007393717
+18007393718
+18007393719
+18007393720
+18007393721
+18007393722
+18007393727
+18007393728
+18007393729
+18007393730
+18007393731
+18007393732
+18007393733
+18007393734
+18007393735
+18007393736
+18007393738
+18007393739
+18007393740
+18007393741
+18007393742
+18007393743
+18007393744
+18007393745
+18007393746
+18007393747
+18007393748
+18007393749
+18007393751
+18007393752
+18007393755
+18007393757
+18007393758
+18007393759
+18007393760
+18007393761
+18007393763
+18007393764
+18007393765
+18007393766
+18007393767
+18007393769
+18007393771
+18007393772
+18007393774
+18007393775
+18007393776
+18007393778
+18007393780
+18007393781
+18007393783
+18007393784
+18007393786
+18007393787
+18007393789
+18007393790
+18007393791
+18007393792
+18007393793
+18007393794
+18007393796
+18007393797
+18007393798
+18007393799
+18007393800
+18007393801
+18007393802
+18007393803
+18007393805
+18007393806
+18007393807
+18007393808
+18007393809
+18007393811
+18007393812
+18007393813
+18007393814
+18007393815
+18007393819
+18007393820
+18007393821
+18007393822
+18007393823
+18007393824
+18007393825
+18007393826
+18007393827
+18007393829
+18007393830
+18007393831
+18007393832
+18007393833
+18007393834
+18007393835
+18007393836
+18007393837
+18007393838
+18007393840
+18007393841
+18007393842
+18007393843
+18007393844
+18007393845
+18007393846
+18007393847
+18007393848
+18007393849
+18007393853
+18007393854
+18007393855
+18007393857
+18007393858
+18007393859
+18007393860
+18007393861
+18007393862
+18007393863
+18007393864
+18007393865
+18007393866
+18007393867
+18007393868
+18007393870
+18007393871
+18007393872
+18007393873
+18007393874
+18007393875
+18007393876
+18007393877
+18007393878
+18007393879
+18007393880
+18007393881
+18007393882
+18007393884
+18007393886
+18007393887
+18007393888
+18007393889
+18007393890
+18007393891
+18007393893
+18007393894
+18007393895
+18007393896
+18007393897
+18007393901
+18007393902
+18007393903
+18007393904
+18007393905
+18007393906
+18007393907
+18007393908
+18007393909
+18007393910
+18007393911
+18007393912
+18007393913
+18007393915
+18007393916
+18007393917
+18007393918
+18007393919
+18007393921
+18007393922
+18007393923
+18007393924
+18007393925
+18007393926
+18007393927
+18007393928
+18007393929
+18007393930
+18007393931
+18007393932
+18007393933
+18007393934
+18007393935
+18007393938
+18007393939
+18007393940
+18007393941
+18007393942
+18007393943
+18007393944
+18007393945
+18007393946
+18007393947
+18007393948
+18007393949
+18007393950
+18007393951
+18007393952
+18007393953
+18007393954
+18007393955
+18007393956
+18007393957
+18007393958
+18007393959
+18007393960
+18007393961
+18007393963
+18007393964
+18007393965
+18007393966
+18007393967
+18007393968
+18007393969
+18007393970
+18007393971
+18007393972
+18007393973
+18007393974
+18007393975
+18007393976
+18007393977
+18007393978
+18007393981
+18007393982
+18007393983
+18007393984
+18007393985
+18007393986
+18007393987
+18007393988
+18007393989
+18007393990
+18007393991
+18007393992
+18007393993
+18007393994
+18007393995
+18007393996
+18007393997
+18007393998
+18007393999
+18007394000
+18007394001
+18007394002
+18007394003
+18007394004
+18007394005
+18007394006
+18007394007
+18007394008
+18007394009
+18007394010
+18007394011
+18007394012
+18007394013
+18007394014
+18007394016
+18007394017
+18007394018
+18007394019
+18007394020
+18007394021
+18007394022
+18007394023
+18007394024
+18007394025
+18007394026
+18007394027
+18007394028
+18007394029
+18007394030
+18007394031
+18007394032
+18007394033
+18007394034
+18007394035
+18007394036
+18007394037
+18007394038
+18007394039
+18007394040
+18007394041
+18007394042
+18007394043
+18007394044
+18007394045
+18007394046
+18007394047
+18007394048
+18007394049
+18007394050
+18007394051
+18007394052
+18007394054
+18007394055
+18007394056
+18007394057
+18007394058
+18007394059
+18007394060
+18007394062
+18007394063
+18007394064
+18007394065
+18007394066
+18007394067
+18007394068
+18007394069
+18007394070
+18007394071
+18007394072
+18007394073
+18007394074
+18007394075
+18007394076
+18007394077
+18007394078
+18007394079
+18007394080
+18007394081
+18007394082
+18007394083
+18007394084
+18007394085
+18007394086
+18007394087
+18007394088
+18007394089
+18007394090
+18007394091
+18007394092
+18007394093
+18007394094
+18007394095
+18007394096
+18007394097
+18007394098
+18007394099
+18007394100
+18007394101
+18007394102
+18007394103
+18007394104
+18007394106
+18007394108
+18007394109
+18007394110
+18007394112
+18007394114
+18007394115
+18007394116
+18007394117
+18007394118
+18007394119
+18007394121
+18007394122
+18007394123
+18007394124
+18007394125
+18007394126
+18007394127
+18007394129
+18007394130
+18007394131
+18007394132
+18007394133
+18007394134
+18007394136
+18007394139
+18007394140
+18007394141
+18007394142
+18007394143
+18007394144
+18007394146
+18007394147
+18007394148
+18007394149
+18007394150
+18007394152
+18007394153
+18007394154
+18007394155
+18007394156
+18007394157
+18007394158
+18007394159
+18007394160
+18007394161
+18007394162
+18007394163
+18007394164
+18007394165
+18007394166
+18007394167
+18007394168
+18007394169
+18007394170
+18007394171
+18007394172
+18007394173
+18007394174
+18007394175
+18007394176
+18007394177
+18007394178
+18007394179
+18007394180
+18007394181
+18007394182
+18007394183
+18007394184
+18007394185
+18007394186
+18007394187
+18007394188
+18007394189
+18007394191
+18007394192
+18007394193
+18007394194
+18007394195
+18007394196
+18007394197
+18007394198
+18007394199
+18007394200
+18007394201
+18007394203
+18007394204
+18007394205
+18007394206
+18007394207
+18007394208
+18007394209
+18007394210
+18007394211
+18007394212
+18007394213
+18007394214
+18007394216
+18007394217
+18007394219
+18007394221
+18007394222
+18007394223
+18007394224
+18007394225
+18007394226
+18007394227
+18007394228
+18007394230
+18007394231
+18007394233
+18007394234
+18007394235
+18007394236
+18007394237
+18007394238
+18007394240
+18007394244
+18007394245
+18007394246
+18007394247
+18007394249
+18007394250
+18007394251
+18007394252
+18007394253
+18007394254
+18007394255
+18007394256
+18007394257
+18007394258
+18007394259
+18007394260
+18007394261
+18007394263
+18007394264
+18007394265
+18007394266
+18007394268
+18007394269
+18007394271
+18007394272
+18007394273
+18007394274
+18007394275
+18007394276
+18007394277
+18007394278
+18007394279
+18007394281
+18007394282
+18007394283
+18007394284
+18007394285
+18007394286
+18007394288
+18007394289
+18007394290
+18007394291
+18007394293
+18007394294
+18007394295
+18007394296
+18007394297
+18007394298
+18007394299
+18007394300
+18007394302
+18007394303
+18007394304
+18007394305
+18007394306
+18007394307
+18007394309
+18007394310
+18007394311
+18007394312
+18007394313
+18007394314
+18007394315
+18007394316
+18007394317
+18007394319
+18007394320
+18007394323
+18007394324
+18007394325
+18007394326
+18007394327
+18007394328
+18007394329
+18007394330
+18007394331
+18007394332
+18007394333
+18007394334
+18007394335
+18007394336
+18007394337
+18007394338
+18007394340
+18007394341
+18007394342
+18007394343
+18007394344
+18007394345
+18007394346
+18007394347
+18007394348
+18007394349
+18007394350
+18007394351
+18007394352
+18007394353
+18007394354
+18007394355
+18007394356
+18007394357
+18007394358
+18007394359
+18007394360
+18007394361
+18007394362
+18007394363
+18007394364
+18007394365
+18007394366
+18007394367
+18007394368
+18007394369
+18007394370
+18007394371
+18007394372
+18007394373
+18007394374
+18007394375
+18007394376
+18007394377
+18007394379
+18007394380
+18007394381
+18007394382
+18007394383
+18007394384
+18007394385
+18007394386
+18007394387
+18007394389
+18007394390
+18007394391
+18007394392
+18007394393
+18007394394
+18007394395
+18007394396
+18007394397
+18007394398
+18007394400
+18007394401
+18007394402
+18007394403
+18007394404
+18007394405
+18007394406
+18007394407
+18007394408
+18007394409
+18007394411
+18007394412
+18007394413
+18007394414
+18007394416
+18007394417
+18007394418
+18007394419
+18007394420
+18007394421
+18007394423
+18007394424
+18007394425
+18007394426
+18007394428
+18007394429
+18007394431
+18007394432
+18007394433
+18007394434
+18007394435
+18007394436
+18007394437
+18007394438
+18007394439
+18007394440
+18007394442
+18007394444
+18007394445
+18007394446
+18007394447
+18007394448
+18007394450
+18007394451
+18007394452
+18007394453
+18007394454
+18007394456
+18007394457
+18007394458
+18007394459
+18007394460
+18007394462
+18007394463
+18007394464
+18007394465
+18007394466
+18007394467
+18007394468
+18007394471
+18007394472
+18007394473
+18007394474
+18007394475
+18007394476
+18007394477
+18007394479
+18007394481
+18007394482
+18007394484
+18007394485
+18007394486
+18007394487
+18007394488
+18007394489
+18007394490
+18007394491
+18007394492
+18007394493
+18007394494
+18007394495
+18007394496
+18007394497
+18007394498
+18007394500
+18007394501
+18007394502
+18007394504
+18007394506
+18007394507
+18007394509
+18007394510
+18007394511
+18007394513
+18007394516
+18007394521
+18007394523
+18007394524
+18007394525
+18007394526
+18007394527
+18007394528
+18007394529
+18007394530
+18007394532
+18007394533
+18007394534
+18007394535
+18007394536
+18007394537
+18007394540
+18007394541
+18007394542
+18007394543
+18007394544
+18007394546
+18007394547
+18007394548
+18007394549
+18007394550
+18007394551
+18007394552
+18007394554
+18007394557
+18007394559
+18007394560
+18007394567
+18007394568
+18007394569
+18007394570
+18007394571
+18007394572
+18007394573
+18007394574
+18007394575
+18007394576
+18007394577
+18007394578
+18007394579
+18007394581
+18007394583
+18007394584
+18007394585
+18007394586
+18007394587
+18007394588
+18007394589
+18007394591
+18007394592
+18007394593
+18007394594
+18007394595
+18007394596
+18007394597
+18007394598
+18007394601
+18007394603
+18007394604
+18007394605
+18007394607
+18007394608
+18007394610
+18007394611
+18007394612
+18007394613
+18007394614
+18007394615
+18007394617
+18007394618
+18007394619
+18007394620
+18007394621
+18007394622
+18007394623
+18007394624
+18007394625
+18007394627
+18007394629
+18007394630
+18007394632
+18007394633
+18007394634
+18007394638
+18007394640
+18007394643
+18007394645
+18007394646
+18007394648
+18007394650
+18007394651
+18007394652
+18007394653
+18007394654
+18007394655
+18007394656
+18007394657
+18007394658
+18007394660
+18007394661
+18007394666
+18007394668
+18007394669
+18007394672
+18007394673
+18007394674
+18007394675
+18007394676
+18007394677
+18007394678
+18007394681
+18007394682
+18007394684
+18007394685
+18007394686
+18007394687
+18007394688
+18007394689
+18007394691
+18007394692
+18007394693
+18007394694
+18007394695
+18007394696
+18007394697
+18007394701
+18007394702
+18007394704
+18007394709
+18007394710
+18007394712
+18007394713
+18007394714
+18007394715
+18007394716
+18007394717
+18007394718
+18007394720
+18007394721
+18007394722
+18007394723
+18007394724
+18007394725
+18007394726
+18007394727
+18007394728
+18007394729
+18007394730
+18007394734
+18007394738
+18007394739
+18007394740
+18007394741
+18007394742
+18007394743
+18007394744
+18007394745
+18007394746
+18007394747
+18007394748
+18007394749
+18007394752
+18007394754
+18007394755
+18007394758
+18007394760
+18007394762
+18007394763
+18007394764
+18007394765
+18007394766
+18007394767
+18007394768
+18007394769
+18007394770
+18007394772
+18007394775
+18007394776
+18007394777
+18007394778
+18007394781
+18007394782
+18007394783
+18007394785
+18007394787
+18007394788
+18007394789
+18007394791
+18007394794
+18007394795
+18007394796
+18007394797
+18007394800
+18007394801
+18007394802
+18007394803
+18007394804
+18007394805
+18007394806
+18007394807
+18007394808
+18007394809
+18007394810
+18007394811
+18007394812
+18007394813
+18007394814
+18007394815
+18007394816
+18007394817
+18007394818
+18007394819
+18007394820
+18007394822
+18007394823
+18007394824
+18007394825
+18007394826
+18007394827
+18007394828
+18007394829
+18007394830
+18007394831
+18007394832
+18007394833
+18007394834
+18007394835
+18007394836
+18007394839
+18007394841
+18007394842
+18007394843
+18007394844
+18007394845
+18007394847
+18007394848
+18007394851
+18007394853
+18007394854
+18007394855
+18007394856
+18007394857
+18007394858
+18007394859
+18007394862
+18007394864
+18007394865
+18007394866
+18007394867
+18007394869
+18007394871
+18007394872
+18007394875
+18007394876
+18007394877
+18007394878
+18007394879
+18007394880
+18007394881
+18007394882
+18007394883
+18007394884
+18007394885
+18007394886
+18007394887
+18007394888
+18007394889
+18007394890
+18007394891
+18007394892
+18007394893
+18007394894
+18007394895
+18007394896
+18007394897
+18007394898
+18007394899
+18007394900
+18007394901
+18007394902
+18007394903
+18007394904
+18007394905
+18007394906
+18007394907
+18007394908
+18007394909
+18007394910
+18007394911
+18007394912
+18007394913
+18007394914
+18007394915
+18007394916
+18007394918
+18007394919
+18007394920
+18007394921
+18007394922
+18007394923
+18007394924
+18007394925
+18007394926
+18007394927
+18007394928
+18007394929
+18007394930
+18007394931
+18007394932
+18007394933
+18007394934
+18007394935
+18007394936
+18007394937
+18007394938
+18007394939
+18007394940
+18007394941
+18007394942
+18007394943
+18007394944
+18007394945
+18007394946
+18007394947
+18007394948
+18007394950
+18007394951
+18007394952
+18007394953
+18007394954
+18007394956
+18007394957
+18007394958
+18007394959
+18007394960
+18007394961
+18007394964
+18007394965
+18007394966
+18007394967
+18007394968
+18007394969
+18007394970
+18007394971
+18007394972
+18007394974
+18007394975
+18007394976
+18007394977
+18007394978
+18007394979
+18007394980
+18007394982
+18007394983
+18007394984
+18007394987
+18007394988
+18007394989
+18007394991
+18007394993
+18007394994
+18007394995
+18007394996
+18007394997
+18007394998
+18007395000
+18007395001
+18007395002
+18007395003
+18007395004
+18007395005
+18007395006
+18007395007
+18007395008
+18007395009
+18007395010
+18007395011
+18007395012
+18007395013
+18007395014
+18007395015
+18007395016
+18007395017
+18007395018
+18007395019
+18007395020
+18007395021
+18007395022
+18007395023
+18007395024
+18007395025
+18007395027
+18007395028
+18007395029
+18007395030
+18007395031
+18007395032
+18007395033
+18007395034
+18007395035
+18007395036
+18007395037
+18007395038
+18007395039
+18007395040
+18007395041
+18007395042
+18007395043
+18007395044
+18007395045
+18007395046
+18007395047
+18007395048
+18007395049
+18007395050
+18007395051
+18007395052
+18007395053
+18007395054
+18007395055
+18007395056
+18007395057
+18007395058
+18007395059
+18007395060
+18007395061
+18007395062
+18007395064
+18007395065
+18007395066
+18007395067
+18007395068
+18007395069
+18007395070
+18007395071
+18007395072
+18007395073
+18007395074
+18007395075
+18007395076
+18007395077
+18007395079
+18007395080
+18007395081
+18007395082
+18007395084
+18007395086
+18007395087
+18007395088
+18007395089
+18007395091
+18007395092
+18007395093
+18007395094
+18007395095
+18007395096
+18007395097
+18007395098
+18007395099
+18007395100
+18007395101
+18007395103
+18007395104
+18007395105
+18007395107
+18007395108
+18007395109
+18007395110
+18007395111
+18007395112
+18007395113
+18007395114
+18007395115
+18007395116
+18007395117
+18007395118
+18007395119
+18007395121
+18007395122
+18007395126
+18007395127
+18007395128
+18007395129
+18007395130
+18007395131
+18007395133
+18007395134
+18007395135
+18007395136
+18007395137
+18007395138
+18007395139
+18007395140
+18007395141
+18007395142
+18007395143
+18007395144
+18007395145
+18007395146
+18007395147
+18007395148
+18007395149
+18007395152
+18007395154
+18007395155
+18007395156
+18007395158
+18007395159
+18007395161
+18007395162
+18007395163
+18007395164
+18007395165
+18007395166
+18007395167
+18007395168
+18007395170
+18007395171
+18007395172
+18007395173
+18007395174
+18007395175
+18007395176
+18007395178
+18007395180
+18007395181
+18007395182
+18007395183
+18007395184
+18007395185
+18007395186
+18007395187
+18007395188
+18007395190
+18007395191
+18007395192
+18007395195
+18007395196
+18007395197
+18007395198
+18007395200
+18007395201
+18007395202
+18007395204
+18007395205
+18007395206
+18007395207
+18007395208
+18007395209
+18007395210
+18007395212
+18007395213
+18007395214
+18007395215
+18007395217
+18007395218
+18007395219
+18007395220
+18007395221
+18007395222
+18007395224
+18007395225
+18007395226
+18007395228
+18007395229
+18007395230
+18007395231
+18007395232
+18007395233
+18007395234
+18007395235
+18007395236
+18007395237
+18007395238
+18007395239
+18007395240
+18007395241
+18007395242
+18007395243
+18007395244
+18007395245
+18007395246
+18007395247
+18007395248
+18007395249
+18007395250
+18007395251
+18007395252
+18007395253
+18007395254
+18007395255
+18007395256
+18007395258
+18007395259
+18007395260
+18007395261
+18007395262
+18007395263
+18007395264
+18007395265
+18007395266
+18007395267
+18007395268
+18007395270
+18007395271
+18007395272
+18007395273
+18007395275
+18007395276
+18007395277
+18007395278
+18007395279
+18007395280
+18007395281
+18007395282
+18007395283
+18007395284
+18007395285
+18007395286
+18007395287
+18007395288
+18007395289
+18007395290
+18007395291
+18007395292
+18007395293
+18007395294
+18007395295
+18007395296
+18007395298
+18007395299
+18007395301
+18007395302
+18007395304
+18007395305
+18007395307
+18007395308
+18007395309
+18007395310
+18007395311
+18007395313
+18007395314
+18007395315
+18007395316
+18007395318
+18007395319
+18007395320
+18007395322
+18007395323
+18007395324
+18007395325
+18007395326
+18007395327
+18007395328
+18007395329
+18007395330
+18007395331
+18007395332
+18007395333
+18007395334
+18007395335
+18007395336
+18007395337
+18007395338
+18007395339
+18007395340
+18007395341
+18007395342
+18007395343
+18007395344
+18007395345
+18007395346
+18007395347
+18007395348
+18007395349
+18007395350
+18007395351
+18007395352
+18007395353
+18007395354
+18007395355
+18007395356
+18007395357
+18007395358
+18007395359
+18007395360
+18007395361
+18007395362
+18007395363
+18007395364
+18007395365
+18007395366
+18007395368
+18007395369
+18007395370
+18007395371
+18007395372
+18007395373
+18007395374
+18007395375
+18007395376
+18007395377
+18007395378
+18007395379
+18007395380
+18007395381
+18007395382
+18007395383
+18007395384
+18007395385
+18007395386
+18007395387
+18007395388
+18007395389
+18007395390
+18007395391
+18007395392
+18007395393
+18007395394
+18007395395
+18007395396
+18007395398
+18007395399
+18007395400
+18007395401
+18007395402
+18007395403
+18007395404
+18007395405
+18007395406
+18007395407
+18007395408
+18007395409
+18007395410
+18007395411
+18007395413
+18007395416
+18007395417
+18007395418
+18007395419
+18007395420
+18007395421
+18007395422
+18007395423
+18007395424
+18007395425
+18007395426
+18007395429
+18007395430
+18007395431
+18007395432
+18007395433
+18007395435
+18007395436
+18007395437
+18007395438
+18007395439
+18007395440
+18007395441
+18007395442
+18007395443
+18007395444
+18007395446
+18007395447
+18007395448
+18007395449
+18007395450
+18007395451
+18007395452
+18007395454
+18007395455
+18007395456
+18007395457
+18007395458
+18007395459
+18007395460
+18007395462
+18007395463
+18007395465
+18007395466
+18007395467
+18007395468
+18007395469
+18007395470
+18007395471
+18007395472
+18007395473
+18007395475
+18007395476
+18007395477
+18007395478
+18007395479
+18007395480
+18007395481
+18007395482
+18007395483
+18007395484
+18007395486
+18007395487
+18007395488
+18007395489
+18007395490
+18007395491
+18007395492
+18007395493
+18007395494
+18007395495
+18007395496
+18007395497
+18007395498
+18007395501
+18007395502
+18007395503
+18007395504
+18007395505
+18007395506
+18007395507
+18007395508
+18007395509
+18007395511
+18007395512
+18007395514
+18007395515
+18007395516
+18007395517
+18007395518
+18007395519
+18007395520
+18007395521
+18007395522
+18007395523
+18007395524
+18007395526
+18007395528
+18007395529
+18007395531
+18007395532
+18007395534
+18007395535
+18007395536
+18007395537
+18007395538
+18007395539
+18007395540
+18007395541
+18007395542
+18007395543
+18007395545
+18007395546
+18007395547
+18007395548
+18007395549
+18007395551
+18007395552
+18007395555
+18007395556
+18007395557
+18007395558
+18007395559
+18007395560
+18007395561
+18007395562
+18007395563
+18007395564
+18007395565
+18007395566
+18007395567
+18007395568
+18007395569
+18007395570
+18007395571
+18007395572
+18007395573
+18007395575
+18007395576
+18007395577
+18007395578
+18007395579
+18007395580
+18007395581
+18007395582
+18007395583
+18007395584
+18007395585
+18007395586
+18007395587
+18007395588
+18007395589
+18007395590
+18007395591
+18007395592
+18007395593
+18007395594
+18007395595
+18007395596
+18007395597
+18007395598
+18007395600
+18007395601
+18007395603
+18007395604
+18007395605
+18007395607
+18007395608
+18007395609
+18007395610
+18007395611
+18007395612
+18007395613
+18007395614
+18007395615
+18007395616
+18007395617
+18007395618
+18007395619
+18007395620
+18007395621
+18007395622
+18007395623
+18007395624
+18007395625
+18007395626
+18007395627
+18007395628
+18007395629
+18007395630
+18007395631
+18007395632
+18007395633
+18007395634
+18007395636
+18007395637
+18007395639
+18007395640
+18007395642
+18007395643
+18007395644
+18007395645
+18007395646
+18007395647
+18007395649
+18007395650
+18007395652
+18007395653
+18007395654
+18007395655
+18007395656
+18007395657
+18007395658
+18007395659
+18007395660
+18007395661
+18007395662
+18007395663
+18007395664
+18007395665
+18007395667
+18007395668
+18007395670
+18007395671
+18007395672
+18007395673
+18007395675
+18007395676
+18007395677
+18007395679
+18007395680
+18007395681
+18007395682
+18007395683
+18007395684
+18007395685
+18007395686
+18007395687
+18007395688
+18007395689
+18007395690
+18007395691
+18007395692
+18007395693
+18007395694
+18007395695
+18007395696
+18007395697
+18007395698
+18007395699
+18007395701
+18007395702
+18007395703
+18007395705
+18007395706
+18007395708
+18007395709
+18007395712
+18007395713
+18007395714
+18007395715
+18007395716
+18007395717
+18007395718
+18007395719
+18007395720
+18007395721
+18007395722
+18007395723
+18007395724
+18007395725
+18007395726
+18007395727
+18007395728
+18007395729
+18007395730
+18007395731
+18007395732
+18007395733
+18007395734
+18007395735
+18007395736
+18007395737
+18007395739
+18007395740
+18007395741
+18007395742
+18007395743
+18007395744
+18007395745
+18007395746
+18007395747
+18007395748
+18007395749
+18007395750
+18007395751
+18007395752
+18007395753
+18007395754
+18007395755
+18007395756
+18007395757
+18007395758
+18007395760
+18007395761
+18007395762
+18007395763
+18007395765
+18007395766
+18007395767
+18007395768
+18007395769
+18007395770
+18007395771
+18007395772
+18007395773
+18007395774
+18007395775
+18007395776
+18007395778
+18007395780
+18007395781
+18007395782
+18007395783
+18007395784
+18007395785
+18007395786
+18007395787
+18007395789
+18007395790
+18007395791
+18007395792
+18007395793
+18007395794
+18007395795
+18007395796
+18007395797
+18007395798
+18007395799
+18007395800
+18007395802
+18007395803
+18007395804
+18007395805
+18007395806
+18007395807
+18007395808
+18007395810
+18007395813
+18007395814
+18007395815
+18007395816
+18007395817
+18007395818
+18007395819
+18007395820
+18007395822
+18007395823
+18007395824
+18007395825
+18007395826
+18007395827
+18007395829
+18007395830
+18007395831
+18007395832
+18007395833
+18007395835
+18007395836
+18007395837
+18007395839
+18007395840
+18007395841
+18007395843
+18007395844
+18007395845
+18007395846
+18007395847
+18007395848
+18007395849
+18007395850
+18007395851
+18007395853
+18007395854
+18007395856
+18007395857
+18007395858
+18007395859
+18007395860
+18007395862
+18007395863
+18007395864
+18007395866
+18007395867
+18007395868
+18007395869
+18007395870
+18007395871
+18007395872
+18007395873
+18007395874
+18007395875
+18007395876
+18007395877
+18007395878
+18007395879
+18007395880
+18007395881
+18007395882
+18007395883
+18007395884
+18007395885
+18007395886
+18007395887
+18007395888
+18007395889
+18007395890
+18007395891
+18007395892
+18007395893
+18007395894
+18007395895
+18007395896
+18007395897
+18007395898
+18007395899
+18007395900
+18007395901
+18007395902
+18007395903
+18007395904
+18007395905
+18007395906
+18007395907
+18007395908
+18007395912
+18007395913
+18007395914
+18007395915
+18007395916
+18007395917
+18007395918
+18007395919
+18007395920
+18007395921
+18007395922
+18007395923
+18007395924
+18007395925
+18007395927
+18007395928
+18007395929
+18007395930
+18007395931
+18007395932
+18007395933
+18007395934
+18007395935
+18007395936
+18007395937
+18007395938
+18007395939
+18007395940
+18007395941
+18007395942
+18007395943
+18007395944
+18007395945
+18007395946
+18007395947
+18007395948
+18007395949
+18007395950
+18007395951
+18007395952
+18007395953
+18007395954
+18007395955
+18007395956
+18007395958
+18007395959
+18007395960
+18007395961
+18007395962
+18007395963
+18007395964
+18007395965
+18007395966
+18007395967
+18007395968
+18007395969
+18007395970
+18007395971
+18007395972
+18007395973
+18007395974
+18007395975
+18007395976
+18007395977
+18007395978
+18007395979
+18007395980
+18007395981
+18007395982
+18007395983
+18007395984
+18007395985
+18007395986
+18007395987
+18007395988
+18007395989
+18007395990
+18007395991
+18007395992
+18007395993
+18007395994
+18007395995
+18007395996
+18007395997
+18007395998
+18007395999
+18007396000
+18007396001
+18007396002
+18007396003
+18007396004
+18007396005
+18007396007
+18007396008
+18007396009
+18007396010
+18007396011
+18007396013
+18007396014
+18007396015
+18007396016
+18007396017
+18007396018
+18007396019
+18007396020
+18007396021
+18007396022
+18007396023
+18007396024
+18007396025
+18007396026
+18007396027
+18007396028
+18007396029
+18007396030
+18007396031
+18007396032
+18007396034
+18007396035
+18007396036
+18007396037
+18007396038
+18007396039
+18007396040
+18007396041
+18007396042
+18007396043
+18007396044
+18007396045
+18007396046
+18007396047
+18007396048
+18007396049
+18007396050
+18007396051
+18007396052
+18007396053
+18007396054
+18007396055
+18007396057
+18007396058
+18007396059
+18007396060
+18007396061
+18007396062
+18007396063
+18007396064
+18007396065
+18007396066
+18007396067
+18007396069
+18007396070
+18007396071
+18007396072
+18007396073
+18007396075
+18007396076
+18007396077
+18007396078
+18007396079
+18007396080
+18007396081
+18007396082
+18007396083
+18007396084
+18007396085
+18007396086
+18007396087
+18007396088
+18007396089
+18007396090
+18007396091
+18007396092
+18007396093
+18007396094
+18007396095
+18007396096
+18007396097
+18007396098
+18007396099
+18007396101
+18007396102
+18007396103
+18007396104
+18007396105
+18007396106
+18007396107
+18007396108
+18007396109
+18007396110
+18007396111
+18007396112
+18007396113
+18007396114
+18007396115
+18007396116
+18007396117
+18007396118
+18007396119
+18007396120
+18007396121
+18007396122
+18007396123
+18007396124
+18007396125
+18007396126
+18007396127
+18007396128
+18007396129
+18007396130
+18007396131
+18007396133
+18007396134
+18007396135
+18007396136
+18007396137
+18007396138
+18007396139
+18007396140
+18007396141
+18007396142
+18007396143
+18007396144
+18007396145
+18007396146
+18007396147
+18007396148
+18007396149
+18007396150
+18007396152
+18007396153
+18007396154
+18007396155
+18007396156
+18007396157
+18007396158
+18007396159
+18007396160
+18007396161
+18007396163
+18007396164
+18007396165
+18007396166
+18007396167
+18007396168
+18007396169
+18007396170
+18007396171
+18007396172
+18007396173
+18007396174
+18007396175
+18007396176
+18007396177
+18007396178
+18007396179
+18007396180
+18007396182
+18007396183
+18007396184
+18007396185
+18007396186
+18007396187
+18007396188
+18007396189
+18007396190
+18007396191
+18007396192
+18007396193
+18007396194
+18007396195
+18007396196
+18007396197
+18007396198
+18007396199
+18007396200
+18007396201
+18007396202
+18007396203
+18007396204
+18007396205
+18007396206
+18007396207
+18007396209
+18007396210
+18007396211
+18007396212
+18007396214
+18007396216
+18007396217
+18007396218
+18007396219
+18007396220
+18007396221
+18007396222
+18007396223
+18007396224
+18007396225
+18007396226
+18007396227
+18007396228
+18007396229
+18007396230
+18007396231
+18007396232
+18007396233
+18007396234
+18007396235
+18007396236
+18007396237
+18007396238
+18007396239
+18007396241
+18007396242
+18007396243
+18007396244
+18007396245
+18007396246
+18007396247
+18007396248
+18007396249
+18007396250
+18007396251
+18007396252
+18007396253
+18007396255
+18007396256
+18007396257
+18007396258
+18007396259
+18007396260
+18007396261
+18007396262
+18007396264
+18007396265
+18007396266
+18007396267
+18007396268
+18007396269
+18007396270
+18007396271
+18007396272
+18007396273
+18007396274
+18007396275
+18007396276
+18007396277
+18007396278
+18007396280
+18007396281
+18007396282
+18007396283
+18007396284
+18007396285
+18007396286
+18007396287
+18007396290
+18007396291
+18007396292
+18007396294
+18007396295
+18007396296
+18007396297
+18007396298
+18007396299
+18007396300
+18007396301
+18007396302
+18007396303
+18007396304
+18007396305
+18007396306
+18007396307
+18007396308
+18007396309
+18007396310
+18007396311
+18007396312
+18007396315
+18007396316
+18007396317
+18007396318
+18007396319
+18007396321
+18007396322
+18007396323
+18007396324
+18007396325
+18007396326
+18007396327
+18007396328
+18007396329
+18007396331
+18007396332
+18007396333
+18007396334
+18007396335
+18007396336
+18007396337
+18007396338
+18007396339
+18007396340
+18007396341
+18007396342
+18007396343
+18007396344
+18007396345
+18007396346
+18007396348
+18007396349
+18007396350
+18007396351
+18007396352
+18007396353
+18007396354
+18007396355
+18007396356
+18007396357
+18007396358
+18007396359
+18007396360
+18007396361
+18007396362
+18007396363
+18007396364
+18007396365
+18007396366
+18007396367
+18007396368
+18007396369
+18007396370
+18007396371
+18007396372
+18007396373
+18007396374
+18007396375
+18007396376
+18007396378
+18007396379
+18007396380
+18007396381
+18007396382
+18007396383
+18007396385
+18007396386
+18007396387
+18007396388
+18007396389
+18007396390
+18007396391
+18007396392
+18007396393
+18007396394
+18007396395
+18007396396
+18007396397
+18007396398
+18007396399
+18007396400
+18007396401
+18007396402
+18007396403
+18007396404
+18007396405
+18007396406
+18007396407
+18007396408
+18007396409
+18007396410
+18007396411
+18007396412
+18007396413
+18007396414
+18007396415
+18007396416
+18007396417
+18007396418
+18007396419
+18007396420
+18007396421
+18007396422
+18007396424
+18007396425
+18007396426
+18007396427
+18007396428
+18007396429
+18007396430
+18007396431
+18007396432
+18007396433
+18007396434
+18007396435
+18007396436
+18007396437
+18007396438
+18007396439
+18007396440
+18007396441
+18007396442
+18007396443
+18007396444
+18007396445
+18007396447
+18007396448
+18007396449
+18007396450
+18007396451
+18007396452
+18007396453
+18007396454
+18007396455
+18007396456
+18007396457
+18007396458
+18007396459
+18007396460
+18007396461
+18007396462
+18007396463
+18007396464
+18007396465
+18007396466
+18007396467
+18007396468
+18007396469
+18007396470
+18007396471
+18007396472
+18007396473
+18007396474
+18007396475
+18007396476
+18007396477
+18007396478
+18007396479
+18007396480
+18007396481
+18007396482
+18007396483
+18007396484
+18007396485
+18007396486
+18007396487
+18007396488
+18007396490
+18007396491
+18007396492
+18007396493
+18007396494
+18007396495
+18007396497
+18007396498
+18007396501
+18007396502
+18007396504
+18007396505
+18007396506
+18007396507
+18007396508
+18007396510
+18007396511
+18007396512
+18007396513
+18007396514
+18007396515
+18007396516
+18007396517
+18007396518
+18007396519
+18007396520
+18007396521
+18007396523
+18007396524
+18007396526
+18007396527
+18007396528
+18007396529
+18007396530
+18007396531
+18007396532
+18007396533
+18007396534
+18007396535
+18007396536
+18007396537
+18007396538
+18007396539
+18007396540
+18007396541
+18007396542
+18007396543
+18007396544
+18007396545
+18007396546
+18007396547
+18007396548
+18007396549
+18007396550
+18007396551
+18007396552
+18007396553
+18007396554
+18007396555
+18007396556
+18007396557
+18007396558
+18007396559
+18007396560
+18007396561
+18007396562
+18007396565
+18007396566
+18007396567
+18007396568
+18007396569
+18007396570
+18007396571
+18007396572
+18007396573
+18007396574
+18007396576
+18007396577
+18007396578
+18007396579
+18007396580
+18007396582
+18007396583
+18007396584
+18007396585
+18007396586
+18007396587
+18007396588
+18007396589
+18007396590
+18007396591
+18007396592
+18007396593
+18007396595
+18007396596
+18007396597
+18007396598
+18007396599
+18007396600
+18007396601
+18007396602
+18007396603
+18007396604
+18007396605
+18007396606
+18007396607
+18007396608
+18007396609
+18007396610
+18007396612
+18007396613
+18007396614
+18007396615
+18007396616
+18007396617
+18007396618
+18007396620
+18007396621
+18007396622
+18007396623
+18007396624
+18007396625
+18007396626
+18007396627
+18007396628
+18007396629
+18007396630
+18007396631
+18007396632
+18007396633
+18007396635
+18007396636
+18007396637
+18007396638
+18007396640
+18007396641
+18007396642
+18007396643
+18007396644
+18007396645
+18007396647
+18007396648
+18007396649
+18007396650
+18007396651
+18007396652
+18007396654
+18007396655
+18007396656
+18007396657
+18007396658
+18007396659
+18007396660
+18007396662
+18007396663
+18007396665
+18007396666
+18007396667
+18007396668
+18007396669
+18007396670
+18007396671
+18007396672
+18007396674
+18007396675
+18007396676
+18007396679
+18007396680
+18007396681
+18007396682
+18007396683
+18007396684
+18007396685
+18007396686
+18007396688
+18007396689
+18007396690
+18007396692
+18007396693
+18007396694
+18007396695
+18007396696
+18007396697
+18007396698
+18007396701
+18007396702
+18007396703
+18007396704
+18007396705
+18007396707
+18007396708
+18007396709
+18007396711
+18007396717
+18007396719
+18007396724
+18007396725
+18007396726
+18007396727
+18007396728
+18007396729
+18007396730
+18007396736
+18007396739
+18007396740
+18007396741
+18007396742
+18007396743
+18007396744
+18007396745
+18007396746
+18007396747
+18007396748
+18007396749
+18007396750
+18007396753
+18007396757
+18007396760
+18007396761
+18007396762
+18007396763
+18007396764
+18007396765
+18007396769
+18007396771
+18007396772
+18007396773
+18007396774
+18007396775
+18007396776
+18007396777
+18007396778
+18007396779
+18007396780
+18007396781
+18007396782
+18007396783
+18007396784
+18007396785
+18007396786
+18007396787
+18007396788
+18007396792
+18007396793
+18007396794
+18007396795
+18007396796
+18007396797
+18007396798
+18007396799
+18007396801
+18007396802
+18007396803
+18007396804
+18007396806
+18007396807
+18007396810
+18007396812
+18007396813
+18007396814
+18007396816
+18007396817
+18007396819
+18007396820
+18007396821
+18007396822
+18007396824
+18007396825
+18007396826
+18007396827
+18007396828
+18007396829
+18007396830
+18007396832
+18007396833
+18007396834
+18007396835
+18007396836
+18007396838
+18007396839
+18007396840
+18007396842
+18007396843
+18007396845
+18007396846
+18007396848
+18007396849
+18007396850
+18007396851
+18007396852
+18007396853
+18007396854
+18007396855
+18007396856
+18007396857
+18007396858
+18007396859
+18007396860
+18007396861
+18007396862
+18007396863
+18007396865
+18007396866
+18007396867
+18007396868
+18007396869
+18007396871
+18007396872
+18007396873
+18007396874
+18007396875
+18007396876
+18007396877
+18007396879
+18007396881
+18007396883
+18007396884
+18007396885
+18007396886
+18007396888
+18007396889
+18007396890
+18007396900
+18007396901
+18007396902
+18007396903
+18007396904
+18007396905
+18007396906
+18007396907
+18007396908
+18007396909
+18007396910
+18007396911
+18007396912
+18007396913
+18007396914
+18007396915
+18007396916
+18007396917
+18007396918
+18007396920
+18007396921
+18007396922
+18007396923
+18007396924
+18007396925
+18007396926
+18007396927
+18007396928
+18007396929
+18007396930
+18007396931
+18007396932
+18007396933
+18007396934
+18007396935
+18007396936
+18007396937
+18007396938
+18007396939
+18007396940
+18007396941
+18007396942
+18007396943
+18007396944
+18007396945
+18007396946
+18007396947
+18007396948
+18007396949
+18007396950
+18007396951
+18007396952
+18007396954
+18007396955
+18007396956
+18007396957
+18007396958
+18007396959
+18007396960
+18007396961
+18007396962
+18007396963
+18007396964
+18007396965
+18007396966
+18007396967
+18007396968
+18007396969
+18007396970
+18007396971
+18007396972
+18007396973
+18007396974
+18007396975
+18007396976
+18007396977
+18007396978
+18007396979
+18007396980
+18007396981
+18007396982
+18007396983
+18007396984
+18007396985
+18007396986
+18007396987
+18007396988
+18007396989
+18007396990
+18007396991
+18007396992
+18007396993
+18007396994
+18007396995
+18007396996
+18007396997
+18007396998
+18007397000
+18007397001
+18007397002
+18007397003
+18007397004
+18007397005
+18007397006
+18007397007
+18007397008
+18007397009
+18007397010
+18007397011
+18007397012
+18007397013
+18007397014
+18007397015
+18007397016
+18007397017
+18007397018
+18007397019
+18007397020
+18007397021
+18007397022
+18007397023
+18007397024
+18007397025
+18007397026
+18007397027
+18007397028
+18007397029
+18007397030
+18007397031
+18007397032
+18007397033
+18007397034
+18007397035
+18007397036
+18007397037
+18007397038
+18007397039
+18007397040
+18007397041
+18007397042
+18007397043
+18007397044
+18007397045
+18007397046
+18007397047
+18007397048
+18007397049
+18007397050
+18007397051
+18007397052
+18007397053
+18007397054
+18007397055
+18007397056
+18007397057
+18007397058
+18007397059
+18007397060
+18007397062
+18007397063
+18007397064
+18007397065
+18007397067
+18007397068
+18007397069
+18007397071
+18007397072
+18007397073
+18007397074
+18007397075
+18007397076
+18007397077
+18007397078
+18007397079
+18007397080
+18007397081
+18007397082
+18007397083
+18007397084
+18007397085
+18007397086
+18007397087
+18007397088
+18007397089
+18007397090
+18007397091
+18007397092
+18007397093
+18007397094
+18007397095
+18007397096
+18007397097
+18007397098
+18007397099
+18007397100
+18007397101
+18007397102
+18007397103
+18007397104
+18007397105
+18007397106
+18007397108
+18007397110
+18007397111
+18007397112
+18007397113
+18007397114
+18007397116
+18007397118
+18007397119
+18007397120
+18007397121
+18007397122
+18007397123
+18007397124
+18007397125
+18007397126
+18007397127
+18007397128
+18007397129
+18007397130
+18007397131
+18007397132
+18007397133
+18007397134
+18007397135
+18007397136
+18007397137
+18007397140
+18007397141
+18007397142
+18007397143
+18007397144
+18007397145
+18007397146
+18007397147
+18007397148
+18007397149
+18007397151
+18007397152
+18007397153
+18007397154
+18007397155
+18007397156
+18007397157
+18007397158
+18007397160
+18007397161
+18007397162
+18007397163
+18007397164
+18007397165
+18007397166
+18007397167
+18007397168
+18007397169
+18007397170
+18007397172
+18007397173
+18007397174
+18007397175
+18007397176
+18007397177
+18007397178
+18007397180
+18007397181
+18007397182
+18007397183
+18007397184
+18007397185
+18007397186
+18007397187
+18007397188
+18007397189
+18007397190
+18007397191
+18007397192
+18007397193
+18007397194
+18007397195
+18007397196
+18007397197
+18007397198
+18007397199
+18007397200
+18007397203
+18007397204
+18007397205
+18007397206
+18007397207
+18007397208
+18007397209
+18007397210
+18007397211
+18007397212
+18007397213
+18007397214
+18007397215
+18007397216
+18007397217
+18007397218
+18007397219
+18007397220
+18007397221
+18007397223
+18007397224
+18007397225
+18007397226
+18007397229
+18007397230
+18007397231
+18007397232
+18007397233
+18007397234
+18007397235
+18007397236
+18007397237
+18007397239
+18007397240
+18007397241
+18007397242
+18007397243
+18007397244
+18007397245
+18007397246
+18007397247
+18007397248
+18007397249
+18007397250
+18007397252
+18007397253
+18007397254
+18007397255
+18007397256
+18007397257
+18007397258
+18007397259
+18007397260
+18007397261
+18007397262
+18007397263
+18007397264
+18007397265
+18007397266
+18007397267
+18007397268
+18007397269
+18007397270
+18007397271
+18007397273
+18007397274
+18007397275
+18007397276
+18007397277
+18007397278
+18007397279
+18007397280
+18007397281
+18007397282
+18007397283
+18007397284
+18007397285
+18007397286
+18007397287
+18007397288
+18007397289
+18007397290
+18007397291
+18007397292
+18007397294
+18007397295
+18007397296
+18007397298
+18007397299
+18007397300
+18007397301
+18007397302
+18007397303
+18007397304
+18007397305
+18007397306
+18007397307
+18007397308
+18007397309
+18007397310
+18007397311
+18007397312
+18007397313
+18007397314
+18007397316
+18007397317
+18007397318
+18007397319
+18007397320
+18007397321
+18007397322
+18007397323
+18007397324
+18007397325
+18007397327
+18007397328
+18007397329
+18007397330
+18007397331
+18007397332
+18007397333
+18007397334
+18007397336
+18007397337
+18007397338
+18007397339
+18007397340
+18007397341
+18007397342
+18007397343
+18007397344
+18007397345
+18007397346
+18007397347
+18007397348
+18007397349
+18007397350
+18007397351
+18007397352
+18007397353
+18007397354
+18007397355
+18007397356
+18007397357
+18007397358
+18007397360
+18007397361
+18007397362
+18007397363
+18007397364
+18007397365
+18007397368
+18007397369
+18007397372
+18007397375
+18007397376
+18007397377
+18007397379
+18007397380
+18007397381
+18007397382
+18007397383
+18007397385
+18007397386
+18007397387
+18007397388
+18007397389
+18007397390
+18007397391
+18007397393
+18007397394
+18007397395
+18007397396
+18007397398
+18007397399
+18007397400
+18007397401
+18007397402
+18007397403
+18007397405
+18007397406
+18007397407
+18007397408
+18007397409
+18007397410
+18007397411
+18007397412
+18007397413
+18007397414
+18007397415
+18007397416
+18007397417
+18007397418
+18007397419
+18007397420
+18007397421
+18007397422
+18007397423
+18007397424
+18007397426
+18007397428
+18007397429
+18007397430
+18007397431
+18007397432
+18007397433
+18007397434
+18007397435
+18007397436
+18007397437
+18007397438
+18007397439
+18007397440
+18007397441
+18007397442
+18007397443
+18007397445
+18007397446
+18007397447
+18007397448
+18007397449
+18007397450
+18007397451
+18007397452
+18007397453
+18007397454
+18007397455
+18007397456
+18007397457
+18007397458
+18007397459
+18007397461
+18007397462
+18007397463
+18007397464
+18007397465
+18007397466
+18007397467
+18007397468
+18007397469
+18007397470
+18007397471
+18007397472
+18007397473
+18007397474
+18007397475
+18007397477
+18007397478
+18007397479
+18007397480
+18007397482
+18007397484
+18007397485
+18007397486
+18007397487
+18007397488
+18007397489
+18007397490
+18007397492
+18007397493
+18007397494
+18007397495
+18007397496
+18007397497
+18007397498
+18007397499
+18007397500
+18007397501
+18007397502
+18007397503
+18007397504
+18007397505
+18007397506
+18007397507
+18007397508
+18007397509
+18007397510
+18007397511
+18007397512
+18007397513
+18007397515
+18007397516
+18007397517
+18007397518
+18007397519
+18007397520
+18007397521
+18007397522
+18007397523
+18007397524
+18007397527
+18007397528
+18007397529
+18007397530
+18007397531
+18007397532
+18007397533
+18007397534
+18007397535
+18007397536
+18007397537
+18007397538
+18007397539
+18007397540
+18007397541
+18007397542
+18007397543
+18007397544
+18007397545
+18007397546
+18007397547
+18007397548
+18007397549
+18007397550
+18007397551
+18007397552
+18007397553
+18007397554
+18007397556
+18007397557
+18007397559
+18007397560
+18007397561
+18007397562
+18007397565
+18007397566
+18007397567
+18007397568
+18007397569
+18007397570
+18007397571
+18007397572
+18007397573
+18007397574
+18007397575
+18007397576
+18007397577
+18007397578
+18007397579
+18007397580
+18007397581
+18007397582
+18007397583
+18007397584
+18007397585
+18007397586
+18007397587
+18007397588
+18007397589
+18007397590
+18007397591
+18007397592
+18007397593
+18007397594
+18007397595
+18007397596
+18007397597
+18007397598
+18007397599
+18007397600
+18007397601
+18007397602
+18007397603
+18007397605
+18007397606
+18007397607
+18007397608
+18007397609
+18007397611
+18007397612
+18007397613
+18007397614
+18007397615
+18007397616
+18007397617
+18007397618
+18007397619
+18007397620
+18007397621
+18007397622
+18007397623
+18007397624
+18007397625
+18007397628
+18007397629
+18007397630
+18007397631
+18007397632
+18007397633
+18007397634
+18007397635
+18007397636
+18007397637
+18007397638
+18007397639
+18007397640
+18007397641
+18007397642
+18007397643
+18007397644
+18007397645
+18007397646
+18007397647
+18007397648
+18007397649
+18007397650
+18007397651
+18007397652
+18007397653
+18007397654
+18007397655
+18007397656
+18007397657
+18007397658
+18007397659
+18007397660
+18007397662
+18007397663
+18007397664
+18007397665
+18007397666
+18007397667
+18007397668
+18007397669
+18007397670
+18007397671
+18007397672
+18007397673
+18007397674
+18007397675
+18007397676
+18007397678
+18007397680
+18007397681
+18007397682
+18007397683
+18007397685
+18007397686
+18007397687
+18007397688
+18007397689
+18007397690
+18007397691
+18007397692
+18007397693
+18007397694
+18007397695
+18007397697
+18007397699
+18007397700
+18007397702
+18007397703
+18007397705
+18007397706
+18007397707
+18007397708
+18007397709
+18007397710
+18007397711
+18007397712
+18007397713
+18007397714
+18007397715
+18007397716
+18007397717
+18007397718
+18007397719
+18007397720
+18007397721
+18007397722
+18007397726
+18007397727
+18007397728
+18007397729
+18007397730
+18007397731
+18007397734
+18007397735
+18007397736
+18007397737
+18007397738
+18007397739
+18007397742
+18007397743
+18007397744
+18007397745
+18007397746
+18007397748
+18007397749
+18007397750
+18007397751
+18007397752
+18007397753
+18007397754
+18007397755
+18007397756
+18007397757
+18007397758
+18007397759
+18007397760
+18007397761
+18007397762
+18007397763
+18007397764
+18007397765
+18007397766
+18007397767
+18007397768
+18007397769
+18007397770
+18007397771
+18007397773
+18007397774
+18007397775
+18007397777
+18007397778
+18007397779
+18007397780
+18007397782
+18007397783
+18007397784
+18007397785
+18007397786
+18007397788
+18007397789
+18007397790
+18007397791
+18007397792
+18007397793
+18007397794
+18007397795
+18007397796
+18007397797
+18007397798
+18007397799
+18007397800
+18007397801
+18007397803
+18007397804
+18007397805
+18007397806
+18007397807
+18007397809
+18007397810
+18007397811
+18007397812
+18007397813
+18007397814
+18007397815
+18007397816
+18007397817
+18007397818
+18007397820
+18007397822
+18007397823
+18007397824
+18007397825
+18007397826
+18007397827
+18007397828
+18007397829
+18007397830
+18007397831
+18007397832
+18007397834
+18007397835
+18007397836
+18007397837
+18007397838
+18007397839
+18007397840
+18007397841
+18007397842
+18007397843
+18007397844
+18007397845
+18007397846
+18007397847
+18007397848
+18007397849
+18007397850
+18007397851
+18007397852
+18007397853
+18007397854
+18007397855
+18007397856
+18007397857
+18007397858
+18007397859
+18007397860
+18007397861
+18007397862
+18007397863
+18007397864
+18007397865
+18007397866
+18007397867
+18007397868
+18007397869
+18007397870
+18007397871
+18007397872
+18007397873
+18007397874
+18007397875
+18007397876
+18007397877
+18007397879
+18007397881
+18007397882
+18007397883
+18007397885
+18007397886
+18007397888
+18007397889
+18007397890
+18007397891
+18007397893
+18007397894
+18007397895
+18007397896
+18007397897
+18007397899
+18007397900
+18007397901
+18007397902
+18007397903
+18007397905
+18007397906
+18007397908
+18007397909
+18007397910
+18007397911
+18007397912
+18007397913
+18007397915
+18007397916
+18007397917
+18007397919
+18007397920
+18007397921
+18007397922
+18007397923
+18007397924
+18007397925
+18007397926
+18007397927
+18007397928
+18007397929
+18007397930
+18007397931
+18007397932
+18007397933
+18007397934
+18007397935
+18007397936
+18007397937
+18007397939
+18007397940
+18007397941
+18007397942
+18007397944
+18007397945
+18007397946
+18007397947
+18007397948
+18007397950
+18007397952
+18007397953
+18007397954
+18007397956
+18007397957
+18007397958
+18007397959
+18007397960
+18007397961
+18007397962
+18007397963
+18007397964
+18007397965
+18007397966
+18007397967
+18007397968
+18007397969
+18007397970
+18007397971
+18007397972
+18007397973
+18007397974
+18007397975
+18007397976
+18007397977
+18007397978
+18007397979
+18007397980
+18007397981
+18007397982
+18007397983
+18007397984
+18007397985
+18007397986
+18007397987
+18007397988
+18007397989
+18007397990
+18007397991
+18007397992
+18007397993
+18007397994
+18007397995
+18007397997
+18007397998
+18007398000
+18007398001
+18007398002
+18007398005
+18007398006
+18007398007
+18007398008
+18007398009
+18007398012
+18007398013
+18007398014
+18007398015
+18007398016
+18007398017
+18007398018
+18007398019
+18007398020
+18007398021
+18007398022
+18007398023
+18007398024
+18007398025
+18007398026
+18007398027
+18007398028
+18007398029
+18007398030
+18007398031
+18007398032
+18007398033
+18007398034
+18007398035
+18007398036
+18007398038
+18007398039
+18007398040
+18007398041
+18007398042
+18007398043
+18007398044
+18007398046
+18007398047
+18007398049
+18007398050
+18007398053
+18007398054
+18007398055
+18007398056
+18007398057
+18007398058
+18007398059
+18007398060
+18007398061
+18007398062
+18007398063
+18007398064
+18007398065
+18007398067
+18007398068
+18007398069
+18007398070
+18007398071
+18007398072
+18007398073
+18007398075
+18007398076
+18007398077
+18007398079
+18007398080
+18007398081
+18007398082
+18007398083
+18007398084
+18007398085
+18007398086
+18007398087
+18007398088
+18007398090
+18007398091
+18007398092
+18007398093
+18007398095
+18007398096
+18007398097
+18007398099
+18007398100
+18007398101
+18007398102
+18007398103
+18007398104
+18007398105
+18007398106
+18007398107
+18007398108
+18007398109
+18007398111
+18007398112
+18007398113
+18007398114
+18007398115
+18007398116
+18007398117
+18007398118
+18007398119
+18007398120
+18007398121
+18007398122
+18007398123
+18007398124
+18007398125
+18007398126
+18007398127
+18007398128
+18007398129
+18007398130
+18007398131
+18007398132
+18007398133
+18007398134
+18007398135
+18007398136
+18007398137
+18007398139
+18007398140
+18007398141
+18007398142
+18007398143
+18007398144
+18007398145
+18007398146
+18007398147
+18007398148
+18007398149
+18007398150
+18007398151
+18007398152
+18007398153
+18007398154
+18007398155
+18007398156
+18007398157
+18007398158
+18007398159
+18007398160
+18007398161
+18007398162
+18007398163
+18007398164
+18007398165
+18007398166
+18007398167
+18007398168
+18007398169
+18007398170
+18007398172
+18007398173
+18007398174
+18007398176
+18007398177
+18007398178
+18007398179
+18007398180
+18007398182
+18007398183
+18007398184
+18007398185
+18007398186
+18007398187
+18007398188
+18007398189
+18007398190
+18007398192
+18007398193
+18007398194
+18007398195
+18007398197
+18007398198
+18007398200
+18007398202
+18007398203
+18007398204
+18007398205
+18007398206
+18007398207
+18007398208
+18007398209
+18007398210
+18007398211
+18007398213
+18007398214
+18007398215
+18007398216
+18007398217
+18007398218
+18007398223
+18007398224
+18007398226
+18007398227
+18007398228
+18007398229
+18007398230
+18007398231
+18007398232
+18007398233
+18007398234
+18007398235
+18007398236
+18007398238
+18007398239
+18007398240
+18007398241
+18007398242
+18007398243
+18007398244
+18007398245
+18007398246
+18007398247
+18007398248
+18007398249
+18007398250
+18007398251
+18007398252
+18007398253
+18007398255
+18007398256
+18007398257
+18007398258
+18007398259
+18007398260
+18007398261
+18007398262
+18007398263
+18007398264
+18007398265
+18007398266
+18007398267
+18007398269
+18007398270
+18007398271
+18007398272
+18007398273
+18007398274
+18007398275
+18007398276
+18007398277
+18007398278
+18007398279
+18007398283
+18007398285
+18007398286
+18007398287
+18007398290
+18007398291
+18007398292
+18007398293
+18007398294
+18007398296
+18007398297
+18007398298
+18007398299
+18007398300
+18007398301
+18007398302
+18007398303
+18007398304
+18007398305
+18007398306
+18007398308
+18007398311
+18007398312
+18007398313
+18007398315
+18007398316
+18007398317
+18007398318
+18007398319
+18007398320
+18007398321
+18007398322
+18007398323
+18007398325
+18007398326
+18007398327
+18007398328
+18007398329
+18007398330
+18007398331
+18007398332
+18007398334
+18007398335
+18007398336
+18007398337
+18007398340
+18007398341
+18007398342
+18007398343
+18007398344
+18007398345
+18007398348
+18007398349
+18007398350
+18007398351
+18007398352
+18007398353
+18007398354
+18007398355
+18007398356
+18007398357
+18007398358
+18007398359
+18007398360
+18007398362
+18007398363
+18007398364
+18007398365
+18007398366
+18007398367
+18007398369
+18007398370
+18007398371
+18007398376
+18007398377
+18007398378
+18007398381
+18007398382
+18007398383
+18007398384
+18007398385
+18007398386
+18007398388
+18007398389
+18007398390
+18007398391
+18007398392
+18007398393
+18007398394
+18007398395
+18007398396
+18007398397
+18007398398
+18007398399
+18007398400
+18007398402
+18007398403
+18007398405
+18007398406
+18007398407
+18007398408
+18007398409
+18007398410
+18007398413
+18007398414
+18007398415
+18007398416
+18007398417
+18007398418
+18007398420
+18007398421
+18007398422
+18007398423
+18007398424
+18007398425
+18007398426
+18007398427
+18007398428
+18007398429
+18007398430
+18007398431
+18007398433
+18007398434
+18007398436
+18007398437
+18007398438
+18007398439
+18007398440
+18007398441
+18007398442
+18007398443
+18007398444
+18007398445
+18007398446
+18007398447
+18007398448
+18007398449
+18007398451
+18007398452
+18007398454
+18007398456
+18007398457
+18007398458
+18007398459
+18007398460
+18007398461
+18007398462
+18007398463
+18007398464
+18007398465
+18007398466
+18007398467
+18007398468
+18007398469
+18007398472
+18007398473
+18007398474
+18007398475
+18007398476
+18007398477
+18007398478
+18007398479
+18007398480
+18007398481
+18007398482
+18007398483
+18007398484
+18007398485
+18007398486
+18007398487
+18007398488
+18007398489
+18007398490
+18007398491
+18007398493
+18007398494
+18007398495
+18007398496
+18007398497
+18007398498
+18007398499
+18007398500
+18007398501
+18007398502
+18007398503
+18007398504
+18007398505
+18007398506
+18007398507
+18007398508
+18007398509
+18007398510
+18007398511
+18007398512
+18007398513
+18007398514
+18007398515
+18007398516
+18007398517
+18007398518
+18007398520
+18007398521
+18007398522
+18007398523
+18007398524
+18007398525
+18007398526
+18007398527
+18007398528
+18007398529
+18007398530
+18007398531
+18007398532
+18007398533
+18007398534
+18007398535
+18007398536
+18007398537
+18007398538
+18007398539
+18007398540
+18007398541
+18007398542
+18007398544
+18007398545
+18007398546
+18007398547
+18007398548
+18007398549
+18007398550
+18007398551
+18007398554
+18007398555
+18007398556
+18007398557
+18007398558
+18007398559
+18007398560
+18007398561
+18007398562
+18007398563
+18007398564
+18007398566
+18007398567
+18007398568
+18007398569
+18007398570
+18007398571
+18007398572
+18007398573
+18007398575
+18007398577
+18007398578
+18007398579
+18007398580
+18007398581
+18007398582
+18007398583
+18007398584
+18007398586
+18007398587
+18007398588
+18007398589
+18007398590
+18007398591
+18007398592
+18007398593
+18007398594
+18007398595
+18007398596
+18007398597
+18007398598
+18007398599
+18007398600
+18007398601
+18007398602
+18007398603
+18007398604
+18007398605
+18007398606
+18007398607
+18007398608
+18007398609
+18007398610
+18007398611
+18007398613
+18007398614
+18007398615
+18007398616
+18007398617
+18007398618
+18007398619
+18007398620
+18007398621
+18007398623
+18007398624
+18007398625
+18007398626
+18007398627
+18007398628
+18007398629
+18007398630
+18007398631
+18007398632
+18007398633
+18007398634
+18007398635
+18007398636
+18007398637
+18007398638
+18007398639
+18007398640
+18007398641
+18007398642
+18007398643
+18007398644
+18007398645
+18007398646
+18007398647
+18007398648
+18007398649
+18007398651
+18007398652
+18007398653
+18007398654
+18007398655
+18007398656
+18007398657
+18007398658
+18007398659
+18007398660
+18007398661
+18007398662
+18007398663
+18007398664
+18007398665
+18007398666
+18007398667
+18007398668
+18007398669
+18007398670
+18007398671
+18007398672
+18007398673
+18007398674
+18007398675
+18007398676
+18007398677
+18007398678
+18007398679
+18007398680
+18007398681
+18007398682
+18007398684
+18007398685
+18007398687
+18007398688
+18007398689
+18007398690
+18007398691
+18007398692
+18007398693
+18007398694
+18007398695
+18007398696
+18007398697
+18007398698
+18007398699
+18007398700
+18007398701
+18007398702
+18007398703
+18007398706
+18007398707
+18007398708
+18007398709
+18007398710
+18007398711
+18007398712
+18007398713
+18007398714
+18007398717
+18007398718
+18007398719
+18007398720
+18007398721
+18007398722
+18007398723
+18007398724
+18007398725
+18007398726
+18007398727
+18007398728
+18007398731
+18007398732
+18007398733
+18007398734
+18007398735
+18007398737
+18007398738
+18007398739
+18007398740
+18007398741
+18007398742
+18007398743
+18007398744
+18007398745
+18007398746
+18007398747
+18007398748
+18007398749
+18007398751
+18007398752
+18007398753
+18007398755
+18007398758
+18007398759
+18007398760
+18007398761
+18007398763
+18007398764
+18007398765
+18007398766
+18007398767
+18007398768
+18007398769
+18007398770
+18007398771
+18007398772
+18007398773
+18007398774
+18007398775
+18007398776
+18007398778
+18007398779
+18007398781
+18007398782
+18007398784
+18007398785
+18007398786
+18007398788
+18007398789
+18007398790
+18007398791
+18007398792
+18007398793
+18007398794
+18007398795
+18007398796
+18007398797
+18007398798
+18007398799
+18007398802
+18007398803
+18007398804
+18007398805
+18007398807
+18007398808
+18007398809
+18007398810
+18007398811
+18007398812
+18007398813
+18007398814
+18007398815
+18007398816
+18007398817
+18007398819
+18007398820
+18007398821
+18007398822
+18007398824
+18007398825
+18007398826
+18007398828
+18007398829
+18007398834
+18007398835
+18007398838
+18007398839
+18007398840
+18007398841
+18007398842
+18007398844
+18007398845
+18007398846
+18007398849
+18007398850
+18007398851
+18007398852
+18007398853
+18007398854
+18007398855
+18007398856
+18007398857
+18007398858
+18007398859
+18007398860
+18007398862
+18007398864
+18007398866
+18007398869
+18007398870
+18007398871
+18007398873
+18007398875
+18007398877
+18007398878
+18007398879
+18007398880
+18007398882
+18007398884
+18007398885
+18007398887
+18007398888
+18007398889
+18007398890
+18007398893
+18007398894
+18007398898
+18007398899
+18007398900
+18007398902
+18007398905
+18007398906
+18007398907
+18007398908
+18007398909
+18007398910
+18007398911
+18007398912
+18007398913
+18007398914
+18007398915
+18007398916
+18007398917
+18007398918
+18007398919
+18007398920
+18007398921
+18007398922
+18007398923
+18007398924
+18007398925
+18007398926
+18007398927
+18007398928
+18007398929
+18007398930
+18007398931
+18007398932
+18007398933
+18007398934
+18007398935
+18007398936
+18007398938
+18007398939
+18007398940
+18007398941
+18007398942
+18007398943
+18007398944
+18007398945
+18007398946
+18007398947
+18007398948
+18007398949
+18007398950
+18007398951
+18007398952
+18007398953
+18007398954
+18007398955
+18007398956
+18007398957
+18007398958
+18007398959
+18007398960
+18007398961
+18007398962
+18007398963
+18007398964
+18007398965
+18007398966
+18007398967
+18007398968
+18007398969
+18007398970
+18007398971
+18007398972
+18007398973
+18007398974
+18007398975
+18007398976
+18007398977
+18007398978
+18007398979
+18007398980
+18007398981
+18007398982
+18007398983
+18007398984
+18007398985
+18007398986
+18007398987
+18007398988
+18007398989
+18007398990
+18007398991
+18007398992
+18007398993
+18007398994
+18007398995
+18007398996
+18007398997
+18007398998
+18007399000
+18007399001
+18007399003
+18007399006
+18007399008
+18007399009
+18007399010
+18007399011
+18007399012
+18007399013
+18007399014
+18007399015
+18007399016
+18007399017
+18007399018
+18007399019
+18007399020
+18007399021
+18007399022
+18007399023
+18007399026
+18007399027
+18007399028
+18007399029
+18007399030
+18007399032
+18007399033
+18007399034
+18007399035
+18007399036
+18007399037
+18007399038
+18007399040
+18007399043
+18007399044
+18007399045
+18007399046
+18007399047
+18007399048
+18007399049
+18007399050
+18007399051
+18007399052
+18007399053
+18007399054
+18007399056
+18007399057
+18007399059
+18007399061
+18007399062
+18007399063
+18007399064
+18007399066
+18007399068
+18007399069
+18007399070
+18007399072
+18007399073
+18007399074
+18007399075
+18007399076
+18007399078
+18007399079
+18007399080
+18007399081
+18007399082
+18007399083
+18007399084
+18007399085
+18007399086
+18007399087
+18007399088
+18007399089
+18007399090
+18007399091
+18007399092
+18007399093
+18007399094
+18007399095
+18007399096
+18007399097
+18007399098
+18007399099
+18007399100
+18007399101
+18007399102
+18007399103
+18007399104
+18007399105
+18007399106
+18007399108
+18007399109
+18007399111
+18007399112
+18007399113
+18007399114
+18007399115
+18007399116
+18007399117
+18007399118
+18007399119
+18007399120
+18007399121
+18007399122
+18007399123
+18007399124
+18007399125
+18007399126
+18007399127
+18007399129
+18007399131
+18007399132
+18007399133
+18007399134
+18007399135
+18007399136
+18007399137
+18007399138
+18007399139
+18007399140
+18007399141
+18007399142
+18007399143
+18007399144
+18007399146
+18007399147
+18007399150
+18007399151
+18007399152
+18007399153
+18007399155
+18007399157
+18007399158
+18007399159
+18007399160
+18007399162
+18007399165
+18007399166
+18007399167
+18007399168
+18007399170
+18007399171
+18007399172
+18007399173
+18007399174
+18007399175
+18007399177
+18007399178
+18007399179
+18007399181
+18007399182
+18007399183
+18007399184
+18007399185
+18007399187
+18007399188
+18007399189
+18007399190
+18007399191
+18007399192
+18007399193
+18007399195
+18007399197
+18007399199
+18007399200
+18007399201
+18007399202
+18007399203
+18007399204
+18007399205
+18007399206
+18007399207
+18007399208
+18007399210
+18007399211
+18007399212
+18007399213
+18007399214
+18007399216
+18007399217
+18007399218
+18007399219
+18007399220
+18007399221
+18007399222
+18007399223
+18007399224
+18007399225
+18007399226
+18007399227
+18007399229
+18007399230
+18007399231
+18007399232
+18007399234
+18007399235
+18007399237
+18007399240
+18007399241
+18007399242
+18007399243
+18007399244
+18007399245
+18007399246
+18007399247
+18007399248
+18007399249
+18007399250
+18007399251
+18007399252
+18007399253
+18007399254
+18007399255
+18007399256
+18007399257
+18007399258
+18007399259
+18007399260
+18007399262
+18007399263
+18007399264
+18007399265
+18007399266
+18007399267
+18007399268
+18007399269
+18007399270
+18007399271
+18007399272
+18007399273
+18007399274
+18007399275
+18007399276
+18007399277
+18007399278
+18007399279
+18007399280
+18007399281
+18007399282
+18007399283
+18007399284
+18007399285
+18007399286
+18007399287
+18007399288
+18007399289
+18007399291
+18007399293
+18007399294
+18007399295
+18007399296
+18007399297
+18007399298
+18007399300
+18007399301
+18007399302
+18007399303
+18007399304
+18007399305
+18007399307
+18007399308
+18007399312
+18007399316
+18007399319
+18007399320
+18007399321
+18007399322
+18007399323
+18007399324
+18007399325
+18007399326
+18007399327
+18007399328
+18007399329
+18007399330
+18007399331
+18007399332
+18007399333
+18007399334
+18007399336
+18007399337
+18007399338
+18007399339
+18007399340
+18007399342
+18007399343
+18007399344
+18007399345
+18007399346
+18007399347
+18007399348
+18007399349
+18007399350
+18007399352
+18007399354
+18007399355
+18007399356
+18007399357
+18007399358
+18007399359
+18007399360
+18007399361
+18007399362
+18007399364
+18007399365
+18007399366
+18007399367
+18007399368
+18007399369
+18007399370
+18007399371
+18007399372
+18007399373
+18007399374
+18007399375
+18007399376
+18007399377
+18007399378
+18007399380
+18007399381
+18007399382
+18007399383
+18007399384
+18007399385
+18007399386
+18007399387
+18007399388
+18007399391
+18007399392
+18007399393
+18007399394
+18007399395
+18007399396
+18007399397
+18007399399
+18007399401
+18007399402
+18007399403
+18007399404
+18007399405
+18007399406
+18007399407
+18007399408
+18007399409
+18007399410
+18007399412
+18007399413
+18007399414
+18007399415
+18007399416
+18007399417
+18007399418
+18007399419
+18007399420
+18007399421
+18007399422
+18007399423
+18007399424
+18007399425
+18007399426
+18007399427
+18007399428
+18007399429
+18007399430
+18007399431
+18007399432
+18007399433
+18007399434
+18007399435
+18007399436
+18007399437
+18007399438
+18007399439
+18007399440
+18007399441
+18007399442
+18007399443
+18007399444
+18007399445
+18007399446
+18007399447
+18007399448
+18007399449
+18007399450
+18007399451
+18007399452
+18007399453
+18007399454
+18007399455
+18007399456
+18007399457
+18007399458
+18007399459
+18007399460
+18007399462
+18007399463
+18007399464
+18007399465
+18007399466
+18007399467
+18007399468
+18007399469
+18007399470
+18007399471
+18007399472
+18007399473
+18007399474
+18007399475
+18007399476
+18007399477
+18007399478
+18007399479
+18007399481
+18007399482
+18007399483
+18007399484
+18007399485
+18007399486
+18007399487
+18007399488
+18007399489
+18007399490
+18007399491
+18007399492
+18007399493
+18007399495
+18007399496
+18007399497
+18007399498
+18007399499
+18007399500
+18007399501
+18007399502
+18007399503
+18007399504
+18007399506
+18007399507
+18007399508
+18007399509
+18007399510
+18007399511
+18007399512
+18007399513
+18007399514
+18007399515
+18007399517
+18007399518
+18007399519
+18007399520
+18007399521
+18007399522
+18007399523
+18007399524
+18007399525
+18007399527
+18007399528
+18007399530
+18007399531
+18007399532
+18007399534
+18007399535
+18007399536
+18007399538
+18007399539
+18007399540
+18007399541
+18007399542
+18007399543
+18007399544
+18007399545
+18007399546
+18007399547
+18007399548
+18007399549
+18007399550
+18007399551
+18007399552
+18007399555
+18007399556
+18007399558
+18007399560
+18007399561
+18007399562
+18007399563
+18007399564
+18007399565
+18007399566
+18007399567
+18007399568
+18007399569
+18007399570
+18007399571
+18007399572
+18007399575
+18007399577
+18007399580
+18007399581
+18007399582
+18007399583
+18007399584
+18007399585
+18007399586
+18007399587
+18007399588
+18007399589
+18007399590
+18007399591
+18007399593
+18007399597
+18007399598
+18007399599
+18007399600
+18007399601
+18007399602
+18007399603
+18007399604
+18007399605
+18007399606
+18007399607
+18007399608
+18007399609
+18007399610
+18007399611
+18007399613
+18007399614
+18007399615
+18007399616
+18007399617
+18007399618
+18007399619
+18007399620
+18007399621
+18007399622
+18007399623
+18007399624
+18007399625
+18007399626
+18007399627
+18007399628
+18007399629
+18007399630
+18007399631
+18007399632
+18007399633
+18007399636
+18007399638
+18007399639
+18007399640
+18007399641
+18007399643
+18007399644
+18007399645
+18007399647
+18007399648
+18007399650
+18007399651
+18007399653
+18007399658
+18007399659
+18007399660
+18007399661
+18007399662
+18007399663
+18007399664
+18007399665
+18007399666
+18007399667
+18007399668
+18007399669
+18007399670
+18007399671
+18007399672
+18007399674
+18007399675
+18007399676
+18007399680
+18007399681
+18007399682
+18007399683
+18007399684
+18007399686
+18007399687
+18007399688
+18007399690
+18007399691
+18007399692
+18007399694
+18007399697
+18007399698
+18007399699
+18007399700
+18007399701
+18007399702
+18007399703
+18007399704
+18007399705
+18007399706
+18007399707
+18007399708
+18007399710
+18007399711
+18007399713
+18007399714
+18007399715
+18007399716
+18007399717
+18007399718
+18007399719
+18007399720
+18007399722
+18007399723
+18007399724
+18007399725
+18007399726
+18007399727
+18007399728
+18007399729
+18007399730
+18007399731
+18007399732
+18007399733
+18007399734
+18007399735
+18007399736
+18007399737
+18007399738
+18007399739
+18007399740
+18007399742
+18007399743
+18007399744
+18007399745
+18007399746
+18007399747
+18007399748
+18007399749
+18007399751
+18007399752
+18007399754
+18007399755
+18007399756
+18007399757
+18007399758
+18007399759
+18007399760
+18007399761
+18007399763
+18007399764
+18007399765
+18007399766
+18007399767
+18007399768
+18007399769
+18007399770
+18007399772
+18007399774
+18007399775
+18007399776
+18007399777
+18007399778
+18007399779
+18007399780
+18007399781
+18007399782
+18007399783
+18007399785
+18007399786
+18007399787
+18007399788
+18007399789
+18007399790
+18007399791
+18007399792
+18007399793
+18007399794
+18007399795
+18007399796
+18007399797
+18007399799
+18007399801
+18007399802
+18007399803
+18007399804
+18007399805
+18007399807
+18007399809
+18007399810
+18007399812
+18007399814
+18007399815
+18007399816
+18007399817
+18007399818
+18007399819
+18007399820
+18007399821
+18007399822
+18007399823
+18007399824
+18007399825
+18007399826
+18007399827
+18007399828
+18007399829
+18007399830
+18007399831
+18007399832
+18007399833
+18007399834
+18007399835
+18007399836
+18007399837
+18007399838
+18007399839
+18007399840
+18007399841
+18007399843
+18007399844
+18007399845
+18007399846
+18007399847
+18007399848
+18007399849
+18007399851
+18007399852
+18007399853
+18007399854
+18007399855
+18007399856
+18007399857
+18007399858
+18007399860
+18007399861
+18007399863
+18007399864
+18007399865
+18007399866
+18007399867
+18007399868
+18007399869
+18007399870
+18007399871
+18007399872
+18007399873
+18007399875
+18007399876
+18007399878
+18007399879
+18007399880
+18007399881
+18007399883
+18007399884
+18007399885
+18007399886
+18007399888
+18007399890
+18007399891
+18007399892
+18007399893
+18007399894
+18007399895
+18007399896
+18007399900
+18007399901
+18007399902
+18007399903
+18007399904
+18007399905
+18007399906
+18007399907
+18007399908
+18007399909
+18007399910
+18007399911
+18007399912
+18007399914
+18007399915
+18007399916
+18007399917
+18007399918
+18007399920
+18007399923
+18007399924
+18007399925
+18007399926
+18007399927
+18007399928
+18007399929
+18007399930
+18007399931
+18007399932
+18007399934
+18007399935
+18007399936
+18007399937
+18007399938
+18007399939
+18007399940
+18007399941
+18007399942
+18007399943
+18007399944
+18007399946
+18007399947
+18007399948
+18007399951
+18007399952
+18007399953
+18007399954
+18007399955
+18007399956
+18007399957
+18007399958
+18007399959
+18007399960
+18007399961
+18007399962
+18007399963
+18007399964
+18007399965
+18007399966
+18007399968
+18007399970
+18007399971
+18007399972
+18007399973
+18007399974
+18007399975
+18007399976
+18007399977
+18007399978
+18007399979
+18007399980
+18007399981
+18007399982
+18007399983
+18007399984
+18007399985
+18007399986
+18007399987
+18007399988
+18007399989
+18007399990
+18007399991
+18007399995
+18007399996
+18007399997
+18007399999
+18007415510
+18007425739
+18007431119
+18007432625
+18007433825
+18007433849
+18007433973
+18007436253
+18007437627
+18007448269
+18007463373
+18007463445
+18007464507
+18007464531
+18007464532
+18007464533
+18007464535
+18007464537
+18007464544
+18007464553
+18007464555
+18007464557
+18007464563
+18007464577
+18007465269
+18007465277
+18007465434
+18007465477
+18007465547
+18007465739
+18007465787
+18007466373
+18007466374
+18007466378
+18007466379
+18007467045
+18007467223
+18007467232
+18007467244
+18007467255
+18007467353
+18007467386
+18007467425
+18007467437
+18007467438
+18007467446
+18007467468
+18007467489
+18007467537
+18007467635
+18007467666
+18007467669
+18007467739
+18007467757
+18007467932
+18007467988
+18007467999
+18007469633
+18007469739
+18007473825
+18007474000
+18007477669
+18007477739
+18007478022
+18007478255
+18007479022
+18007487419
+18007495334
+18007502732
+18007507399
+18007508045
+18007524130
+18007528373
+18007528515
+18007529447
+18007529468
+18007529848
+18007532787
+18007533737
+18007537706
+18007539437
+18007544817
+18007548913
+18007550000
+18007552633
+18007563335
+18007564326
+18007574912
+18007577325
+18007579277
+18007587739
+18007588197
+18007588223
+18007588244
+18007588255
+18007588286
+18007588323
+18007588386
+18007588425
+18007588429
+18007588438
+18007588458
+18007588468
+18007588469
+18007588489
+18007588522
+18007588666
+18007588669
+18007588729
+18007588739
+18007588872
+18007588999
+18007592692
+18007607292
+18007609771
+18007623562
+18007625782
+18007626824
+18007630954
+18007635806
+18007637792
+18007638249
+18007638277
+18007647453
+18007648000
+18007662046
+18007662623
+18007664991
+18007668132
+18007672321
+18007673324
+18007674023
+18007676061
+18007676082
+18007676239
+18007676253
+18007676283
+18007676286
+18007676309
+18007676316
+18007676329
+18007676338
+18007676375
+18007676382
+18007676383
+18007676404
+18007676422
+18007676428
+18007676429
+18007676442
+18007676472
+18007676481
+18007676482
+18007676483
+18007676485
+18007676486
+18007676487
+18007676488
+18007676492
+18007676496
+18007676529
+18007676539
+18007676647
+18007676739
+18007676767
+18007676776
+18007676782
+18007676830
+18007681434
+18007684485
+18007684989
+18007688058
+18007688080
+18007688082
+18007688095
+18007688111
+18007688223
+18007688242
+18007688244
+18007688323
+18007688336
+18007688373
+18007688382
+18007688386
+18007688425
+18007688437
+18007688438
+18007688446
+18007688468
+18007688489
+18007688523
+18007688546
+18007688548
+18007688666
+18007688669
+18007688674
+18007688726
+18007688739
+18007688866
+18007688924
+18007688928
+18007688932
+18007688999
+18007689018
+18007689132
+18007690248
+18007690383
+18007693699
+18007697432
+18007698374
+18007698585
+18007705021
+18007705284
+18007707776
+18007721213
+18007725683
+18007726546
+18007726563
+18007732133
+18007732868
+18007733428
+18007734499
+18007735483
+18007763825
+18007768462
+18007771673
+18007772428
+18007772548
+18007772868
+18007773283
+18007773733
+18007773825
+18007774273
+18007774475
+18007775239
+18007775425
+18007775477
+18007776338
+18007776749
+18007776969
+18007777399
+18007777877
+18007778000
+18007778255
+18007778637
+18007779388
+18007781296
+18007792442
+18007804739
+18007814744
+18007816810
+18007817442
+18007822548
+18007824708
+18007825262
+18007825269
+18007825277
+18007825286
+18007825342
+18007825377
+18007825464
+18007825534
+18007825633
+18007825787
+18007825848
+18007825968
+18007826772
+18007827739
+18007827837
+18007828718
+18007832715
+18007842546
+18007843678
+18007845471
+18007852269
+18007857667
+18007858594
+18007858887
+18007862546
+18007865268
+18007866485
+18007867282
+18007867437
+18007867973
+18007869525
+18007872766
+18007873825
+18007874712
+18007874739
+18007877277
+18007877399
+18007877437
+18007877922
+18007877927
+18007877929
+18007877934
+18007877936
+18007877946
+18007877948
+18007877956
+18007877957
+18007877963
+18007877966
+18007877973
+18007877979
+18007877980
+18007877987
+18007878291
+18007879321
+18007879437
+18007882739
+18007883269
+18007883739
+18007883999
+18007884846
+18007893585
+18007893909
+18007895259
+18007901870
+18007925569
+18007942656
+18007942893
+18007945411
+18007946437
+18007946848
+18007973464
+18007978779
+18007979819
+18007984517
+18007995463
+18007996668
+18008003000
+18008003001
+18008003337
+18008003825
+18008004475
+18008004688
+18008005282
+18008007399
+18008007676
+18008007739
+18008008487
+18008009000
+18008014625
+18008032938
+18008038252
+18008041880
+18008054741
+18008077531
+18008083825
+18008088707
+18008093049
+18008103331
+18008108108
+18008111633
+18008151723
+18008153257
+18008156660
+18008160277
+18008175239
+18008179711
+18008189044
+18008217426
+18008220421
+18008224775
+18008242978
+18008244547
+18008244621
+18008244627
+18008244757
+18008246554
+18008251598
+18008252668
+18008253425
+18008255224
+18008255263
+18008255286
+18008255386
+18008255468
+18008255534
+18008255626
+18008255663
+18008255666
+18008255669
+18008255709
+18008255739
+18008255767
+18008255836
+18008255866
+18008255868
+18008255938
+18008255966
+18008258663
+18008262464
+18008264475
+18008265239
+18008266183
+18008271927
+18008295788
+18008311111
+18008311212
+18008326739
+18008330000
+18008336210
+18008336233
+18008336239
+18008336254
+18008336272
+18008336277
+18008336287
+18008336288
+18008336368
+18008336382
+18008336386
+18008336425
+18008336447
+18008336468
+18008336493
+18008336587
+18008336739
+18008336788
+18008336848
+18008336937
+18008336938
+18008352491
+18008357320
+18008359861
+18008370125
+18008370241
+18008377282
+18008382563
+18008382739
+18008383825
+18008385613
+18008385616
+18008387399
+18008388487
+18008393753
+18008399386
+18008402922
+18008423546
+18008423972
+18008428979
+18008433673
+18008435200
+18008438255
+18008438493
+18008443124
+18008444765
+18008444846
+18008444878
+18008452617
+18008458113
+18008459721
+18008469848
+18008473825
+18008474467
+18008474644
+18008476451
+18008476578
+18008477399
+18008477622
+18008478487
+18008482625
+18008482662
+18008483277
+18008483425
+18008483825
+18008484848
+18008485425
+18008487277
+18008487399
+18008487739
+18008487787
+18008487825
+18008487879
+18008487955
+18008488336
+18008488437
+18008488487
+18008488743
+18008488929
+18008488936
+18008488948
+18008488963
+18008489588
+18008493628
+18008493653
+18008493672
+18008493678
+18008493699
+18008495914
+18008503953
+18008510318
+18008524596
+18008560727
+18008560955
+18008568636
+18008575133
+18008581190
+18008584162
+18008587268
+18008597355
+18008611214
+18008614519
+18008614684
+18008618697
+18008619054
+18008622226
+18008623129
+18008623963
+18008625850
+18008632575
+18008634618
+18008635478
+18008635878
+18008637377
+18008638478
+18008642637
+18008646639
+18008669027
+18008672482
+18008673825
+18008675377
+18008677399
+18008678242
+18008682463
+18008683945
+18008686900
+18008687319
+18008694262
+18008694673
+18008695354
+18008696356
+18008712228
+18008712695
+18008719244
+18008724475
+18008724710
+18008726729
+18008726736
+18008726739
+18008726746
+18008726748
+18008726763
+18008726765
+18008726787
+18008727376
+18008732467
+18008735271
+18008748836
+18008758111
+18008763978
+18008769277
+18008776539
+18008787311
+18008791736
+18008796874
+18008802875
+18008832210
+18008832630
+18008833739
+18008836641
+18008839953
+18008849666
+18008873551
+18008873889
+18008874269
+18008874277
+18008876221
+18008876636
+18008882428
+18008882548
+18008882662
+18008882697
+18008883825
+18008884273
+18008884475
+18008885425
+18008885477
+18008885944
+18008886969
+18008887399
+18008888336
+18008888487
+18008888739
+18008888888
+18008892455
+18008899096
+18008917628
+18008934630
+18008937811
+18008938269
+18008938283
+18008942522
+18008942697
+18008945335
+18008948243
+18008948654
+18008948739
+18008957511
+18008962777
+18008963415
+18008963634
+18008963825
+18008964475
+18008964739
+18008965239
+18008965683
+18008966833
+18008967399
+18008968336
+18008968487
+18008968677
+18008979083
+18008979846
+18008982428
+18008994546
+18009000774
+18009006900
+18009007399
+18009015450
+18009019394
+18009063904
+18009069077
+18009069631
+18009070303
+18009085989
+18009086535
+18009094601
+18009095555
+18009096453
+18009125737
+18009128222
+18009134040
+18009138239
+18009138257
+18009138464
+18009140474
+18009141445
+18009155116
+18009156229
+18009161090
+18009161095
+18009161100
+18009162569
+18009178328
+18009183833
+18009184468
+18009198400
+18009198673
+18009206543
+18009217418
+18009220204
+18009225352
+18009233825
+18009239324
+18009243623
+18009244765
+18009247381
+18009247526
+18009248463
+18009254066
+18009255483
+18009259278
+18009264477
+18009265386
+18009266279
+18009267893
+18009268739
+18009268968
+18009273212
+18009276277
+18009276286
+18009276739
+18009277467
+18009277673
+18009279699
+18009282448
+18009282866
+18009282938
+18009293483
+18009293655
+18009297286
+18009300101
+18009326552
+18009327318
+18009334057
+18009334075
+18009334388
+18009335363
+18009346489
+18009346645
+18009353825
+18009355535
+18009355598
+18009359935
+18009360954
+18009370887
+18009373825
+18009374475
+18009378997
+18009380453
+18009380675
+18009382223
+18009382229
+18009382262
+18009382428
+18009382442
+18009382482
+18009382539
+18009382540
+18009382541
+18009382542
+18009382544
+18009382545
+18009382546
+18009382547
+18009382548
+18009382549
+18009382552
+18009382554
+18009382625
+18009382662
+18009382697
+18009382727
+18009382772
+18009382777
+18009382848
+18009382856
+18009382866
+18009382867
+18009382888
+18009383063
+18009383338
+18009383362
+18009383425
+18009383558
+18009383732
+18009383825
+18009383925
+18009384053
+18009384137
+18009384247
+18009384257
+18009384267
+18009384297
+18009384475
+18009384653
+18009384715
+18009384739
+18009384847
+18009384855
+18009384897
+18009385347
+18009385372
+18009385463
+18009385465
+18009385477
+18009385823
+18009385878
+18009386174
+18009386253
+18009386283
+18009386292
+18009386333
+18009386367
+18009386451
+18009386453
+18009386739
+18009386833
+18009386999
+18009387268
+18009387334
+18009387399
+18009387448
+18009387465
+18009387529
+18009387546
+18009387548
+18009387588
+18009387653
+18009387676
+18009387783
+18009387877
+18009387879
+18009388245
+18009388255
+18009388336
+18009388382
+18009388422
+18009388463
+18009388487
+18009388548
+18009388637
+18009388697
+18009388874
+18009389433
+18009389662
+18009393825
+18009398882
+18009402638
+18009404565
+18009423767
+18009425337
+18009433739
+18009433825
+18009433914
+18009446790
+18009447766
+18009453269
+18009453277
+18009453315
+18009453616
+18009453626
+18009453729
+18009453739
+18009454475
+18009460206
+18009463260
+18009467223
+18009467255
+18009467279
+18009467343
+18009467346
+18009467348
+18009467365
+18009467377
+18009467386
+18009467399
+18009467425
+18009467437
+18009467438
+18009467468
+18009467489
+18009467666
+18009467669
+18009467739
+18009467866
+18009467988
+18009468277
+18009473825
+18009473861
+18009475994
+18009482078
+18009488958
+18009493825
+18009500033
+18009523920
+18009523951
+18009526627
+18009530702
+18009546694
+18009547073
+18009552742
+18009557042
+18009557803
+18009562999
+18009567545
+18009569232
+18009581303
+18009584575
+18009593338
+18009594442
+18009594446
+18009595718
+18009597883
+18009598366
+18009637792
+18009639937
+18009640300
+18009642237
+18009646696
+18009653049
+18009654275
+18009656676
+18009663640
+18009663647
+18009663654
+18009663660
+18009663661
+18009663665
+18009663671
+18009663689
+18009663699
+18009668666
+18009675220
+18009675915
+18009677447
+18009682482
+18009683278
+18009684066
+18009685276
+18009686706
+18009686833
+18009687277
+18009687468
+18009687835
+18009691940
+18009693825
+18009698487
+18009698688
+18009699995
+18009705566
+18009705794
+18009712428
+18009712732
+18009714475
+18009714687
+18009715347
+18009715683
+18009716667
+18009718255
+18009718336
+18009722065
+18009732467
+18009738349
+18009741329
+18009741677
+18009744321
+18009746137
+18009746728
+18009747220
+18009751615
+18009757874
+18009762453
+18009767238
+18009767241
+18009767258
+18009767259
+18009767261
+18009767281
+18009767289
+18009767298
+18009782778
+18009795925
+18009800774
+18009824122
+18009824622
+18009836946
+18009837178
+18009838722
+18009846889
+18009848487
+18009849696
+18009850350
+18009855067
+18009863825
+18009871970
+18009872428
+18009872548
+18009872625
+18009872662
+18009873283
+18009874475
+18009874675
+18009875239
+18009875477
+18009877399
+18009877825
+18009877877
+18009879388
+18009892688
+18009898812
+18009905825
+18009922929
+18009924425
+18009925298
+18009930813
+18009935880
+18009944832
+18009952261
+18009954618
+18009955684
+18009961954
+18009972754
+18009975941
+18009978234
+18009985756
+18009987792
+18009990000
+18009990002
+18009990003
+18009990004
+18009990005
+18009990006
+18009990007
+18009990009
+18009990011
+18009990013
+18009990014
+18009990016
+18009990017
+18009990018
+18009990020
+18009990021
+18009990022
+18009990024
+18009990025
+18009990027
+18009990031
+18009990034
+18009990036
+18009990039
+18009990040
+18009990043
+18009990044
+18009990045
+18009990047
+18009990051
+18009990053
+18009990054
+18009990056
+18009990059
+18009990060
+18009990063
+18009990066
+18009990067
+18009990071
+18009990072
+18009990078
+18009990079
+18009990080
+18009990081
+18009990082
+18009990084
+18009990085
+18009990086
+18009990087
+18009990088
+18009990089
+18009990092
+18009990093
+18009990095
+18009990099
+18009990101
+18009990102
+18009990103
+18009990104
+18009990106
+18009990112
+18009990113
+18009990115
+18009990116
+18009990117
+18009990118
+18009990122
+18009990126
+18009990127
+18009990129
+18009990130
+18009990134
+18009990135
+18009990136
+18009990137
+18009990138
+18009990139
+18009990141
+18009990142
+18009990143
+18009990144
+18009990146
+18009990147
+18009990148
+18009990149
+18009990151
+18009990153
+18009990157
+18009990160
+18009990162
+18009990167
+18009990168
+18009990170
+18009990172
+18009990173
+18009990174
+18009990175
+18009990176
+18009990177
+18009990178
+18009990182
+18009990184
+18009990185
+18009990186
+18009990188
+18009990189
+18009990191
+18009990192
+18009990193
+18009990195
+18009990196
+18009990197
+18009990198
+18009990202
+18009990204
+18009990205
+18009990206
+18009990207
+18009990211
+18009990214
+18009990215
+18009990217
+18009990218
+18009990219
+18009990220
+18009990221
+18009990222
+18009990223
+18009990225
+18009990226
+18009990227
+18009990229
+18009990230
+18009990232
+18009990233
+18009990234
+18009990235
+18009990236
+18009990237
+18009990239
+18009990240
+18009990241
+18009990242
+18009990243
+18009990244
+18009990249
+18009990253
+18009990254
+18009990256
+18009990258
+18009990259
+18009990260
+18009990262
+18009990263
+18009990264
+18009990265
+18009990266
+18009990267
+18009990268
+18009990269
+18009990270
+18009990272
+18009990275
+18009990277
+18009990278
+18009990280
+18009990281
+18009990282
+18009990284
+18009990286
+18009990287
+18009990290
+18009990291
+18009990293
+18009990294
+18009990296
+18009990298
+18009990299
+18009990300
+18009990304
+18009990305
+18009990306
+18009990307
+18009990308
+18009990312
+18009990316
+18009990317
+18009990318
+18009990319
+18009990320
+18009990321
+18009990322
+18009990326
+18009990327
+18009990329
+18009990330
+18009990333
+18009990335
+18009990337
+18009990339
+18009990340
+18009990342
+18009990343
+18009990344
+18009990345
+18009990346
+18009990347
+18009990349
+18009990351
+18009990352
+18009990354
+18009990357
+18009990358
+18009990359
+18009990360
+18009990361
+18009990365
+18009990366
+18009990369
+18009990370
+18009990371
+18009990372
+18009990373
+18009990375
+18009990378
+18009990380
+18009990381
+18009990382
+18009990383
+18009990384
+18009990385
+18009990387
+18009990388
+18009990389
+18009990391
+18009990393
+18009990394
+18009990395
+18009990399
+18009990401
+18009990402
+18009990403
+18009990405
+18009990407
+18009990409
+18009990412
+18009990413
+18009990415
+18009990416
+18009990417
+18009990420
+18009990421
+18009990424
+18009990427
+18009990428
+18009990431
+18009990432
+18009990433
+18009990435
+18009990437
+18009990438
+18009990439
+18009990440
+18009990442
+18009990443
+18009990444
+18009990445
+18009990446
+18009990447
+18009990449
+18009990450
+18009990452
+18009990453
+18009990454
+18009990455
+18009990456
+18009990457
+18009990459
+18009990460
+18009990462
+18009990463
+18009990464
+18009990465
+18009990467
+18009990468
+18009990470
+18009990472
+18009990473
+18009990476
+18009990477
+18009990478
+18009990479
+18009990484
+18009990485
+18009990486
+18009990487
+18009990488
+18009990490
+18009990491
+18009990492
+18009990493
+18009990494
+18009990495
+18009990496
+18009990497
+18009990498
+18009990499
+18009990500
+18009990502
+18009990505
+18009990509
+18009990510
+18009990511
+18009990512
+18009990513
+18009990515
+18009990517
+18009990518
+18009990520
+18009990522
+18009990523
+18009990524
+18009990525
+18009990526
+18009990528
+18009990529
+18009990530
+18009990532
+18009990533
+18009990535
+18009990536
+18009990538
+18009990539
+18009990542
+18009990544
+18009990545
+18009990546
+18009990547
+18009990548
+18009990549
+18009990550
+18009990552
+18009990553
+18009990554
+18009990557
+18009990559
+18009990560
+18009990561
+18009990563
+18009990564
+18009990565
+18009990569
+18009990570
+18009990571
+18009990573
+18009990574
+18009990576
+18009990578
+18009990580
+18009990581
+18009990582
+18009990586
+18009990587
+18009990588
+18009990589
+18009990590
+18009990591
+18009990592
+18009990593
+18009990594
+18009990595
+18009990596
+18009990597
+18009990599
+18009990601
+18009990606
+18009990609
+18009990610
+18009990612
+18009990615
+18009990616
+18009990617
+18009990619
+18009990620
+18009990622
+18009990624
+18009990625
+18009990627
+18009990628
+18009990629
+18009990630
+18009990633
+18009990634
+18009990635
+18009990636
+18009990638
+18009990644
+18009990646
+18009990647
+18009990648
+18009990650
+18009990653
+18009990654
+18009990656
+18009990657
+18009990658
+18009990659
+18009990661
+18009990662
+18009990663
+18009990665
+18009990666
+18009990667
+18009990668
+18009990669
+18009990670
+18009990671
+18009990672
+18009990673
+18009990674
+18009990676
+18009990677
+18009990678
+18009990679
+18009990681
+18009990682
+18009990685
+18009990686
+18009990687
+18009990688
+18009990689
+18009990691
+18009990692
+18009990693
+18009990695
+18009990696
+18009990698
+18009990700
+18009990701
+18009990702
+18009990703
+18009990706
+18009990707
+18009990708
+18009990709
+18009990710
+18009990712
+18009990713
+18009990714
+18009990715
+18009990717
+18009990718
+18009990720
+18009990721
+18009990725
+18009990727
+18009990728
+18009990729
+18009990730
+18009990731
+18009990733
+18009990735
+18009990736
+18009990737
+18009990738
+18009990740
+18009990744
+18009990745
+18009990746
+18009990747
+18009990749
+18009990751
+18009990752
+18009990753
+18009990754
+18009990755
+18009990756
+18009990757
+18009990759
+18009990760
+18009990761
+18009990762
+18009990764
+18009990766
+18009990768
+18009990772
+18009990773
+18009990776
+18009990778
+18009990781
+18009990784
+18009990787
+18009990790
+18009990791
+18009990793
+18009990794
+18009990796
+18009990798
+18009990800
+18009990801
+18009990802
+18009990803
+18009990804
+18009990806
+18009990812
+18009990814
+18009990815
+18009990816
+18009990817
+18009990821
+18009990822
+18009990823
+18009990828
+18009990830
+18009990832
+18009990833
+18009990839
+18009990840
+18009990843
+18009990844
+18009990846
+18009990847
+18009990848
+18009990849
+18009990854
+18009990855
+18009990856
+18009990857
+18009990859
+18009990860
+18009990862
+18009990864
+18009990865
+18009990866
+18009990868
+18009990870
+18009990872
+18009990874
+18009990875
+18009990878
+18009990881
+18009990882
+18009990883
+18009990884
+18009990885
+18009990888
+18009990889
+18009990892
+18009990893
+18009990897
+18009990899
+18009990900
+18009990901
+18009990903
+18009990904
+18009990905
+18009990906
+18009990907
+18009990909
+18009990910
+18009990911
+18009990915
+18009990917
+18009990918
+18009990919
+18009990920
+18009990921
+18009990922
+18009990923
+18009990926
+18009990930
+18009990931
+18009990932
+18009990934
+18009990936
+18009990937
+18009990941
+18009990942
+18009990943
+18009990944
+18009990945
+18009990947
+18009990948
+18009990950
+18009990952
+18009990954
+18009990959
+18009990961
+18009990964
+18009990965
+18009990966
+18009990968
+18009990969
+18009990971
+18009990976
+18009990978
+18009990981
+18009990982
+18009990983
+18009990985
+18009990986
+18009990987
+18009990989
+18009990991
+18009990992
+18009990993
+18009990994
+18009990996
+18009990998
+18009990999
+18009991003
+18009991004
+18009991005
+18009991006
+18009991008
+18009991009
+18009991010
+18009991011
+18009991012
+18009991013
+18009991015
+18009991016
+18009991017
+18009991018
+18009991019
+18009991021
+18009991022
+18009991023
+18009991026
+18009991027
+18009991028
+18009991033
+18009991035
+18009991036
+18009991037
+18009991038
+18009991039
+18009991040
+18009991044
+18009991045
+18009991047
+18009991048
+18009991049
+18009991050
+18009991052
+18009991056
+18009991058
+18009991059
+18009991061
+18009991062
+18009991065
+18009991066
+18009991067
+18009991069
+18009991071
+18009991072
+18009991073
+18009991074
+18009991076
+18009991078
+18009991080
+18009991081
+18009991086
+18009991087
+18009991088
+18009991089
+18009991090
+18009991092
+18009991093
+18009991094
+18009991095
+18009991096
+18009991099
+18009991100
+18009991103
+18009991104
+18009991106
+18009991107
+18009991108
+18009991110
+18009991111
+18009991113
+18009991114
+18009991115
+18009991118
+18009991119
+18009991122
+18009991124
+18009991126
+18009991128
+18009991129
+18009991131
+18009991132
+18009991133
+18009991135
+18009991136
+18009991137
+18009991138
+18009991139
+18009991141
+18009991142
+18009991144
+18009991145
+18009991146
+18009991148
+18009991150
+18009991151
+18009991152
+18009991153
+18009991154
+18009991157
+18009991159
+18009991160
+18009991162
+18009991163
+18009991164
+18009991167
+18009991169
+18009991170
+18009991176
+18009991177
+18009991179
+18009991181
+18009991182
+18009991183
+18009991186
+18009991187
+18009991188
+18009991189
+18009991191
+18009991193
+18009991194
+18009991195
+18009991197
+18009991198
+18009991199
+18009991203
+18009991204
+18009991206
+18009991207
+18009991208
+18009991211
+18009991215
+18009991216
+18009991217
+18009991218
+18009991219
+18009991220
+18009991221
+18009991222
+18009991224
+18009991225
+18009991226
+18009991228
+18009991229
+18009991232
+18009991233
+18009991234
+18009991237
+18009991239
+18009991241
+18009991243
+18009991244
+18009991245
+18009991246
+18009991247
+18009991248
+18009991250
+18009991251
+18009991252
+18009991254
+18009991256
+18009991257
+18009991262
+18009991263
+18009991264
+18009991265
+18009991266
+18009991267
+18009991269
+18009991270
+18009991271
+18009991279
+18009991282
+18009991283
+18009991287
+18009991289
+18009991291
+18009991292
+18009991293
+18009991295
+18009991296
+18009991298
+18009991299
+18009991300
+18009991301
+18009991302
+18009991303
+18009991304
+18009991305
+18009991306
+18009991308
+18009991309
+18009991312
+18009991314
+18009991316
+18009991317
+18009991318
+18009991319
+18009991320
+18009991322
+18009991323
+18009991324
+18009991325
+18009991326
+18009991328
+18009991330
+18009991332
+18009991333
+18009991334
+18009991336
+18009991337
+18009991339
+18009991340
+18009991341
+18009991343
+18009991344
+18009991345
+18009991346
+18009991347
+18009991348
+18009991351
+18009991352
+18009991353
+18009991354
+18009991355
+18009991361
+18009991362
+18009991364
+18009991365
+18009991368
+18009991369
+18009991371
+18009991372
+18009991374
+18009991375
+18009991377
+18009991379
+18009991380
+18009991381
+18009991382
+18009991383
+18009991384
+18009991385
+18009991386
+18009991387
+18009991388
+18009991389
+18009991390
+18009991392
+18009991395
+18009991396
+18009991397
+18009991398
+18009991399
+18009991401
+18009991403
+18009991404
+18009991405
+18009991406
+18009991408
+18009991409
+18009991411
+18009991412
+18009991413
+18009991414
+18009991415
+18009991416
+18009991418
+18009991420
+18009991421
+18009991422
+18009991423
+18009991427
+18009991428
+18009991429
+18009991430
+18009991431
+18009991432
+18009991434
+18009991436
+18009991437
+18009991438
+18009991441
+18009991443
+18009991444
+18009991448
+18009991450
+18009991451
+18009991452
+18009991453
+18009991455
+18009991457
+18009991458
+18009991460
+18009991461
+18009991462
+18009991463
+18009991464
+18009991465
+18009991466
+18009991467
+18009991468
+18009991469
+18009991470
+18009991472
+18009991474
+18009991476
+18009991477
+18009991479
+18009991480
+18009991481
+18009991482
+18009991484
+18009991485
+18009991486
+18009991487
+18009991488
+18009991489
+18009991490
+18009991493
+18009991494
+18009991495
+18009991496
+18009991497
+18009991504
+18009991505
+18009991506
+18009991507
+18009991508
+18009991510
+18009991511
+18009991512
+18009991514
+18009991515
+18009991516
+18009991517
+18009991518
+18009991520
+18009991521
+18009991524
+18009991526
+18009991527
+18009991528
+18009991529
+18009991533
+18009991534
+18009991536
+18009991541
+18009991543
+18009991544
+18009991545
+18009991547
+18009991548
+18009991550
+18009991551
+18009991552
+18009991553
+18009991555
+18009991556
+18009991557
+18009991558
+18009991559
+18009991560
+18009991561
+18009991562
+18009991563
+18009991564
+18009991565
+18009991566
+18009991567
+18009991568
+18009991569
+18009991572
+18009991573
+18009991574
+18009991575
+18009991577
+18009991578
+18009991579
+18009991591
+18009991592
+18009991593
+18009991594
+18009991595
+18009991597
+18009991599
+18009991601
+18009991602
+18009991603
+18009991605
+18009991606
+18009991607
+18009991608
+18009991609
+18009991610
+18009991611
+18009991612
+18009991614
+18009991615
+18009991616
+18009991617
+18009991618
+18009991619
+18009991620
+18009991622
+18009991623
+18009991627
+18009991628
+18009991629
+18009991630
+18009991631
+18009991632
+18009991633
+18009991635
+18009991637
+18009991638
+18009991640
+18009991643
+18009991646
+18009991647
+18009991649
+18009991651
+18009991652
+18009991656
+18009991657
+18009991659
+18009991661
+18009991662
+18009991663
+18009991664
+18009991665
+18009991666
+18009991670
+18009991671
+18009991672
+18009991673
+18009991674
+18009991675
+18009991676
+18009991677
+18009991679
+18009991681
+18009991684
+18009991687
+18009991691
+18009991692
+18009991694
+18009991695
+18009991696
+18009991697
+18009991698
+18009991699
+18009991701
+18009991702
+18009991703
+18009991705
+18009991707
+18009991708
+18009991711
+18009991713
+18009991714
+18009991716
+18009991717
+18009991719
+18009991720
+18009991721
+18009991722
+18009991724
+18009991725
+18009991726
+18009991727
+18009991728
+18009991729
+18009991730
+18009991731
+18009991732
+18009991735
+18009991736
+18009991738
+18009991739
+18009991742
+18009991745
+18009991746
+18009991747
+18009991748
+18009991749
+18009991750
+18009991752
+18009991753
+18009991754
+18009991755
+18009991756
+18009991758
+18009991759
+18009991761
+18009991762
+18009991764
+18009991766
+18009991767
+18009991768
+18009991769
+18009991770
+18009991771
+18009991772
+18009991774
+18009991775
+18009991776
+18009991777
+18009991778
+18009991782
+18009991783
+18009991784
+18009991787
+18009991788
+18009991792
+18009991793
+18009991795
+18009991797
+18009991798
+18009991799
+18009991801
+18009991802
+18009991803
+18009991805
+18009991806
+18009991807
+18009991808
+18009991809
+18009991810
+18009991813
+18009991815
+18009991816
+18009991817
+18009991818
+18009991819
+18009991820
+18009991821
+18009991822
+18009991823
+18009991824
+18009991825
+18009991826
+18009991827
+18009991829
+18009991830
+18009991831
+18009991832
+18009991833
+18009991836
+18009991837
+18009991838
+18009991839
+18009991842
+18009991843
+18009991844
+18009991845
+18009991846
+18009991848
+18009991849
+18009991851
+18009991853
+18009991854
+18009991855
+18009991856
+18009991858
+18009991862
+18009991864
+18009991866
+18009991867
+18009991869
+18009991870
+18009991871
+18009991872
+18009991873
+18009991875
+18009991877
+18009991879
+18009991880
+18009991881
+18009991883
+18009991884
+18009991885
+18009991886
+18009991888
+18009991889
+18009991890
+18009991892
+18009991893
+18009991894
+18009991896
+18009991897
+18009991898
+18009991899
+18009991900
+18009991902
+18009991903
+18009991904
+18009991905
+18009991908
+18009991909
+18009991911
+18009991913
+18009991915
+18009991916
+18009991917
+18009991918
+18009991920
+18009991922
+18009991923
+18009991924
+18009991925
+18009991927
+18009991928
+18009991930
+18009991931
+18009991932
+18009991933
+18009991934
+18009991936
+18009991937
+18009991939
+18009991940
+18009991941
+18009991945
+18009991946
+18009991947
+18009991948
+18009991949
+18009991955
+18009991956
+18009991957
+18009991958
+18009991959
+18009991960
+18009991962
+18009991963
+18009991964
+18009991965
+18009991968
+18009991971
+18009991972
+18009991973
+18009991974
+18009991979
+18009991980
+18009991981
+18009991982
+18009991984
+18009991985
+18009991986
+18009991987
+18009991988
+18009991989
+18009991990
+18009991991
+18009991992
+18009991994
+18009991997
+18009991998
+18009992000
+18009992001
+18009992002
+18009992003
+18009992005
+18009992006
+18009992007
+18009992009
+18009992010
+18009992012
+18009992013
+18009992015
+18009992016
+18009992017
+18009992018
+18009992021
+18009992022
+18009992023
+18009992024
+18009992025
+18009992028
+18009992029
+18009992031
+18009992035
+18009992037
+18009992039
+18009992040
+18009992041
+18009992042
+18009992044
+18009992045
+18009992046
+18009992047
+18009992048
+18009992049
+18009992050
+18009992053
+18009992054
+18009992055
+18009992056
+18009992057
+18009992058
+18009992059
+18009992061
+18009992062
+18009992063
+18009992064
+18009992065
+18009992067
+18009992069
+18009992071
+18009992072
+18009992073
+18009992074
+18009992076
+18009992077
+18009992078
+18009992080
+18009992081
+18009992082
+18009992083
+18009992084
+18009992085
+18009992087
+18009992088
+18009992090
+18009992091
+18009992092
+18009992093
+18009992094
+18009992095
+18009992096
+18009992097
+18009992098
+18009992101
+18009992102
+18009992103
+18009992104
+18009992106
+18009992107
+18009992110
+18009992111
+18009992113
+18009992114
+18009992115
+18009992116
+18009992118
+18009992119
+18009992120
+18009992122
+18009992123
+18009992127
+18009992129
+18009992130
+18009992133
+18009992134
+18009992135
+18009992140
+18009992142
+18009992143
+18009992145
+18009992146
+18009992147
+18009992148
+18009992149
+18009992150
+18009992151
+18009992152
+18009992155
+18009992156
+18009992157
+18009992159
+18009992160
+18009992161
+18009992162
+18009992163
+18009992165
+18009992166
+18009992170
+18009992172
+18009992173
+18009992174
+18009992175
+18009992176
+18009992177
+18009992178
+18009992179
+18009992180
+18009992181
+18009992182
+18009992184
+18009992188
+18009992193
+18009992194
+18009992195
+18009992198
+18009992199
+18009992200
+18009992201
+18009992202
+18009992203
+18009992204
+18009992205
+18009992207
+18009992208
+18009992210
+18009992211
+18009992212
+18009992213
+18009992214
+18009992215
+18009992216
+18009992217
+18009992222
+18009992223
+18009992225
+18009992227
+18009992228
+18009992230
+18009992232
+18009992233
+18009992234
+18009992235
+18009992236
+18009992237
+18009992241
+18009992243
+18009992244
+18009992246
+18009992247
+18009992248
+18009992252
+18009992253
+18009992254
+18009992255
+18009992256
+18009992258
+18009992260
+18009992261
+18009992262
+18009992263
+18009992265
+18009992266
+18009992268
+18009992269
+18009992270
+18009992272
+18009992275
+18009992276
+18009992277
+18009992279
+18009992280
+18009992281
+18009992282
+18009992287
+18009992291
+18009992292
+18009992294
+18009992295
+18009992297
+18009992299
+18009992301
+18009992304
+18009992306
+18009992307
+18009992309
+18009992310
+18009992311
+18009992313
+18009992314
+18009992315
+18009992316
+18009992317
+18009992318
+18009992319
+18009992321
+18009992322
+18009992323
+18009992324
+18009992325
+18009992327
+18009992329
+18009992330
+18009992331
+18009992333
+18009992334
+18009992335
+18009992337
+18009992338
+18009992339
+18009992340
+18009992341
+18009992342
+18009992347
+18009992349
+18009992352
+18009992354
+18009992355
+18009992356
+18009992358
+18009992359
+18009992360
+18009992361
+18009992362
+18009992363
+18009992364
+18009992365
+18009992369
+18009992370
+18009992375
+18009992376
+18009992377
+18009992379
+18009992381
+18009992382
+18009992383
+18009992384
+18009992385
+18009992386
+18009992387
+18009992388
+18009992391
+18009992392
+18009992393
+18009992394
+18009992395
+18009992397
+18009992398
+18009992399
+18009992400
+18009992401
+18009992403
+18009992404
+18009992405
+18009992406
+18009992407
+18009992408
+18009992411
+18009992414
+18009992415
+18009992416
+18009992420
+18009992423
+18009992424
+18009992425
+18009992426
+18009992427
+18009992428
+18009992429
+18009992430
+18009992431
+18009992433
+18009992434
+18009992437
+18009992439
+18009992441
+18009992442
+18009992444
+18009992451
+18009992453
+18009992456
+18009992458
+18009992459
+18009992460
+18009992461
+18009992462
+18009992465
+18009992466
+18009992467
+18009992468
+18009992470
+18009992472
+18009992473
+18009992474
+18009992475
+18009992477
+18009992478
+18009992479
+18009992480
+18009992481
+18009992482
+18009992483
+18009992484
+18009992485
+18009992486
+18009992487
+18009992490
+18009992491
+18009992492
+18009992493
+18009992494
+18009992496
+18009992498
+18009992499
+18009992502
+18009992504
+18009992505
+18009992507
+18009992509
+18009992513
+18009992516
+18009992518
+18009992519
+18009992521
+18009992522
+18009992523
+18009992524
+18009992527
+18009992528
+18009992529
+18009992530
+18009992531
+18009992532
+18009992533
+18009992534
+18009992535
+18009992537
+18009992538
+18009992539
+18009992540
+18009992541
+18009992545
+18009992546
+18009992547
+18009992548
+18009992549
+18009992551
+18009992552
+18009992554
+18009992555
+18009992556
+18009992557
+18009992558
+18009992559
+18009992560
+18009992561
+18009992562
+18009992563
+18009992564
+18009992565
+18009992566
+18009992567
+18009992569
+18009992571
+18009992572
+18009992573
+18009992575
+18009992576
+18009992577
+18009992578
+18009992579
+18009992580
+18009992581
+18009992582
+18009992583
+18009992585
+18009992586
+18009992587
+18009992591
+18009992592
+18009992593
+18009992594
+18009992595
+18009992597
+18009992603
+18009992604
+18009992607
+18009992612
+18009992613
+18009992614
+18009992615
+18009992616
+18009992617
+18009992618
+18009992619
+18009992620
+18009992621
+18009992622
+18009992623
+18009992624
+18009992625
+18009992628
+18009992631
+18009992633
+18009992635
+18009992636
+18009992638
+18009992639
+18009992642
+18009992643
+18009992644
+18009992648
+18009992650
+18009992651
+18009992652
+18009992653
+18009992654
+18009992655
+18009992656
+18009992657
+18009992658
+18009992659
+18009992660
+18009992661
+18009992662
+18009992663
+18009992667
+18009992668
+18009992670
+18009992671
+18009992672
+18009992673
+18009992676
+18009992677
+18009992679
+18009992680
+18009992681
+18009992686
+18009992690
+18009992691
+18009992692
+18009992693
+18009992694
+18009992695
+18009992697
+18009992698
+18009992699
+18009992704
+18009992705
+18009992706
+18009992709
+18009992710
+18009992713
+18009992714
+18009992716
+18009992717
+18009992718
+18009992719
+18009992722
+18009992723
+18009992724
+18009992725
+18009992726
+18009992728
+18009992729
+18009992730
+18009992731
+18009992732
+18009992733
+18009992734
+18009992735
+18009992736
+18009992737
+18009992738
+18009992739
+18009992740
+18009992741
+18009992742
+18009992743
+18009992744
+18009992745
+18009992747
+18009992748
+18009992749
+18009992750
+18009992751
+18009992752
+18009992753
+18009992756
+18009992757
+18009992758
+18009992761
+18009992762
+18009992763
+18009992764
+18009992765
+18009992766
+18009992768
+18009992770
+18009992771
+18009992773
+18009992775
+18009992777
+18009992778
+18009992779
+18009992783
+18009992784
+18009992786
+18009992787
+18009992789
+18009992790
+18009992791
+18009992792
+18009992795
+18009992800
+18009992801
+18009992803
+18009992804
+18009992805
+18009992807
+18009992808
+18009992812
+18009992814
+18009992816
+18009992817
+18009992819
+18009992820
+18009992823
+18009992824
+18009992825
+18009992827
+18009992828
+18009992829
+18009992830
+18009992831
+18009992836
+18009992837
+18009992839
+18009992840
+18009992841
+18009992842
+18009992844
+18009992845
+18009992846
+18009992847
+18009992849
+18009992851
+18009992852
+18009992854
+18009992855
+18009992856
+18009992857
+18009992858
+18009992859
+18009992861
+18009992862
+18009992863
+18009992865
+18009992866
+18009992867
+18009992868
+18009992871
+18009992872
+18009992874
+18009992875
+18009992880
+18009992881
+18009992882
+18009992884
+18009992885
+18009992886
+18009992887
+18009992888
+18009992893
+18009992894
+18009992896
+18009992897
+18009992898
+18009992899
+18009992904
+18009992908
+18009992909
+18009992910
+18009992912
+18009992913
+18009992915
+18009992916
+18009992917
+18009992918
+18009992920
+18009992921
+18009992922
+18009992923
+18009992925
+18009992926
+18009992927
+18009992928
+18009992929
+18009992931
+18009992932
+18009992933
+18009992938
+18009992941
+18009992945
+18009992946
+18009992948
+18009992949
+18009992956
+18009992957
+18009992958
+18009992962
+18009992964
+18009992965
+18009992966
+18009992967
+18009992972
+18009992974
+18009992976
+18009992977
+18009992978
+18009992979
+18009992981
+18009992982
+18009992983
+18009992985
+18009992986
+18009992988
+18009992990
+18009992991
+18009992992
+18009992994
+18009992996
+18009992998
+18009992999
+18009993000
+18009993002
+18009993003
+18009993006
+18009993007
+18009993010
+18009993011
+18009993012
+18009993013
+18009993016
+18009993017
+18009993018
+18009993019
+18009993020
+18009993021
+18009993022
+18009993024
+18009993027
+18009993028
+18009993030
+18009993032
+18009993033
+18009993034
+18009993035
+18009993037
+18009993038
+18009993039
+18009993046
+18009993047
+18009993048
+18009993049
+18009993052
+18009993054
+18009993055
+18009993057
+18009993059
+18009993060
+18009993061
+18009993063
+18009993066
+18009993067
+18009993068
+18009993069
+18009993070
+18009993073
+18009993075
+18009993076
+18009993077
+18009993080
+18009993082
+18009993084
+18009993085
+18009993087
+18009993089
+18009993090
+18009993092
+18009993093
+18009993099
+18009993100
+18009993104
+18009993105
+18009993108
+18009993109
+18009993110
+18009993111
+18009993114
+18009993116
+18009993117
+18009993118
+18009993119
+18009993120
+18009993122
+18009993125
+18009993130
+18009993131
+18009993132
+18009993134
+18009993135
+18009993136
+18009993138
+18009993141
+18009993142
+18009993145
+18009993146
+18009993148
+18009993150
+18009993152
+18009993153
+18009993154
+18009993155
+18009993156
+18009993158
+18009993159
+18009993163
+18009993164
+18009993166
+18009993167
+18009993168
+18009993170
+18009993171
+18009993172
+18009993173
+18009993175
+18009993176
+18009993177
+18009993178
+18009993180
+18009993181
+18009993182
+18009993183
+18009993184
+18009993186
+18009993187
+18009993188
+18009993189
+18009993190
+18009993191
+18009993193
+18009993194
+18009993195
+18009993196
+18009993197
+18009993202
+18009993203
+18009993204
+18009993205
+18009993206
+18009993207
+18009993209
+18009993210
+18009993211
+18009993212
+18009993213
+18009993214
+18009993215
+18009993216
+18009993217
+18009993219
+18009993220
+18009993221
+18009993222
+18009993223
+18009993225
+18009993226
+18009993228
+18009993229
+18009993231
+18009993232
+18009993235
+18009993236
+18009993238
+18009993239
+18009993240
+18009993241
+18009993243
+18009993244
+18009993245
+18009993246
+18009993249
+18009993250
+18009993252
+18009993256
+18009993257
+18009993258
+18009993259
+18009993260
+18009993261
+18009993262
+18009993263
+18009993264
+18009993265
+18009993266
+18009993268
+18009993270
+18009993273
+18009993274
+18009993277
+18009993279
+18009993281
+18009993283
+18009993284
+18009993285
+18009993286
+18009993287
+18009993288
+18009993289
+18009993290
+18009993292
+18009993293
+18009993294
+18009993295
+18009993297
+18009993299
+18009993300
+18009993301
+18009993302
+18009993304
+18009993305
+18009993306
+18009993307
+18009993308
+18009993311
+18009993313
+18009993314
+18009993315
+18009993316
+18009993317
+18009993318
+18009993320
+18009993321
+18009993323
+18009993324
+18009993325
+18009993326
+18009993327
+18009993328
+18009993330
+18009993335
+18009993336
+18009993337
+18009993338
+18009993340
+18009993341
+18009993342
+18009993343
+18009993344
+18009993345
+18009993347
+18009993349
+18009993350
+18009993352
+18009993354
+18009993357
+18009993358
+18009993360
+18009993361
+18009993362
+18009993363
+18009993364
+18009993365
+18009993366
+18009993368
+18009993369
+18009993370
+18009993373
+18009993375
+18009993376
+18009993377
+18009993378
+18009993379
+18009993380
+18009993381
+18009993382
+18009993383
+18009993384
+18009993385
+18009993386
+18009993389
+18009993391
+18009993393
+18009993395
+18009993396
+18009993397
+18009993398
+18009993399
+18009993400
+18009993401
+18009993405
+18009993406
+18009993408
+18009993409
+18009993410
+18009993411
+18009993413
+18009993415
+18009993417
+18009993419
+18009993422
+18009993423
+18009993424
+18009993425
+18009993426
+18009993428
+18009993429
+18009993431
+18009993432
+18009993434
+18009993437
+18009993439
+18009993440
+18009993442
+18009993446
+18009993449
+18009993451
+18009993452
+18009993453
+18009993454
+18009993455
+18009993456
+18009993458
+18009993461
+18009993465
+18009993466
+18009993467
+18009993470
+18009993471
+18009993472
+18009993473
+18009993475
+18009993478
+18009993480
+18009993482
+18009993486
+18009993487
+18009993489
+18009993490
+18009993492
+18009993495
+18009993496
+18009993497
+18009993498
+18009993499
+18009993500
+18009993502
+18009993503
+18009993504
+18009993506
+18009993507
+18009993509
+18009993511
+18009993512
+18009993513
+18009993514
+18009993517
+18009993518
+18009993519
+18009993521
+18009993523
+18009993525
+18009993527
+18009993529
+18009993530
+18009993531
+18009993532
+18009993533
+18009993535
+18009993536
+18009993537
+18009993539
+18009993540
+18009993542
+18009993544
+18009993545
+18009993547
+18009993548
+18009993549
+18009993550
+18009993552
+18009993553
+18009993554
+18009993555
+18009993556
+18009993557
+18009993559
+18009993561
+18009993562
+18009993563
+18009993566
+18009993568
+18009993569
+18009993573
+18009993575
+18009993577
+18009993578
+18009993579
+18009993580
+18009993581
+18009993582
+18009993583
+18009993584
+18009993585
+18009993587
+18009993588
+18009993590
+18009993591
+18009993592
+18009993593
+18009993595
+18009993598
+18009993599
+18009993600
+18009993602
+18009993603
+18009993604
+18009993605
+18009993606
+18009993608
+18009993610
+18009993612
+18009993614
+18009993616
+18009993617
+18009993618
+18009993621
+18009993623
+18009993624
+18009993625
+18009993626
+18009993627
+18009993631
+18009993632
+18009993633
+18009993634
+18009993635
+18009993636
+18009993637
+18009993638
+18009993639
+18009993640
+18009993641
+18009993642
+18009993643
+18009993644
+18009993645
+18009993648
+18009993649
+18009993650
+18009993651
+18009993653
+18009993655
+18009993656
+18009993658
+18009993661
+18009993662
+18009993663
+18009993664
+18009993665
+18009993666
+18009993668
+18009993669
+18009993671
+18009993673
+18009993674
+18009993676
+18009993677
+18009993678
+18009993679
+18009993681
+18009993682
+18009993683
+18009993684
+18009993685
+18009993686
+18009993689
+18009993690
+18009993691
+18009993692
+18009993693
+18009993694
+18009993695
+18009993696
+18009993698
+18009993699
+18009993703
+18009993704
+18009993706
+18009993707
+18009993708
+18009993709
+18009993711
+18009993713
+18009993714
+18009993716
+18009993717
+18009993718
+18009993719
+18009993720
+18009993722
+18009993728
+18009993731
+18009993732
+18009993733
+18009993735
+18009993737
+18009993739
+18009993741
+18009993742
+18009993743
+18009993745
+18009993746
+18009993748
+18009993750
+18009993752
+18009993753
+18009993754
+18009993755
+18009993760
+18009993761
+18009993762
+18009993763
+18009993765
+18009993766
+18009993768
+18009993769
+18009993771
+18009993773
+18009993774
+18009993778
+18009993781
+18009993782
+18009993783
+18009993785
+18009993786
+18009993787
+18009993789
+18009993791
+18009993792
+18009993793
+18009993795
+18009993796
+18009993797
+18009993798
+18009993800
+18009993801
+18009993802
+18009993803
+18009993805
+18009993806
+18009993807
+18009993808
+18009993809
+18009993810
+18009993815
+18009993819
+18009993820
+18009993821
+18009993822
+18009993823
+18009993824
+18009993825
+18009993827
+18009993829
+18009993830
+18009993831
+18009993833
+18009993834
+18009993837
+18009993838
+18009993839
+18009993844
+18009993846
+18009993847
+18009993850
+18009993852
+18009993853
+18009993854
+18009993855
+18009993858
+18009993859
+18009993860
+18009993861
+18009993862
+18009993863
+18009993864
+18009993866
+18009993868
+18009993869
+18009993870
+18009993871
+18009993872
+18009993873
+18009993874
+18009993875
+18009993876
+18009993877
+18009993878
+18009993881
+18009993884
+18009993885
+18009993886
+18009993888
+18009993889
+18009993890
+18009993891
+18009993893
+18009993894
+18009993896
+18009993897
+18009993898
+18009993901
+18009993902
+18009993905
+18009993907
+18009993910
+18009993913
+18009993914
+18009993916
+18009993918
+18009993919
+18009993922
+18009993923
+18009993924
+18009993925
+18009993928
+18009993930
+18009993934
+18009993935
+18009993936
+18009993937
+18009993938
+18009993939
+18009993941
+18009993942
+18009993943
+18009993946
+18009993948
+18009993949
+18009993950
+18009993951
+18009993953
+18009993955
+18009993956
+18009993957
+18009993958
+18009993960
+18009993962
+18009993963
+18009993964
+18009993965
+18009993966
+18009993967
+18009993972
+18009993973
+18009993974
+18009993977
+18009993978
+18009993979
+18009993980
+18009993982
+18009993984
+18009993986
+18009993988
+18009993990
+18009993991
+18009993992
+18009993993
+18009993995
+18009993996
+18009993997
+18009993999
+18009994001
+18009994003
+18009994004
+18009994005
+18009994007
+18009994008
+18009994011
+18009994012
+18009994013
+18009994014
+18009994015
+18009994016
+18009994017
+18009994018
+18009994023
+18009994024
+18009994025
+18009994026
+18009994028
+18009994029
+18009994030
+18009994031
+18009994032
+18009994036
+18009994037
+18009994038
+18009994039
+18009994041
+18009994042
+18009994043
+18009994044
+18009994045
+18009994046
+18009994047
+18009994049
+18009994050
+18009994051
+18009994052
+18009994053
+18009994055
+18009994057
+18009994058
+18009994060
+18009994061
+18009994063
+18009994064
+18009994067
+18009994068
+18009994069
+18009994071
+18009994073
+18009994076
+18009994077
+18009994078
+18009994082
+18009994084
+18009994086
+18009994088
+18009994090
+18009994091
+18009994092
+18009994093
+18009994096
+18009994097
+18009994098
+18009994099
+18009994101
+18009994102
+18009994103
+18009994107
+18009994108
+18009994109
+18009994110
+18009994111
+18009994112
+18009994114
+18009994115
+18009994116
+18009994117
+18009994118
+18009994119
+18009994120
+18009994121
+18009994122
+18009994126
+18009994130
+18009994131
+18009994132
+18009994135
+18009994136
+18009994137
+18009994138
+18009994140
+18009994142
+18009994144
+18009994145
+18009994146
+18009994147
+18009994148
+18009994150
+18009994151
+18009994152
+18009994153
+18009994154
+18009994156
+18009994157
+18009994158
+18009994159
+18009994160
+18009994161
+18009994162
+18009994163
+18009994164
+18009994165
+18009994166
+18009994167
+18009994168
+18009994169
+18009994170
+18009994171
+18009994172
+18009994173
+18009994174
+18009994175
+18009994176
+18009994177
+18009994178
+18009994179
+18009994180
+18009994181
+18009994182
+18009994187
+18009994188
+18009994189
+18009994190
+18009994193
+18009994194
+18009994196
+18009994197
+18009994198
+18009994199
+18009994200
+18009994201
+18009994203
+18009994204
+18009994205
+18009994206
+18009994207
+18009994208
+18009994212
+18009994213
+18009994215
+18009994216
+18009994217
+18009994218
+18009994219
+18009994220
+18009994222
+18009994223
+18009994224
+18009994225
+18009994226
+18009994229
+18009994230
+18009994232
+18009994233
+18009994234
+18009994235
+18009994236
+18009994237
+18009994238
+18009994239
+18009994240
+18009994242
+18009994243
+18009994245
+18009994246
+18009994248
+18009994249
+18009994250
+18009994251
+18009994252
+18009994253
+18009994254
+18009994255
+18009994256
+18009994259
+18009994260
+18009994261
+18009994262
+18009994263
+18009994264
+18009994265
+18009994266
+18009994267
+18009994268
+18009994269
+18009994270
+18009994272
+18009994273
+18009994274
+18009994275
+18009994277
+18009994278
+18009994280
+18009994281
+18009994282
+18009994284
+18009994286
+18009994288
+18009994290
+18009994291
+18009994292
+18009994293
+18009994296
+18009994297
+18009994300
+18009994302
+18009994303
+18009994304
+18009994308
+18009994311
+18009994312
+18009994313
+18009994314
+18009994315
+18009994317
+18009994318
+18009994319
+18009994323
+18009994324
+18009994325
+18009994328
+18009994329
+18009994330
+18009994333
+18009994334
+18009994335
+18009994336
+18009994337
+18009994339
+18009994341
+18009994343
+18009994345
+18009994347
+18009994349
+18009994350
+18009994351
+18009994352
+18009994354
+18009994355
+18009994356
+18009994358
+18009994359
+18009994360
+18009994361
+18009994362
+18009994364
+18009994366
+18009994367
+18009994368
+18009994369
+18009994370
+18009994372
+18009994374
+18009994375
+18009994376
+18009994377
+18009994378
+18009994379
+18009994381
+18009994382
+18009994383
+18009994384
+18009994385
+18009994386
+18009994387
+18009994388
+18009994389
+18009994390
+18009994391
+18009994392
+18009994393
+18009994395
+18009994397
+18009994398
+18009994400
+18009994401
+18009994411
+18009994412
+18009994414
+18009994416
+18009994424
+18009994425
+18009994426
+18009994427
+18009994428
+18009994429
+18009994430
+18009994432
+18009994434
+18009994436
+18009994437
+18009994439
+18009994441
+18009994444
+18009994447
+18009994449
+18009994450
+18009994451
+18009994452
+18009994453
+18009994454
+18009994456
+18009994458
+18009994460
+18009994461
+18009994462
+18009994463
+18009994464
+18009994465
+18009994466
+18009994467
+18009994470
+18009994472
+18009994474
+18009994475
+18009994476
+18009994477
+18009994478
+18009994480
+18009994481
+18009994483
+18009994485
+18009994486
+18009994488
+18009994489
+18009994490
+18009994494
+18009994495
+18009994496
+18009994499
+18009994500
+18009994503
+18009994505
+18009994506
+18009994508
+18009994509
+18009994513
+18009994514
+18009994515
+18009994517
+18009994518
+18009994519
+18009994520
+18009994523
+18009994524
+18009994525
+18009994526
+18009994527
+18009994528
+18009994531
+18009994532
+18009994534
+18009994536
+18009994537
+18009994538
+18009994541
+18009994543
+18009994544
+18009994545
+18009994546
+18009994547
+18009994548
+18009994549
+18009994550
+18009994551
+18009994552
+18009994553
+18009994554
+18009994557
+18009994558
+18009994560
+18009994562
+18009994563
+18009994566
+18009994567
+18009994568
+18009994572
+18009994575
+18009994576
+18009994577
+18009994578
+18009994582
+18009994583
+18009994588
+18009994590
+18009994591
+18009994592
+18009994595
+18009994597
+18009994598
+18009994603
+18009994604
+18009994605
+18009994606
+18009994607
+18009994608
+18009994611
+18009994612
+18009994613
+18009994614
+18009994617
+18009994620
+18009994622
+18009994623
+18009994624
+18009994627
+18009994629
+18009994630
+18009994631
+18009994634
+18009994636
+18009994637
+18009994638
+18009994640
+18009994644
+18009994647
+18009994648
+18009994649
+18009994651
+18009994652
+18009994653
+18009994654
+18009994655
+18009994657
+18009994658
+18009994659
+18009994661
+18009994662
+18009994664
+18009994665
+18009994666
+18009994667
+18009994670
+18009994671
+18009994672
+18009994673
+18009994675
+18009994676
+18009994677
+18009994679
+18009994680
+18009994681
+18009994683
+18009994684
+18009994686
+18009994687
+18009994689
+18009994692
+18009994693
+18009994694
+18009994695
+18009994696
+18009994698
+18009994699
+18009994700
+18009994701
+18009994702
+18009994703
+18009994704
+18009994707
+18009994708
+18009994714
+18009994715
+18009994717
+18009994720
+18009994721
+18009994723
+18009994724
+18009994729
+18009994730
+18009994731
+18009994732
+18009994733
+18009994735
+18009994737
+18009994740
+18009994742
+18009994743
+18009994746
+18009994747
+18009994749
+18009994750
+18009994752
+18009994754
+18009994755
+18009994756
+18009994759
+18009994760
+18009994761
+18009994762
+18009994764
+18009994769
+18009994770
+18009994771
+18009994772
+18009994776
+18009994779
+18009994780
+18009994782
+18009994784
+18009994785
+18009994786
+18009994787
+18009994788
+18009994789
+18009994790
+18009994792
+18009994794
+18009994796
+18009994797
+18009994799
+18009994801
+18009994803
+18009994804
+18009994806
+18009994808
+18009994809
+18009994810
+18009994812
+18009994814
+18009994816
+18009994818
+18009994821
+18009994822
+18009994823
+18009994824
+18009994825
+18009994826
+18009994828
+18009994829
+18009994830
+18009994831
+18009994832
+18009994833
+18009994834
+18009994835
+18009994836
+18009994838
+18009994840
+18009994841
+18009994842
+18009994843
+18009994844
+18009994845
+18009994847
+18009994848
+18009994849
+18009994851
+18009994852
+18009994853
+18009994854
+18009994856
+18009994857
+18009994858
+18009994859
+18009994862
+18009994863
+18009994864
+18009994865
+18009994867
+18009994869
+18009994870
+18009994871
+18009994872
+18009994873
+18009994875
+18009994876
+18009994879
+18009994882
+18009994883
+18009994884
+18009994886
+18009994887
+18009994888
+18009994889
+18009994891
+18009994892
+18009994893
+18009994894
+18009994895
+18009994896
+18009994898
+18009994900
+18009994901
+18009994902
+18009994905
+18009994907
+18009994908
+18009994910
+18009994912
+18009994913
+18009994916
+18009994919
+18009994920
+18009994923
+18009994924
+18009994926
+18009994929
+18009994930
+18009994931
+18009994932
+18009994933
+18009994935
+18009994937
+18009994938
+18009994939
+18009994940
+18009994943
+18009994946
+18009994947
+18009994949
+18009994953
+18009994954
+18009994955
+18009994956
+18009994960
+18009994961
+18009994962
+18009994963
+18009994964
+18009994966
+18009994967
+18009994968
+18009994970
+18009994972
+18009994973
+18009994976
+18009994977
+18009994978
+18009994979
+18009994980
+18009994981
+18009994982
+18009994983
+18009994985
+18009994987
+18009994988
+18009994989
+18009994992
+18009994993
+18009994995
+18009994996
+18009994998
+18009994999
+18009995004
+18009995006
+18009995007
+18009995009
+18009995010
+18009995011
+18009995015
+18009995016
+18009995017
+18009995018
+18009995020
+18009995022
+18009995023
+18009995024
+18009995025
+18009995026
+18009995027
+18009995028
+18009995030
+18009995031
+18009995032
+18009995033
+18009995034
+18009995036
+18009995037
+18009995038
+18009995041
+18009995042
+18009995043
+18009995044
+18009995045
+18009995046
+18009995047
+18009995048
+18009995049
+18009995050
+18009995055
+18009995056
+18009995058
+18009995060
+18009995062
+18009995063
+18009995064
+18009995065
+18009995066
+18009995067
+18009995069
+18009995071
+18009995072
+18009995073
+18009995074
+18009995076
+18009995077
+18009995079
+18009995080
+18009995082
+18009995083
+18009995084
+18009995085
+18009995087
+18009995088
+18009995089
+18009995091
+18009995092
+18009995093
+18009995095
+18009995096
+18009995097
+18009995098
+18009995100
+18009995101
+18009995102
+18009995103
+18009995104
+18009995106
+18009995107
+18009995108
+18009995109
+18009995110
+18009995111
+18009995112
+18009995114
+18009995115
+18009995116
+18009995117
+18009995118
+18009995120
+18009995121
+18009995123
+18009995124
+18009995125
+18009995126
+18009995127
+18009995128
+18009995129
+18009995130
+18009995132
+18009995133
+18009995134
+18009995137
+18009995139
+18009995140
+18009995141
+18009995143
+18009995144
+18009995145
+18009995146
+18009995147
+18009995148
+18009995149
+18009995151
+18009995152
+18009995153
+18009995154
+18009995155
+18009995157
+18009995161
+18009995164
+18009995165
+18009995166
+18009995167
+18009995168
+18009995169
+18009995170
+18009995171
+18009995172
+18009995174
+18009995175
+18009995177
+18009995178
+18009995179
+18009995180
+18009995183
+18009995184
+18009995187
+18009995188
+18009995190
+18009995191
+18009995195
+18009995196
+18009995197
+18009995200
+18009995204
+18009995205
+18009995206
+18009995209
+18009995211
+18009995212
+18009995213
+18009995214
+18009995215
+18009995216
+18009995217
+18009995218
+18009995220
+18009995223
+18009995227
+18009995228
+18009995230
+18009995231
+18009995232
+18009995236
+18009995238
+18009995239
+18009995240
+18009995241
+18009995242
+18009995243
+18009995244
+18009995245
+18009995246
+18009995254
+18009995257
+18009995259
+18009995261
+18009995262
+18009995263
+18009995264
+18009995266
+18009995268
+18009995270
+18009995271
+18009995272
+18009995273
+18009995274
+18009995275
+18009995276
+18009995277
+18009995279
+18009995286
+18009995287
+18009995289
+18009995290
+18009995293
+18009995294
+18009995296
+18009995297
+18009995298
+18009995299
+18009995300
+18009995301
+18009995304
+18009995305
+18009995306
+18009995308
+18009995312
+18009995313
+18009995314
+18009995315
+18009995316
+18009995317
+18009995319
+18009995320
+18009995321
+18009995322
+18009995323
+18009995324
+18009995325
+18009995328
+18009995329
+18009995331
+18009995332
+18009995338
+18009995339
+18009995340
+18009995346
+18009995347
+18009995353
+18009995356
+18009995357
+18009995358
+18009995359
+18009995361
+18009995362
+18009995364
+18009995365
+18009995366
+18009995369
+18009995370
+18009995371
+18009995372
+18009995373
+18009995374
+18009995375
+18009995376
+18009995377
+18009995378
+18009995379
+18009995383
+18009995385
+18009995386
+18009995387
+18009995388
+18009995389
+18009995390
+18009995391
+18009995394
+18009995395
+18009995397
+18009995398
+18009995399
+18009995402
+18009995404
+18009995405
+18009995406
+18009995407
+18009995409
+18009995410
+18009995411
+18009995425
+18009995463
+18009995477
+18009995588
+18009995683
+18009995878
+18009996253
+18009996644
+18009996666
+18009996969
+18009997273
+18009997399
+18009997588
+18009997825
+18009997877
+18009997883
+18009998255
+18009998336
+18009998462
+18009998487
+18009999739
+18009999876
+18012684437
+18013482935
+18014090909
+18014091444
+18014217690
+18014437373
+18014593935
+18015122062
+18015147908
+18016136832
+18016181816
+18016184100
+18016184101
+18016184102
+18017070000
+18017369700
+18017834468
+18017900703
+18017904102
+18018397502
+18019249700
+18019341600
+18019900777
+18019921081
+18022000739
+18023201662
+18023315963
+18023741545
+18023834440
+18023834448
+18023834452
+18024981000
+18024981013
+18024981016
+18025000442
+18025232415
+18025525452
+18026740020
+18026740023
+18027729519
+18027781487
+18028024113
+18029229100
+18029229700
+18032173128
+18032270036
+18032270038
+18032270048
+18033701835
+18033844574
+18034090013
+18034616600
+18037163010
+18037401010
+18037402000
+18037404444
+18037730571
+18038053095
+18038863811
+18038964700
+18039306868
+18039562452
+18042014406
+18042014410
+18042057646
+18042069963
+18042508643
+18042531856
+18043247648
+18043553637
+18043736093
+18043758109
+18043954256
+18044290476
+18044304099
+18044531324
+18044626082
+18044636631
+18044672889
+18044828100
+18045019705
+18045381606
+18045529273
+18045816105
+18045877657
+18045991420
+18046569018
+18046675929
+18046698821
+18046702587
+18046815825
+18047672600
+18047709285
+18047747373
+18048011710
+18048011735
+18048461166
+18048491108
+18048700825
+18048754416
+18048844011
+18048901815
+18049023443
+18049253263
+18049346066
+18049346470
+18049612116
+18049616614
+18049616672
+18049619077
+18049778888
+18049782016
+18049791243
+18049960812
+18052058199
+18052637569
+18052708944
+18053231620
+18053397844
+18053646634
+18053761712
+18054358900
+18054710106
+18055802448
+18056277633
+18056495206
+18056610928
+18056734163
+18057010981
+18058012335
+18058565100
+18058589400
+18058809900
+18058941347
+18059645367
+18059741455
+18062099022
+18062099038
+18062179449
+18062230311
+18062230707
+18062264134
+18062909016
+18062909500
+18063059209
+18063176930
+18063184848
+18063189999
+18063400824
+18063464216
+18063679420
+18064123788
+18064420114
+18064864680
+18064940230
+18065030890
+18065160832
+18065450005
+18065474886
+18065589790
+18066205875
+18066528019
+18066611326
+18067148251
+18067148353
+18067189645
+18067297727
+18068358988
+18068777889
+18068909046
+18069944545
+18077552213
+18082061971
+18082139393
+18082141616
+18082159393
+18082193610
+18082700715
+18082700720
+18082702200
+18083214178
+18083434910
+18083785776
+18084197670
+18084315210
+18084576689
+18085500233
+18085991655
+18086336676
+18086641111
+18088676676
+18089240868
+18089300028
+18089300032
+18089300062
+18089307575
+18089473444
+18089490649
+18089499888
+18089518232
+18102070549
+18102689172
+18102759999
+18103666298
+18103710458
+18103967009
+18103967015
+18103967016
+18103967777
+18104128573
+18104259721
+18104401790
+18104623364
+18104746830
+18106963293
+18107402222
+18108881059
+18122252137
+18122748036
+18125149500
+18125771981
+18127749300
+18127768318
+18129611515
+18132175289
+18132604396
+18132628300
+18132779700
+18132830698
+18133053630
+18133080935
+18133162079
+18133179910
+18133671419
+18134434563
+18134561246
+18135240622
+18135370977
+18135376969
+18135435460
+18135487989
+18135784580
+18135795595
+18135940303
+18136020504
+18136763533
+18136788132
+18136929036
+18137013160
+18137229817
+18137259543
+18137402971
+18137429461
+18137890620
+18137893606
+18137904630
+18137976963
+18138075688
+18138205825
+18138237102
+18138244118
+18138274923
+18138298339
+18138367066
+18138741900
+18139098929
+18139461470
+18142190172
+18142206492
+18142206865
+18142494697
+18143085656
+18143085700
+18144641504
+18144641505
+18144914084
+18146560886
+18149137703
+18149957974
+18152015477
+18152052816
+18153453756
+18153712391
+18153940340
+18154060072
+18154158532
+18154206649
+18154374399
+18154474101
+18154573686
+18154668249
+18156165684
+18156655182
+18156864747
+18157920780
+18158463560
+18158624791
+18159779700
+18159779797
+18162145738
+18162146610
+18162161310
+18162378786
+18162656934
+18162723500
+18162818839
+18163030303
+18163060305
+18163275304
+18163353000
+18163593670
+18163758721
+18163793605
+18164329970
+18165216909
+18165330062
+18165330063
+18165332000
+18165333000
+18165337959
+18166073926
+18166141751
+18166165684
+18166556913
+18166636381
+18168412222
+18169621810
+18169753096
+18169753340
+18169754260
+18169756087
+18172004915
+18172020350
+18172036371
+18172040192
+18172218967
+18172219695
+18172601077
+18172689511
+18172891103
+18173283594
+18173498185
+18174097299
+18175837979
+18175852828
+18176779156
+18177025150
+18177195933
+18177758697
+18177798135
+18178403395
+18178865933
+18178869399
+18178876666
+18179045072
+18179731675
+18182307917
+18182308331
+18183011816
+18184086995
+18184560224
+18184643775
+18184956200
+18184956201
+18184956202
+18186300092
+18186882626
+18188248444
+18188551181
+18189264381
+18189374494
+18189613100
+18189751391
+18189858885
+18189947788
+18193453116
+18195390612
+18196304340
+18198839197
+18199927517
+18202090662
+18202428043
+18202471044
+18203450032
+18205874133
+18252427655
+18253218812
+18253501421
+18255982890
+18257102448
+18258352629
+18262179531
+18262179798
+18265293627
+18267429249
+18282146607
+18282350700
+18282390909
+18283339900
+18283827142
+18283933500
+18285222780
+18285238445
+18285463237
+18286231977
+18286628762
+18287390239
+18287853442
+18287874894
+18302057414
+18302530523
+18302593474
+18302888070
+18303022618
+18303769368
+18304223500
+18304319830
+18304433030
+18304579244
+18304579397
+18307458405
+18308250089
+18312037573
+18312048351
+18312158665
+18312220379
+18312452430
+18312711102
+18312784148
+18312982780
+18313000039
+18313002419
+18313378587
+18313378629
+18314173254
+18314178600
+18316122152
+18316215216
+18316579729
+18316594308
+18316777862
+18317171376
+18317371660
+18318545454
+18318897632
+18319960069
+18319989999
+18322000707
+18322205066
+18322265500
+18322413099
+18322461473
+18323421966
+18323811944
+18323811955
+18323978040
+18324001891
+18324021502
+18324083057
+18324083697
+18324667344
+18325214002
+18325589926
+18325867700
+18325996906
+18326034549
+18326041044
+18326428522
+18326629498
+18326805729
+18326994530
+18326996810
+18327183123
+18327214384
+18327436504
+18327876010
+18327936220
+18328503907
+18328630710
+18329051979
+18329064448
+18329064461
+18329278942
+18329795146
+18329812302
+18332043381
+18332078487
+18332101010
+18332112393
+18332119166
+18332127642
+18332170384
+18332173239
+18332174548
+18332194593
+18332226695
+18332227161
+18332232777
+18332255739
+18332264277
+18332265600
+18332273739
+18332275050
+18332278368
+18332301668
+18332325236
+18332334373
+18332340916
+18332352431
+18332362667
+18332368373
+18332378739
+18332385818
+18332385821
+18332385824
+18332385827
+18332385833
+18332385837
+18332385838
+18332385844
+18332385846
+18332385847
+18332385854
+18332385856
+18332385862
+18332385866
+18332385869
+18332385870
+18332385873
+18332385874
+18332385877
+18332385878
+18332385879
+18332385880
+18332385882
+18332385883
+18332385893
+18332385899
+18332388278
+18332422874
+18332422878
+18332427788
+18332428002
+18332428047
+18332428238
+18332428255
+18332428363
+18332428365
+18332428373
+18332428397
+18332428440
+18332428445
+18332428546
+18332428548
+18332428568
+18332428669
+18332428793
+18332428825
+18332428872
+18332428999
+18332434625
+18332443454
+18332449446
+18332453538
+18332462179
+18332474373
+18332482429
+18332482436
+18332482446
+18332482448
+18332482463
+18332482465
+18332482832
+18332522526
+18332551119
+18332575757
+18332594900
+18332595639
+18332597752
+18332599872
+18332625223
+18332625244
+18332625323
+18332625386
+18332625425
+18332625437
+18332625438
+18332625446
+18332625468
+18332625489
+18332625666
+18332625669
+18332625739
+18332625866
+18332625924
+18332625932
+18332625999
+18332644939
+18332654935
+18332663484
+18332663739
+18332666626
+18332667976
+18332691329
+18332739769
+18332744774
+18332745819
+18332755752
+18332756557
+18332768284
+18332768738
+18332775265
+18332777399
+18332786009
+18332786771
+18332792544
+18332797972
+18332812382
+18332833846
+18332861260
+18332868669
+18332880339
+18332883277
+18332910128
+18332910890
+18332911571
+18332917392
+18332917569
+18332951432
+18332969435
+18332976666
+18332983661
+18333034662
+18333039945
+18333044295
+18333046635
+18333054937
+18333055669
+18333058809
+18333071390
+18333144273
+18333208263
+18333211944
+18333215193
+18333218453
+18333222213
+18333228688
+18333244160
+18333268273
+18333268274
+18333268279
+18333278074
+18333280535
+18333283546
+18333284475
+18333285239
+18333285477
+18333287399
+18333302134
+18333306397
+18333307699
+18333325276
+18333325293
+18333335347
+18333337502
+18333337507
+18333337518
+18333365551
+18333367493
+18333384736
+18333384746
+18333384748
+18333405100
+18333425223
+18333425244
+18333425255
+18333425323
+18333425386
+18333425425
+18333425437
+18333425438
+18333425446
+18333425489
+18333425666
+18333425669
+18333425739
+18333425866
+18333425924
+18333425932
+18333425999
+18333446772
+18333453223
+18333453255
+18333453386
+18333453425
+18333453437
+18333453446
+18333453489
+18333453666
+18333453669
+18333453739
+18333453866
+18333453924
+18333453932
+18333453999
+18333494352
+18333507590
+18333518292
+18333518665
+18333519465
+18333530277
+18333547812
+18333547823
+18333547824
+18333547825
+18333547837
+18333547846
+18333547860
+18333547871
+18333547873
+18333551664
+18333554773
+18333558477
+18333567362
+18333571110
+18333587277
+18333588973
+18333605881
+18333633997
+18333646014
+18333647644
+18333647757
+18333656686
+18333666245
+18333666248
+18333666253
+18333666329
+18333666336
+18333666346
+18333666348
+18333666363
+18333666365
+18333666387
+18333768422
+18333768427
+18333768429
+18333768436
+18333768446
+18333768448
+18333786776
+18333787339
+18333789150
+18333825223
+18333825225
+18333825244
+18333825255
+18333825286
+18333825323
+18333825386
+18333825425
+18333825429
+18333825438
+18333825446
+18333825464
+18333825468
+18333825484
+18333825489
+18333825636
+18333825666
+18333825669
+18333825692
+18333825739
+18333825848
+18333825866
+18333825924
+18333825932
+18333825999
+18333832492
+18333835728
+18333837473
+18333973743
+18333976852
+18333978347
+18333984803
+18334005950
+18334014038
+18334014221
+18334021212
+18334025425
+18334026292
+18334049900
+18334059339
+18334070019
+18334071608
+18334076842
+18334115967
+18334116579
+18334139000
+18334144698
+18334144747
+18334146854
+18334194692
+18334222378
+18334223868
+18334235399
+18334247366
+18334255220
+18334260114
+18334271106
+18334272062
+18334272586
+18334273177
+18334273181
+18334273405
+18334278944
+18334291234
+18334292428
+18334292662
+18334293283
+18334293284
+18334293733
+18334295459
+18334295463
+18334295465
+18334295483
+18334296253
+18334297399
+18334297666
+18334298487
+18334314297
+18334317831
+18334318799
+18334332977
+18334337088
+18334348730
+18334383478
+18334385239
+18334385243
+18334385898
+18334401579
+18334403708
+18334403826
+18334413823
+18334416214
+18334440000
+18334442424
+18334442428
+18334450123
+18334456582
+18334457353
+18334474191
+18334475739
+18334484765
+18334488935
+18334518335
+18334525638
+18334533105
+18334535589
+18334542211
+18334608963
+18334612286
+18334618054
+18334630091
+18334632399
+18334636266
+18334646968
+18334646969
+18334665877
+18334675206
+18334676911
+18334676921
+18334676924
+18334676926
+18334676939
+18334676940
+18334676943
+18334676944
+18334676948
+18334676950
+18334676954
+18334676956
+18334676962
+18334676965
+18334676966
+18334676967
+18334676969
+18334676973
+18334676987
+18334676991
+18334679310
+18334682229
+18334682428
+18334682432
+18334682663
+18334682668
+18334683283
+18334683338
+18334683825
+18334684475
+18334684653
+18334684673
+18334684676
+18334684747
+18334685239
+18334685347
+18334685463
+18334685465
+18334685477
+18334685683
+18334686253
+18334686833
+18334687394
+18334687397
+18334687398
+18334687399
+18334687666
+18334687883
+18334688223
+18334688244
+18334688255
+18334688305
+18334688323
+18334688325
+18334688326
+18334688327
+18334688328
+18334688333
+18334688336
+18334688337
+18334688342
+18334688346
+18334688348
+18334688353
+18334688380
+18334688382
+18334688386
+18334688399
+18334688425
+18334688437
+18334688438
+18334688468
+18334688489
+18334688666
+18334688669
+18334688739
+18334688866
+18334688932
+18334688999
+18334689433
+18334694201
+18334757266
+18334784371
+18334823384
+18334924460
+18334963452
+18334964545
+18334965105
+18334982892
+18334994754
+18335019493
+18335019498
+18335026144
+18335029247
+18335087842
+18335102993
+18335111432
+18335128886
+18335138445
+18335149782
+18335179449
+18335185239
+18335223767
+18335225633
+18335249958
+18335253226
+18335256366
+18335275244
+18335288555
+18335298900
+18335335446
+18335358996
+18335372426
+18335387739
+18335391680
+18335393223
+18335393244
+18335393323
+18335393331
+18335393425
+18335393437
+18335393438
+18335393468
+18335393489
+18335393669
+18335393866
+18335393932
+18335393999
+18335413237
+18335413785
+18335418964
+18335465922
+18335471909
+18335481435
+18335481544
+18335481925
+18335483739
+18335527942
+18335529753
+18335563430
+18335573612
+18335589523
+18335596507
+18335598916
+18335620424
+18335633786
+18335634536
+18335644663
+18335657529
+18335726606
+18335727482
+18335750521
+18335753271
+18335777764
+18335778805
+18335816561
+18335838577
+18335846097
+18335868701
+18335868705
+18335884372
+18335888461
+18335888462
+18335888463
+18335904363
+18335934520
+18335954299
+18335971494
+18335988336
+18336002466
+18336014052
+18336023815
+18336114944
+18336154637
+18336154835
+18336154895
+18336166029
+18336183699
+18336213185
+18336232073
+18336251832
+18336252384
+18336253322
+18336253327
+18336253331
+18336253336
+18336253342
+18336253344
+18336253348
+18336253362
+18336253363
+18336253373
+18336253383
+18336253739
+18336261412
+18336284489
+18336284957
+18336335609
+18336335864
+18336336968
+18336342628
+18336347829
+18336362128
+18336362739
+18336364636
+18336364739
+18336367399
+18336367666
+18336376965
+18336383549
+18336402934
+18336453223
+18336453255
+18336453277
+18336453323
+18336453386
+18336453437
+18336453438
+18336453468
+18336453489
+18336453666
+18336453669
+18336453739
+18336453825
+18336453866
+18336453932
+18336453999
+18336459364
+18336462696
+18336478575
+18336484163
+18336484838
+18336529376
+18336542796
+18336576976
+18336580816
+18336625670
+18336625686
+18336625741
+18336625762
+18336625814
+18336625820
+18336646307
+18336648482
+18336659739
+18336666472
+18336712742
+18336727431
+18336727741
+18336736534
+18336744858
+18336748069
+18336749223
+18336749244
+18336749255
+18336749386
+18336749425
+18336749437
+18336749438
+18336749446
+18336749489
+18336749666
+18336749669
+18336749739
+18336749866
+18336749924
+18336749999
+18336750781
+18336770538
+18336770545
+18336787884
+18336796124
+18336796220
+18336807902
+18336830590
+18336833429
+18336833447
+18336833523
+18336833636
+18336833739
+18336836000
+18336843154
+18336845507
+18336845533
+18336845544
+18336845548
+18336845586
+18336853123
+18336884448
+18336895619
+18336902866
+18336910208
+18336967429
+18336967436
+18336967446
+18336967448
+18336967463
+18336967464
+18336967465
+18336967487
+18336985325
+18336992423
+18337007399
+18337009010
+18337036359
+18337072987
+18337083048
+18337102625
+18337113940
+18337115727
+18337143489
+18337144935
+18337150063
+18337202250
+18337249222
+18337278393
+18337283904
+18337286930
+18337292773
+18337319517
+18337325739
+18337331541
+18337334425
+18337334504
+18337334578
+18337364737
+18337364739
+18337364782
+18337375317
+18337386206
+18337390010
+18337390019
+18337390021
+18337390022
+18337390024
+18337390025
+18337390026
+18337390027
+18337390028
+18337390029
+18337390030
+18337390031
+18337390032
+18337390035
+18337390044
+18337390166
+18337390220
+18337390283
+18337390285
+18337390287
+18337390294
+18337390295
+18337390297
+18337390302
+18337390305
+18337390307
+18337390309
+18337390316
+18337390318
+18337390319
+18337390322
+18337390324
+18337390326
+18337390338
+18337390515
+18337390521
+18337390529
+18337390590
+18337390632
+18337390643
+18337390697
+18337390703
+18337390704
+18337390705
+18337390706
+18337390707
+18337390708
+18337390709
+18337390710
+18337390711
+18337390715
+18337390740
+18337390746
+18337390747
+18337390748
+18337390783
+18337390797
+18337390819
+18337390836
+18337390872
+18337390880
+18337390883
+18337390885
+18337390886
+18337390887
+18337390888
+18337390893
+18337390894
+18337390895
+18337390900
+18337390907
+18337390908
+18337390916
+18337390917
+18337390918
+18337390919
+18337390920
+18337390921
+18337390922
+18337390923
+18337390924
+18337390925
+18337390941
+18337390944
+18337390965
+18337390966
+18337390967
+18337390968
+18337390969
+18337390970
+18337390971
+18337390972
+18337390973
+18337390975
+18337390986
+18337390996
+18337391000
+18337391041
+18337391047
+18337391069
+18337391070
+18337391073
+18337391089
+18337391100
+18337391101
+18337391104
+18337391111
+18337391234
+18337391381
+18337391392
+18337391393
+18337391399
+18337391400
+18337391433
+18337391436
+18337391437
+18337391438
+18337391439
+18337391440
+18337391441
+18337391442
+18337391443
+18337391444
+18337391445
+18337391446
+18337391447
+18337391448
+18337391449
+18337391450
+18337391451
+18337391452
+18337391453
+18337391454
+18337391455
+18337391456
+18337391550
+18337391715
+18337391716
+18337391722
+18337391723
+18337391724
+18337391725
+18337391726
+18337391727
+18337391728
+18337391729
+18337391730
+18337391731
+18337391762
+18337391764
+18337391767
+18337391795
+18337391797
+18337391799
+18337391801
+18337391802
+18337391804
+18337391815
+18337391833
+18337391836
+18337391851
+18337391876
+18337391877
+18337391880
+18337391903
+18337391904
+18337391905
+18337391909
+18337391911
+18337391915
+18337391944
+18337391945
+18337391978
+18337391980
+18337392000
+18337392010
+18337392020
+18337392029
+18337392033
+18337392034
+18337392064
+18337392074
+18337392076
+18337392078
+18337392079
+18337392080
+18337392081
+18337392109
+18337392116
+18337392151
+18337392152
+18337392153
+18337392160
+18337392167
+18337392171
+18337392179
+18337392189
+18337392190
+18337392191
+18337392192
+18337392195
+18337392206
+18337392223
+18337392224
+18337392225
+18337392229
+18337392232
+18337392235
+18337392245
+18337392246
+18337392247
+18337392249
+18337392251
+18337392252
+18337392254
+18337392255
+18337392256
+18337392258
+18337392259
+18337392260
+18337392262
+18337392263
+18337392264
+18337392265
+18337392267
+18337392269
+18337392271
+18337392273
+18337392275
+18337392278
+18337392279
+18337392281
+18337392282
+18337392283
+18337392284
+18337392285
+18337392286
+18337392329
+18337392333
+18337392334
+18337392337
+18337392338
+18337392339
+18337392342
+18337392343
+18337392344
+18337392346
+18337392352
+18337392353
+18337392354
+18337392356
+18337392357
+18337392364
+18337392365
+18337392366
+18337392367
+18337392372
+18337392373
+18337392378
+18337392392
+18337392424
+18337392426
+18337392427
+18337392428
+18337392429
+18337392432
+18337392434
+18337392435
+18337392436
+18337392437
+18337392439
+18337392442
+18337392447
+18337392452
+18337392465
+18337392473
+18337392478
+18337392482
+18337392486
+18337392489
+18337392491
+18337392518
+18337392522
+18337392525
+18337392526
+18337392527
+18337392528
+18337392529
+18337392531
+18337392532
+18337392533
+18337392534
+18337392536
+18337392537
+18337392538
+18337392539
+18337392541
+18337392542
+18337392543
+18337392544
+18337392546
+18337392547
+18337392548
+18337392549
+18337392551
+18337392552
+18337392553
+18337392555
+18337392556
+18337392557
+18337392559
+18337392561
+18337392562
+18337392565
+18337392566
+18337392567
+18337392569
+18337392618
+18337392622
+18337392625
+18337392626
+18337392637
+18337392639
+18337392649
+18337392652
+18337392655
+18337392656
+18337392659
+18337392660
+18337392661
+18337392663
+18337392665
+18337392668
+18337392669
+18337392678
+18337392681
+18337392682
+18337392685
+18337392688
+18337392689
+18337392699
+18337392717
+18337392724
+18337392727
+18337392728
+18337392731
+18337392732
+18337392733
+18337392734
+18337392736
+18337392739
+18337392747
+18337392748
+18337392749
+18337392750
+18337392751
+18337392752
+18337392754
+18337392756
+18337392757
+18337392759
+18337392769
+18337392773
+18337392777
+18337392783
+18337392784
+18337392786
+18337392787
+18337392788
+18337392793
+18337392808
+18337392811
+18337392813
+18337392814
+18337392815
+18337392816
+18337392818
+18337392823
+18337392824
+18337392825
+18337392826
+18337392827
+18337392828
+18337392829
+18337392830
+18337392831
+18337392832
+18337392845
+18337392846
+18337392847
+18337392854
+18337392875
+18337392878
+18337392879
+18337392880
+18337392882
+18337392883
+18337392885
+18337392888
+18337392889
+18337392897
+18337392908
+18337392909
+18337392910
+18337392911
+18337392923
+18337392925
+18337392929
+18337392942
+18337393000
+18337393019
+18337393022
+18337393028
+18337393030
+18337393067
+18337393068
+18337393083
+18337393088
+18337393089
+18337393091
+18337393092
+18337393117
+18337393121
+18337393134
+18337393159
+18337393160
+18337393163
+18337393178
+18337393180
+18337393192
+18337393204
+18337393205
+18337393209
+18337393215
+18337393222
+18337393223
+18337393224
+18337393225
+18337393226
+18337393227
+18337393228
+18337393229
+18337393231
+18337393232
+18337393233
+18337393234
+18337393235
+18337393236
+18337393237
+18337393238
+18337393240
+18337393241
+18337393242
+18337393243
+18337393244
+18337393245
+18337393246
+18337393248
+18337393249
+18337393251
+18337393252
+18337393254
+18337393255
+18337393256
+18337393257
+18337393258
+18337393260
+18337393261
+18337393262
+18337393263
+18337393264
+18337393265
+18337393266
+18337393267
+18337393268
+18337393269
+18337393271
+18337393272
+18337393273
+18337393274
+18337393275
+18337393276
+18337393277
+18337393278
+18337393284
+18337393290
+18337393296
+18337393303
+18337393304
+18337393313
+18337393321
+18337393323
+18337393329
+18337393334
+18337393336
+18337393337
+18337393338
+18337393339
+18337393341
+18337393342
+18337393343
+18337393344
+18337393345
+18337393346
+18337393347
+18337393348
+18337393349
+18337393350
+18337393351
+18337393352
+18337393354
+18337393355
+18337393357
+18337393358
+18337393359
+18337393361
+18337393362
+18337393363
+18337393364
+18337393365
+18337393367
+18337393368
+18337393369
+18337393371
+18337393372
+18337393373
+18337393374
+18337393375
+18337393377
+18337393378
+18337393379
+18337393381
+18337393382
+18337393383
+18337393384
+18337393385
+18337393386
+18337393387
+18337393389
+18337393390
+18337393391
+18337393400
+18337393402
+18337393404
+18337393406
+18337393411
+18337393416
+18337393419
+18337393421
+18337393423
+18337393424
+18337393425
+18337393426
+18337393427
+18337393428
+18337393432
+18337393433
+18337393436
+18337393438
+18337393443
+18337393448
+18337393451
+18337393452
+18337393453
+18337393454
+18337393456
+18337393459
+18337393461
+18337393462
+18337393463
+18337393466
+18337393470
+18337393471
+18337393472
+18337393473
+18337393474
+18337393477
+18337393478
+18337393481
+18337393482
+18337393483
+18337393484
+18337393485
+18337393486
+18337393488
+18337393489
+18337393490
+18337393492
+18337393494
+18337393509
+18337393521
+18337393524
+18337393525
+18337393530
+18337393535
+18337393536
+18337393537
+18337393539
+18337393542
+18337393544
+18337393546
+18337393547
+18337393549
+18337393553
+18337393554
+18337393555
+18337393557
+18337393558
+18337393563
+18337393564
+18337393565
+18337393566
+18337393567
+18337393568
+18337393571
+18337393572
+18337393576
+18337393577
+18337393578
+18337393579
+18337393581
+18337393582
+18337393584
+18337393585
+18337393587
+18337393588
+18337393590
+18337393591
+18337393598
+18337393599
+18337393601
+18337393603
+18337393606
+18337393608
+18337393616
+18337393620
+18337393621
+18337393622
+18337393624
+18337393625
+18337393626
+18337393627
+18337393628
+18337393631
+18337393634
+18337393635
+18337393647
+18337393649
+18337393653
+18337393655
+18337393656
+18337393667
+18337393679
+18337393683
+18337393684
+18337393685
+18337393686
+18337393687
+18337393689
+18337393690
+18337393691
+18337393695
+18337393697
+18337393698
+18337393703
+18337393704
+18337393711
+18337393712
+18337393717
+18337393719
+18337393731
+18337393733
+18337393735
+18337393736
+18337393738
+18337393740
+18337393748
+18337393752
+18337393753
+18337393763
+18337393765
+18337393768
+18337393770
+18337393771
+18337393774
+18337393775
+18337393778
+18337393782
+18337393784
+18337393785
+18337393786
+18337393788
+18337393789
+18337393790
+18337393792
+18337393793
+18337393794
+18337393795
+18337393806
+18337393809
+18337393813
+18337393815
+18337393824
+18337393825
+18337393827
+18337393830
+18337393833
+18337393835
+18337393836
+18337393840
+18337393853
+18337393854
+18337393855
+18337393856
+18337393857
+18337393861
+18337393862
+18337393876
+18337393882
+18337393883
+18337393887
+18337393888
+18337393893
+18337393900
+18337393902
+18337393915
+18337393942
+18337393951
+18337393954
+18337393955
+18337393964
+18337393968
+18337393969
+18337393973
+18337393978
+18337393980
+18337394000
+18337394037
+18337394050
+18337394060
+18337394101
+18337394102
+18337394125
+18337394130
+18337394134
+18337394135
+18337394137
+18337394140
+18337394148
+18337394151
+18337394153
+18337394179
+18337394182
+18337394188
+18337394190
+18337394201
+18337394219
+18337394222
+18337394225
+18337394226
+18337394227
+18337394229
+18337394231
+18337394233
+18337394234
+18337394240
+18337394241
+18337394245
+18337394248
+18337394249
+18337394251
+18337394252
+18337394257
+18337394258
+18337394259
+18337394261
+18337394263
+18337394264
+18337394266
+18337394267
+18337394269
+18337394271
+18337394273
+18337394275
+18337394276
+18337394277
+18337394278
+18337394279
+18337394286
+18337394306
+18337394309
+18337394323
+18337394325
+18337394332
+18337394335
+18337394339
+18337394342
+18337394344
+18337394345
+18337394351
+18337394353
+18337394355
+18337394357
+18337394362
+18337394365
+18337394368
+18337394373
+18337394383
+18337394386
+18337394389
+18337394393
+18337394395
+18337394398
+18337394400
+18337394408
+18337394421
+18337394424
+18337394426
+18337394434
+18337394437
+18337394438
+18337394441
+18337394442
+18337394447
+18337394449
+18337394467
+18337394473
+18337394475
+18337394478
+18337394479
+18337394483
+18337394484
+18337394492
+18337394493
+18337394500
+18337394505
+18337394521
+18337394522
+18337394525
+18337394526
+18337394527
+18337394528
+18337394529
+18337394534
+18337394537
+18337394542
+18337394543
+18337394544
+18337394546
+18337394548
+18337394558
+18337394559
+18337394580
+18337394591
+18337394599
+18337394615
+18337394624
+18337394626
+18337394628
+18337394633
+18337394634
+18337394641
+18337394642
+18337394647
+18337394651
+18337394653
+18337394659
+18337394662
+18337394664
+18337394665
+18337394666
+18337394669
+18337394672
+18337394676
+18337394678
+18337394681
+18337394682
+18337394683
+18337394684
+18337394685
+18337394686
+18337394688
+18337394689
+18337394691
+18337394692
+18337394693
+18337394698
+18337394707
+18337394714
+18337394717
+18337394721
+18337394722
+18337394723
+18337394724
+18337394725
+18337394726
+18337394729
+18337394732
+18337394734
+18337394735
+18337394736
+18337394737
+18337394738
+18337394739
+18337394740
+18337394741
+18337394742
+18337394743
+18337394755
+18337394756
+18337394757
+18337394758
+18337394761
+18337394762
+18337394763
+18337394764
+18337394765
+18337394767
+18337394768
+18337394774
+18337394775
+18337394778
+18337394782
+18337394791
+18337394794
+18337394796
+18337394800
+18337394805
+18337394808
+18337394821
+18337394822
+18337394823
+18337394825
+18337394826
+18337394827
+18337394828
+18337394829
+18337394841
+18337394842
+18337394843
+18337394848
+18337394864
+18337394865
+18337394866
+18337394868
+18337394873
+18337394874
+18337394875
+18337394877
+18337394878
+18337394879
+18337394881
+18337394882
+18337394884
+18337394888
+18337394889
+18337394891
+18337394892
+18337394896
+18337394897
+18337394898
+18337394900
+18337394906
+18337394910
+18337394917
+18337394918
+18337394921
+18337394922
+18337394925
+18337394926
+18337394927
+18337394929
+18337394932
+18337394933
+18337394934
+18337394935
+18337394936
+18337394938
+18337394939
+18337394942
+18337394943
+18337394945
+18337394946
+18337394947
+18337394950
+18337394955
+18337394967
+18337394968
+18337394974
+18337394992
+18337394999
+18337395000
+18337395007
+18337395008
+18337395011
+18337395013
+18337395014
+18337395015
+18337395017
+18337395023
+18337395025
+18337395027
+18337395030
+18337395035
+18337395049
+18337395051
+18337395054
+18337395055
+18337395061
+18337395063
+18337395091
+18337395101
+18337395102
+18337395104
+18337395110
+18337395111
+18337395116
+18337395124
+18337395128
+18337395131
+18337395155
+18337395174
+18337395175
+18337395223
+18337395225
+18337395232
+18337395234
+18337395239
+18337395243
+18337395246
+18337395248
+18337395263
+18337395264
+18337395267
+18337395268
+18337395272
+18337395275
+18337395281
+18337395284
+18337395308
+18337395310
+18337395323
+18337395325
+18337395326
+18337395328
+18337395331
+18337395333
+18337395334
+18337395336
+18337395347
+18337395348
+18337395359
+18337395367
+18337395372
+18337395387
+18337395397
+18337395425
+18337395428
+18337395433
+18337395438
+18337395454
+18337395455
+18337395463
+18337395465
+18337395469
+18337395477
+18337395478
+18337395479
+18337395483
+18337395486
+18337395511
+18337395514
+18337395515
+18337395525
+18337395526
+18337395536
+18337395537
+18337395587
+18337395588
+18337395590
+18337395591
+18337395592
+18337395593
+18337395605
+18337395612
+18337395617
+18337395621
+18337395622
+18337395623
+18337395624
+18337395627
+18337395628
+18337395631
+18337395632
+18337395633
+18337395635
+18337395636
+18337395637
+18337395638
+18337395639
+18337395641
+18337395642
+18337395643
+18337395644
+18337395646
+18337395649
+18337395652
+18337395653
+18337395654
+18337395655
+18337395656
+18337395658
+18337395659
+18337395661
+18337395662
+18337395663
+18337395664
+18337395665
+18337395666
+18337395668
+18337395669
+18337395671
+18337395672
+18337395673
+18337395675
+18337395676
+18337395679
+18337395681
+18337395683
+18337395684
+18337395685
+18337395686
+18337395687
+18337395688
+18337395692
+18337395693
+18337395694
+18337395695
+18337395700
+18337395705
+18337395706
+18337395707
+18337395729
+18337395731
+18337395732
+18337395735
+18337395736
+18337395737
+18337395738
+18337395739
+18337395740
+18337395741
+18337395742
+18337395743
+18337395745
+18337395746
+18337395747
+18337395748
+18337395749
+18337395750
+18337395751
+18337395762
+18337395763
+18337395765
+18337395768
+18337395769
+18337395783
+18337395784
+18337395785
+18337395786
+18337395789
+18337395791
+18337395792
+18337395795
+18337395796
+18337395797
+18337395798
+18337395799
+18337395806
+18337395807
+18337395808
+18337395828
+18337395831
+18337395832
+18337395833
+18337395834
+18337395837
+18337395839
+18337395857
+18337395858
+18337395859
+18337395863
+18337395872
+18337395878
+18337395886
+18337395888
+18337395893
+18337395894
+18337395895
+18337395900
+18337395920
+18337395928
+18337395961
+18337395963
+18337395969
+18337395980
+18337396000
+18337396014
+18337396035
+18337396041
+18337396220
+18337396222
+18337396232
+18337396233
+18337396237
+18337396239
+18337396243
+18337396244
+18337396245
+18337396246
+18337396253
+18337396262
+18337396263
+18337396267
+18337396269
+18337396275
+18337396278
+18337396279
+18337396282
+18337396283
+18337396288
+18337396319
+18337396333
+18337396334
+18337396337
+18337396338
+18337396362
+18337396367
+18337396368
+18337396369
+18337396373
+18337396377
+18337396378
+18337396383
+18337396397
+18337396425
+18337396441
+18337396449
+18337396453
+18337396457
+18337396464
+18337396472
+18337396483
+18337396532
+18337396533
+18337396600
+18337396601
+18337396623
+18337396659
+18337396670
+18337396671
+18337396672
+18337396674
+18337396675
+18337396676
+18337396678
+18337396679
+18337396700
+18337396711
+18337396715
+18337396716
+18337396725
+18337396728
+18337396729
+18337396734
+18337396736
+18337396738
+18337396739
+18337396742
+18337396745
+18337396749
+18337396767
+18337396783
+18337396791
+18337396792
+18337396797
+18337396799
+18337396805
+18337396807
+18337396819
+18337396821
+18337396825
+18337396828
+18337396829
+18337396833
+18337396836
+18337396837
+18337396843
+18337396845
+18337396846
+18337396850
+18337396863
+18337396867
+18337396873
+18337396875
+18337396887
+18337396890
+18337396897
+18337396933
+18337396934
+18337396936
+18337396937
+18337396938
+18337396941
+18337396942
+18337396943
+18337396944
+18337396945
+18337396947
+18337396948
+18337396951
+18337396999
+18337397000
+18337397046
+18337397164
+18337397173
+18337397181
+18337397205
+18337397221
+18337397225
+18337397226
+18337397233
+18337397246
+18337397253
+18337397255
+18337397263
+18337397265
+18337397273
+18337397275
+18337397278
+18337397283
+18337397285
+18337397325
+18337397327
+18337397328
+18337397335
+18337397337
+18337397342
+18337397355
+18337397366
+18337397368
+18337397372
+18337397377
+18337397382
+18337397387
+18337397399
+18337397409
+18337397428
+18337397433
+18337397447
+18337397465
+18337397466
+18337397469
+18337397475
+18337397477
+18337397478
+18337397481
+18337397482
+18337397488
+18337397493
+18337397500
+18337397522
+18337397527
+18337397528
+18337397532
+18337397533
+18337397539
+18337397569
+18337397584
+18337397587
+18337397588
+18337397589
+18337397600
+18337397601
+18337397624
+18337397625
+18337397626
+18337397632
+18337397637
+18337397638
+18337397655
+18337397664
+18337397665
+18337397666
+18337397668
+18337397669
+18337397673
+18337397676
+18337397678
+18337397686
+18337397692
+18337397708
+18337397713
+18337397714
+18337397722
+18337397723
+18337397727
+18337397728
+18337397732
+18337397735
+18337397738
+18337397747
+18337397748
+18337397749
+18337397752
+18337397754
+18337397757
+18337397759
+18337397760
+18337397761
+18337397762
+18337397764
+18337397765
+18337397766
+18337397773
+18337397777
+18337397784
+18337397788
+18337397808
+18337397810
+18337397818
+18337397821
+18337397825
+18337397827
+18337397829
+18337397833
+18337397836
+18337397837
+18337397851
+18337397856
+18337397865
+18337397866
+18337397867
+18337397868
+18337397869
+18337397872
+18337397877
+18337397879
+18337397881
+18337397883
+18337397887
+18337397888
+18337397892
+18337397900
+18337397911
+18337397928
+18337397933
+18337397939
+18337397946
+18337397947
+18337397949
+18337397962
+18337398000
+18337398001
+18337398003
+18337398004
+18337398054
+18337398097
+18337398223
+18337398228
+18337398244
+18337398246
+18337398247
+18337398255
+18337398265
+18337398275
+18337398319
+18337398324
+18337398326
+18337398327
+18337398328
+18337398336
+18337398353
+18337398386
+18337398387
+18337398398
+18337398425
+18337398427
+18337398433
+18337398437
+18337398439
+18337398442
+18337398443
+18337398446
+18337398448
+18337398451
+18337398454
+18337398455
+18337398459
+18337398463
+18337398466
+18337398468
+18337398472
+18337398474
+18337398477
+18337398478
+18337398482
+18337398485
+18337398487
+18337398488
+18337398489
+18337398493
+18337398582
+18337398585
+18337398587
+18337398588
+18337398632
+18337398637
+18337398645
+18337398646
+18337398648
+18337398663
+18337398666
+18337398667
+18337398668
+18337398669
+18337398677
+18337398679
+18337398692
+18337398693
+18337398694
+18337398695
+18337398696
+18337398699
+18337398721
+18337398722
+18337398723
+18337398725
+18337398729
+18337398732
+18337398739
+18337398755
+18337398756
+18337398766
+18337398767
+18337398768
+18337398769
+18337398770
+18337398771
+18337398772
+18337398779
+18337398781
+18337398782
+18337398820
+18337398821
+18337398822
+18337398823
+18337398824
+18337398825
+18337398827
+18337398837
+18337398838
+18337398839
+18337398842
+18337398843
+18337398846
+18337398856
+18337398866
+18337398869
+18337398870
+18337398872
+18337398873
+18337398885
+18337398887
+18337398899
+18337398900
+18337398907
+18337398921
+18337398922
+18337398924
+18337398926
+18337398927
+18337398928
+18337398932
+18337398933
+18337398941
+18337398946
+18337398974
+18337398981
+18337398988
+18337398998
+18337398999
+18337399000
+18337399001
+18337399017
+18337399026
+18337399027
+18337399033
+18337399034
+18337399035
+18337399044
+18337399097
+18337399103
+18337399111
+18337399117
+18337399121
+18337399123
+18337399127
+18337399133
+18337399137
+18337399147
+18337399157
+18337399165
+18337399166
+18337399168
+18337399170
+18337399173
+18337399174
+18337399175
+18337399177
+18337399182
+18337399191
+18337399192
+18337399197
+18337399200
+18337399207
+18337399211
+18337399216
+18337399220
+18337399222
+18337399224
+18337399225
+18337399227
+18337399228
+18337399229
+18337399230
+18337399231
+18337399232
+18337399233
+18337399235
+18337399236
+18337399237
+18337399238
+18337399239
+18337399242
+18337399246
+18337399247
+18337399248
+18337399251
+18337399255
+18337399256
+18337399260
+18337399262
+18337399263
+18337399264
+18337399265
+18337399266
+18337399267
+18337399268
+18337399269
+18337399272
+18337399273
+18337399276
+18337399282
+18337399283
+18337399285
+18337399287
+18337399288
+18337399296
+18337399299
+18337399300
+18337399303
+18337399312
+18337399315
+18337399316
+18337399317
+18337399318
+18337399325
+18337399327
+18337399328
+18337399329
+18337399330
+18337399331
+18337399332
+18337399333
+18337399334
+18337399335
+18337399336
+18337399337
+18337399338
+18337399342
+18337399345
+18337399348
+18337399349
+18337399354
+18337399355
+18337399359
+18337399364
+18337399366
+18337399367
+18337399369
+18337399373
+18337399378
+18337399379
+18337399380
+18337399382
+18337399383
+18337399384
+18337399386
+18337399387
+18337399388
+18337399389
+18337399392
+18337399393
+18337399399
+18337399404
+18337399405
+18337399407
+18337399414
+18337399421
+18337399422
+18337399423
+18337399424
+18337399425
+18337399426
+18337399427
+18337399428
+18337399429
+18337399432
+18337399433
+18337399434
+18337399435
+18337399436
+18337399437
+18337399440
+18337399441
+18337399442
+18337399443
+18337399444
+18337399445
+18337399446
+18337399447
+18337399448
+18337399449
+18337399450
+18337399452
+18337399453
+18337399454
+18337399457
+18337399460
+18337399461
+18337399463
+18337399464
+18337399465
+18337399466
+18337399467
+18337399469
+18337399470
+18337399471
+18337399472
+18337399473
+18337399474
+18337399475
+18337399476
+18337399477
+18337399478
+18337399479
+18337399482
+18337399483
+18337399484
+18337399486
+18337399487
+18337399489
+18337399491
+18337399492
+18337399493
+18337399495
+18337399496
+18337399497
+18337399499
+18337399500
+18337399502
+18337399511
+18337399515
+18337399518
+18337399521
+18337399522
+18337399523
+18337399524
+18337399525
+18337399526
+18337399527
+18337399528
+18337399530
+18337399531
+18337399532
+18337399533
+18337399534
+18337399535
+18337399536
+18337399537
+18337399538
+18337399539
+18337399540
+18337399541
+18337399542
+18337399543
+18337399544
+18337399545
+18337399546
+18337399547
+18337399548
+18337399549
+18337399550
+18337399551
+18337399552
+18337399553
+18337399554
+18337399556
+18337399557
+18337399560
+18337399561
+18337399562
+18337399563
+18337399564
+18337399565
+18337399566
+18337399568
+18337399571
+18337399572
+18337399573
+18337399575
+18337399576
+18337399577
+18337399578
+18337399579
+18337399581
+18337399582
+18337399583
+18337399584
+18337399585
+18337399587
+18337399588
+18337399589
+18337399592
+18337399593
+18337399594
+18337399595
+18337399596
+18337399598
+18337399599
+18337399600
+18337399624
+18337399625
+18337399626
+18337399628
+18337399629
+18337399633
+18337399636
+18337399639
+18337399641
+18337399642
+18337399643
+18337399644
+18337399645
+18337399647
+18337399648
+18337399649
+18337399650
+18337399651
+18337399652
+18337399653
+18337399654
+18337399655
+18337399658
+18337399660
+18337399662
+18337399663
+18337399666
+18337399668
+18337399669
+18337399671
+18337399672
+18337399673
+18337399675
+18337399676
+18337399677
+18337399678
+18337399681
+18337399682
+18337399683
+18337399687
+18337399689
+18337399690
+18337399692
+18337399694
+18337399695
+18337399697
+18337399701
+18337399705
+18337399706
+18337399707
+18337399709
+18337399722
+18337399723
+18337399725
+18337399728
+18337399729
+18337399731
+18337399733
+18337399736
+18337399737
+18337399739
+18337399745
+18337399748
+18337399754
+18337399755
+18337399758
+18337399762
+18337399763
+18337399765
+18337399766
+18337399767
+18337399768
+18337399769
+18337399771
+18337399772
+18337399774
+18337399777
+18337399778
+18337399780
+18337399783
+18337399786
+18337399787
+18337399788
+18337399793
+18337399795
+18337399797
+18337399798
+18337399815
+18337399819
+18337399820
+18337399823
+18337399824
+18337399825
+18337399826
+18337399827
+18337399829
+18337399830
+18337399832
+18337399833
+18337399834
+18337399835
+18337399836
+18337399837
+18337399839
+18337399842
+18337399843
+18337399844
+18337399845
+18337399846
+18337399848
+18337399859
+18337399862
+18337399863
+18337399864
+18337399866
+18337399867
+18337399868
+18337399869
+18337399872
+18337399873
+18337399874
+18337399875
+18337399876
+18337399877
+18337399879
+18337399886
+18337399888
+18337399892
+18337399893
+18337399894
+18337399896
+18337399897
+18337399898
+18337399899
+18337399903
+18337399904
+18337399905
+18337399909
+18337399916
+18337399917
+18337399918
+18337399919
+18337399920
+18337399922
+18337399929
+18337399937
+18337399938
+18337399939
+18337399941
+18337399942
+18337399943
+18337399944
+18337399945
+18337399946
+18337399947
+18337399948
+18337399949
+18337399951
+18337399952
+18337399953
+18337399956
+18337399958
+18337399959
+18337399961
+18337399962
+18337399963
+18337399964
+18337399967
+18337399969
+18337399971
+18337399975
+18337399977
+18337399983
+18337399984
+18337399985
+18337399986
+18337399988
+18337399989
+18337399998
+18337404543
+18337415463
+18337433849
+18337433973
+18337458372
+18337461134
+18337463373
+18337464507
+18337464531
+18337464532
+18337464533
+18337464535
+18337464537
+18337464544
+18337464553
+18337464555
+18337464557
+18337464563
+18337464577
+18337465547
+18337466374
+18337466378
+18337466379
+18337467223
+18337467244
+18337467255
+18337467386
+18337467425
+18337467437
+18337467438
+18337467446
+18337467468
+18337467489
+18337467666
+18337467669
+18337467739
+18337467932
+18337467999
+18337478022
+18337496573
+18337508045
+18337516218
+18337540688
+18337564326
+18337585469
+18337588223
+18337588244
+18337588255
+18337588277
+18337588323
+18337588386
+18337588425
+18337588438
+18337588468
+18337588489
+18337588666
+18337588669
+18337588739
+18337588999
+18337633956
+18337635123
+18337662623
+18337669249
+18337676061
+18337676082
+18337676239
+18337676253
+18337676283
+18337676286
+18337676309
+18337676316
+18337676338
+18337676375
+18337676382
+18337676383
+18337676404
+18337676422
+18337676428
+18337676429
+18337676442
+18337676472
+18337676481
+18337676482
+18337676483
+18337676485
+18337676486
+18337676487
+18337676488
+18337676492
+18337676496
+18337688223
+18337688244
+18337688323
+18337688386
+18337688425
+18337688437
+18337688438
+18337688446
+18337688468
+18337688489
+18337688666
+18337688669
+18337688739
+18337688866
+18337688924
+18337688932
+18337688999
+18337693699
+18337701881
+18337705086
+18337705107
+18337767876
+18337773163
+18337778948
+18337792442
+18337824623
+18337824708
+18337830329
+18337832497
+18337877929
+18337877936
+18337877946
+18337877948
+18337877963
+18337877987
+18337894748
+18337895259
+18337914833
+18337942656
+18337957395
+18337964682
+18337986162
+18337995463
+18338005282
+18338048329
+18338070640
+18338072437
+18338089718
+18338096205
+18338108108
+18338146221
+18338164084
+18338188693
+18338188694
+18338189310
+18338255263
+18338255966
+18338267361
+18338311212
+18338321759
+18338336937
+18338337396
+18338359861
+18338383579
+18338385613
+18338385616
+18338396531
+18338407859
+18338416193
+18338423546
+18338437273
+18338438255
+18338444765
+18338444846
+18338477738
+18338479925
+18338488929
+18338488936
+18338488948
+18338488963
+18338493628
+18338493653
+18338493672
+18338493678
+18338493699
+18338510318
+18338538587
+18338569052
+18338575133
+18338614519
+18338620178
+18338625145
+18338654648
+18338694333
+18338703636
+18338703864
+18338704219
+18338704253
+18338704326
+18338704708
+18338712090
+18338720721
+18338726729
+18338726736
+18338726739
+18338726746
+18338726748
+18338726763
+18338726765
+18338726787
+18338735463
+18338763978
+18338812549
+18338834789
+18338849666
+18338856881
+18338887739
+18338932875
+18338938269
+18338945563
+18338945930
+18338979083
+18338981459
+18339012338
+18339019393
+18339067471
+18339068103
+18339069631
+18339070303
+18339079723
+18339086865
+18339088933
+18339109037
+18339130715
+18339134040
+18339155116
+18339156229
+18339161090
+18339175942
+18339178328
+18339233331
+18339233673
+18339244765
+18339248463
+18339257488
+18339267893
+18339268968
+18339293655
+18339300101
+18339309026
+18339326272
+18339346645
+18339347687
+18339352503
+18339352504
+18339355598
+18339357506
+18339372385
+18339372388
+18339382262
+18339382539
+18339382540
+18339382541
+18339382542
+18339382544
+18339382545
+18339382546
+18339382547
+18339382548
+18339382549
+18339382552
+18339382554
+18339386292
+18339386833
+18339387783
+18339467223
+18339467255
+18339467346
+18339467348
+18339467365
+18339467386
+18339467425
+18339467437
+18339467438
+18339467468
+18339467489
+18339467666
+18339467669
+18339467739
+18339467866
+18339490036
+18339534149
+18339552742
+18339567545
+18339594442
+18339594446
+18339597883
+18339637792
+18339642237
+18339649946
+18339663640
+18339663647
+18339663654
+18339663660
+18339663661
+18339663665
+18339663671
+18339663689
+18339663699
+18339668666
+18339671912
+18339673147
+18339687277
+18339695291
+18339698688
+18339699995
+18339704140
+18339706360
+18339706381
+18339757874
+18339788687
+18339795925
+18339824622
+18339874675
+18339874765
+18339876663
+18339913276
+18339925298
+18339930813
+18339945297
+18339998336
+18339999999
+18382212043
+18382274685
+18382429337
+18382438528
+18382710055
+18383348370
+18383450738
+18383459027
+18383569552
+18383879848
+18385990982
+18386670286
+18388589442
+18389662002
+18392167353
+18392189328
+18392189450
+18392469362
+18392469370
+18397774563
+18398459467
+18402219225
+18402373511
+18402637620
+18403567638
+18432132500
+18432133333
+18433294444
+18433296600
+18433711171
+18435760180
+18435891583
+18436287504
+18436338903
+18437463899
+18438742140
+18438781060
+18439949863
+18442014875
+18442055999
+18442069035
+18442078487
+18442101010
+18442109683
+18442116588
+18442178501
+18442218957
+18442225483
+18442232777
+18442252623
+18442255739
+18442263432
+18442264277
+18442264429
+18442265600
+18442269345
+18442272739
+18442273739
+18442278368
+18442322437
+18442323975
+18442340916
+18442342485
+18442353272
+18442362667
+18442374854
+18442378739
+18442380281
+18442383784
+18442385818
+18442385821
+18442385824
+18442385827
+18442385833
+18442385837
+18442385838
+18442385844
+18442385846
+18442385847
+18442385854
+18442385856
+18442385862
+18442385866
+18442385869
+18442385870
+18442385873
+18442385874
+18442385877
+18442385878
+18442385879
+18442385880
+18442385882
+18442385883
+18442385893
+18442385899
+18442386529
+18442422874
+18442422878
+18442425536
+18442427489
+18442427788
+18442428002
+18442428047
+18442428238
+18442428255
+18442428363
+18442428365
+18442428373
+18442428397
+18442428440
+18442428445
+18442428546
+18442428548
+18442428568
+18442428669
+18442428793
+18442428825
+18442428872
+18442428999
+18442432537
+18442439728
+18442443454
+18442443668
+18442446373
+18442472848
+18442474373
+18442477424
+18442482429
+18442482436
+18442482446
+18442482448
+18442482463
+18442482465
+18442482832
+18442484765
+18442487244
+18442522523
+18442522576
+18442527743
+18442532726
+18442535641
+18442546422
+18442553749
+18442554262
+18442565845
+18442568437
+18442575757
+18442583774
+18442594900
+18442599872
+18442619259
+18442625223
+18442625244
+18442625286
+18442625323
+18442625386
+18442625425
+18442625437
+18442625438
+18442625446
+18442625468
+18442625489
+18442625548
+18442625666
+18442625669
+18442625739
+18442625746
+18442625866
+18442625924
+18442625932
+18442625999
+18442633422
+18442633776
+18442656642
+18442658628
+18442665786
+18442666626
+18442668468
+18442744774
+18442749276
+18442768738
+18442776359
+18442777399
+18442812382
+18442841430
+18442842780
+18442848330
+18442858872
+18442868669
+18442876548
+18442877368
+18442883277
+18442888286
+18442888938
+18442976666
+18442989800
+18443001154
+18443039945
+18443046635
+18443052174
+18443071390
+18443071608
+18443103662
+18443144273
+18443202052
+18443264592
+18443268273
+18443268274
+18443268279
+18443278074
+18443283338
+18443283546
+18443284475
+18443285239
+18443285347
+18443285477
+18443287399
+18443307699
+18443333725
+18443334228
+18443354246
+18443354837
+18443358352
+18443378462
+18443378482
+18443384736
+18443384746
+18443384748
+18443387648
+18443400962
+18443405100
+18443425223
+18443425244
+18443425255
+18443425277
+18443425323
+18443425386
+18443425425
+18443425437
+18443425438
+18443425446
+18443425489
+18443425666
+18443425669
+18443425739
+18443425866
+18443425924
+18443425932
+18443425999
+18443444825
+18443446772
+18443453223
+18443453255
+18443453386
+18443453425
+18443453437
+18443453446
+18443453489
+18443453666
+18443453669
+18443453739
+18443453866
+18443453924
+18443453932
+18443453999
+18443474377
+18443474464
+18443494352
+18443518665
+18443530473
+18443532874
+18443536662
+18443537426
+18443547812
+18443547822
+18443547824
+18443547825
+18443547837
+18443547846
+18443547860
+18443547871
+18443547873
+18443551664
+18443565916
+18443571110
+18443575555
+18443588973
+18443627362
+18443628636
+18443647757
+18443666245
+18443666248
+18443666253
+18443666329
+18443666336
+18443666346
+18443666348
+18443666363
+18443666365
+18443666387
+18443668932
+18443673227
+18443674678
+18443675333
+18443696869
+18443733739
+18443747633
+18443752951
+18443758044
+18443768422
+18443768427
+18443768429
+18443768436
+18443768446
+18443768448
+18443825223
+18443825225
+18443825233
+18443825244
+18443825255
+18443825269
+18443825323
+18443825328
+18443825386
+18443825425
+18443825429
+18443825438
+18443825446
+18443825464
+18443825468
+18443825484
+18443825489
+18443825547
+18443825588
+18443825636
+18443825666
+18443825669
+18443825692
+18443825739
+18443825778
+18443825848
+18443825866
+18443825924
+18443825932
+18443825938
+18443825945
+18443825999
+18443837473
+18443838300
+18443843362
+18443951182
+18443952078
+18443961462
+18443962789
+18443976783
+18443985072
+18443996965
+18444020570
+18444021212
+18444044403
+18444047179
+18444049900
+18444052495
+18444071608
+18444076842
+18444081064
+18444083262
+18444083433
+18444084111
+18444139000
+18444161431
+18444172947
+18444201180
+18444214387
+18444222378
+18444225567
+18444243378
+18444260114
+18444268453
+18444273429
+18444273564
+18444273848
+18444288542
+18444291234
+18444292428
+18444292662
+18444293283
+18444293284
+18444293733
+18444293825
+18444295459
+18444295463
+18444295465
+18444295483
+18444296253
+18444297399
+18444297666
+18444298487
+18444323546
+18444326829
+18444331855
+18444337088
+18444374824
+18444382929
+18444383478
+18444385239
+18444385243
+18444385600
+18444398274
+18444412535
+18444413405
+18444440000
+18444442424
+18444442428
+18444443825
+18444445564
+18444448616
+18444475447
+18444475739
+18444480465
+18444484765
+18444488935
+18444499395
+18444510142
+18444558787
+18444560534
+18444562257
+18444599319
+18444605672
+18444612286
+18444630091
+18444646968
+18444646969
+18444663342
+18444663724
+18444665877
+18444673742
+18444676911
+18444676921
+18444676924
+18444676926
+18444676939
+18444676940
+18444676943
+18444676944
+18444676948
+18444676950
+18444676954
+18444676956
+18444676962
+18444676965
+18444676966
+18444676967
+18444676969
+18444676973
+18444676987
+18444676991
+18444678573
+18444682229
+18444682428
+18444682432
+18444682663
+18444682668
+18444682697
+18444683283
+18444683338
+18444683425
+18444683684
+18444683825
+18444684475
+18444684653
+18444684673
+18444684676
+18444684747
+18444684897
+18444685239
+18444685347
+18444685397
+18444685463
+18444685465
+18444685477
+18444685625
+18444685683
+18444686253
+18444686425
+18444686833
+18444687336
+18444687394
+18444687397
+18444687398
+18444687399
+18444687529
+18444687666
+18444687883
+18444688223
+18444688225
+18444688244
+18444688255
+18444688305
+18444688323
+18444688325
+18444688326
+18444688327
+18444688328
+18444688333
+18444688336
+18444688337
+18444688342
+18444688346
+18444688348
+18444688353
+18444688380
+18444688382
+18444688386
+18444688399
+18444688425
+18444688437
+18444688438
+18444688468
+18444688489
+18444688666
+18444688669
+18444688739
+18444688866
+18444688932
+18444688999
+18444689433
+18444707777
+18444720739
+18444735263
+18444739192
+18444765231
+18444765386
+18444776632
+18444784371
+18444799540
+18444847658
+18444874358
+18444941720
+18445020781
+18445021228
+18445023181
+18445023228
+18445023255
+18445053510
+18445076082
+18445132189
+18445151054
+18445151101
+18445151545
+18445151587
+18445151643
+18445151754
+18445169943
+18445185239
+18445223767
+18445225633
+18445230932
+18445256366
+18445262746
+18445271524
+18445288555
+18445290213
+18445327464
+18445367273
+18445372426
+18445375633
+18445387739
+18445393223
+18445393244
+18445393323
+18445393425
+18445393437
+18445393438
+18445393468
+18445393489
+18445393669
+18445393866
+18445393932
+18445393999
+18445397866
+18445465922
+18445483546
+18445483739
+18445486706
+18445528970
+18445542158
+18445581089
+18445620424
+18445634464
+18445634536
+18445650450
+18445650554
+18445657529
+18445666655
+18445668422
+18445683463
+18445692891
+18445695145
+18445747467
+18445777764
+18445792682
+18445812549
+18445837448
+18445838528
+18445846246
+18445867948
+18445874837
+18445888461
+18445888462
+18445888463
+18445922753
+18445982981
+18445983378
+18445988336
+18446040553
+18446041192
+18446042393
+18446043481
+18446043487
+18446043507
+18446043758
+18446043848
+18446070210
+18446075008
+18446075577
+18446108627
+18446144177
+18446181544
+18446253322
+18446253327
+18446253331
+18446253336
+18446253342
+18446253344
+18446253348
+18446253362
+18446253363
+18446253373
+18446253383
+18446253739
+18446271851
+18446278372
+18446278425
+18446284489
+18446298201
+18446300933
+18446307202
+18446335609
+18446337832
+18446342628
+18446344426
+18446346842
+18446347829
+18446364739
+18446365463
+18446367399
+18446374342
+18446376243
+18446383549
+18446389675
+18446424235
+18446453223
+18446453255
+18446453277
+18446453323
+18446453386
+18446453437
+18446453438
+18446453468
+18446453489
+18446453666
+18446453669
+18446453739
+18446453825
+18446453866
+18446453932
+18446453999
+18446468363
+18446477537
+18446477687
+18446479245
+18446482229
+18446482508
+18446490118
+18446492080
+18446492459
+18446530688
+18446530693
+18446532865
+18446535900
+18446555575
+18446576976
+18446587799
+18446596742
+18446613081
+18446613460
+18446659304
+18446659739
+18446676464
+18446712742
+18446732429
+18446736534
+18446736537
+18446748069
+18446748172
+18446749223
+18446749225
+18446749244
+18446749255
+18446749386
+18446749425
+18446749437
+18446749438
+18446749446
+18446749489
+18446749666
+18446749669
+18446749739
+18446749866
+18446749924
+18446749999
+18446750781
+18446770538
+18446770545
+18446771994
+18446822617
+18446827437
+18446833429
+18446833447
+18446833523
+18446833636
+18446833739
+18446836000
+18446843154
+18446884448
+18446890209
+18446902866
+18446935478
+18446954381
+18446967429
+18446967436
+18446967446
+18446967448
+18446967463
+18446967465
+18446967487
+18447007399
+18447025060
+18447057598
+18447065518
+18447076753
+18447083048
+18447102625
+18447102718
+18447103075
+18447103089
+18447103177
+18447163294
+18447222420
+18447230844
+18447241096
+18447249222
+18447253466
+18447267746
+18447278637
+18447282846
+18447292773
+18447306790
+18447315108
+18447322625
+18447323663
+18447325378
+18447325739
+18447326737
+18447328748
+18447364737
+18447364739
+18447364782
+18447374622
+18447376783
+18447378637
+18447390000
+18447390003
+18447390016
+18447390026
+18447390029
+18447390030
+18447390034
+18447390035
+18447390039
+18447390040
+18447390041
+18447390065
+18447390066
+18447390067
+18447390073
+18447390104
+18447390166
+18447390209
+18447390210
+18447390211
+18447390214
+18447390215
+18447390216
+18447390217
+18447390218
+18447390219
+18447390220
+18447390221
+18447390223
+18447390224
+18447390225
+18447390226
+18447390333
+18447390351
+18447390352
+18447390353
+18447390369
+18447390380
+18447390386
+18447390389
+18447390394
+18447390396
+18447390397
+18447390398
+18447390399
+18447390402
+18447390404
+18447390405
+18447390421
+18447390456
+18447390494
+18447390613
+18447390614
+18447390615
+18447390618
+18447390619
+18447390621
+18447390622
+18447390703
+18447390710
+18447390713
+18447390715
+18447390716
+18447390723
+18447390739
+18447390749
+18447390751
+18447390753
+18447390754
+18447390755
+18447390756
+18447390757
+18447390770
+18447390780
+18447390782
+18447390791
+18447390794
+18447390805
+18447390806
+18447390809
+18447390811
+18447390816
+18447390819
+18447390827
+18447390836
+18447390837
+18447390841
+18447390856
+18447390860
+18447390861
+18447390863
+18447390864
+18447390865
+18447390867
+18447390868
+18447390877
+18447390878
+18447390882
+18447390892
+18447390893
+18447390910
+18447390920
+18447390930
+18447390931
+18447390932
+18447390933
+18447390934
+18447390935
+18447390936
+18447390937
+18447390941
+18447390942
+18447390945
+18447390952
+18447390959
+18447390960
+18447390971
+18447390973
+18447390977
+18447391000
+18447391010
+18447391015
+18447391033
+18447391044
+18447391045
+18447391046
+18447391047
+18447391051
+18447391054
+18447391055
+18447391058
+18447391070
+18447391074
+18447391080
+18447391082
+18447391111
+18447391190
+18447391191
+18447391200
+18447391234
+18447391321
+18447391322
+18447391323
+18447391324
+18447391325
+18447391326
+18447391327
+18447391328
+18447391329
+18447391330
+18447391642
+18447391661
+18447391729
+18447391735
+18447391738
+18447391776
+18447391777
+18447391778
+18447391779
+18447391799
+18447391800
+18447391844
+18447391861
+18447391887
+18447391900
+18447391954
+18447391955
+18447391956
+18447391957
+18447391959
+18447391963
+18447391995
+18447392000
+18447392023
+18447392030
+18447392031
+18447392032
+18447392035
+18447392037
+18447392038
+18447392046
+18447392060
+18447392062
+18447392064
+18447392066
+18447392067
+18447392068
+18447392069
+18447392070
+18447392072
+18447392073
+18447392074
+18447392075
+18447392076
+18447392079
+18447392097
+18447392101
+18447392132
+18447392133
+18447392134
+18447392135
+18447392136
+18447392137
+18447392138
+18447392139
+18447392150
+18447392152
+18447392154
+18447392155
+18447392156
+18447392157
+18447392158
+18447392159
+18447392171
+18447392177
+18447392222
+18447392223
+18447392229
+18447392255
+18447392263
+18447392264
+18447392265
+18447392267
+18447392273
+18447392274
+18447392277
+18447392284
+18447392319
+18447392321
+18447392322
+18447392329
+18447392337
+18447392388
+18447392424
+18447392426
+18447392427
+18447392428
+18447392429
+18447392432
+18447392436
+18447392442
+18447392443
+18447392445
+18447392447
+18447392461
+18447392474
+18447392480
+18447392481
+18447392482
+18447392484
+18447392486
+18447392489
+18447392498
+18447392499
+18447392500
+18447392503
+18447392510
+18447392511
+18447392520
+18447392522
+18447392523
+18447392524
+18447392530
+18447392536
+18447392540
+18447392541
+18447392542
+18447392543
+18447392544
+18447392545
+18447392552
+18447392557
+18447392582
+18447392583
+18447392589
+18447392598
+18447392617
+18447392622
+18447392625
+18447392634
+18447392637
+18447392639
+18447392656
+18447392663
+18447392667
+18447392668
+18447392672
+18447392687
+18447392699
+18447392700
+18447392720
+18447392723
+18447392728
+18447392729
+18447392730
+18447392731
+18447392732
+18447392733
+18447392734
+18447392736
+18447392737
+18447392739
+18447392740
+18447392745
+18447392776
+18447392777
+18447392778
+18447392824
+18447392831
+18447392832
+18447392833
+18447392834
+18447392835
+18447392836
+18447392847
+18447392848
+18447392849
+18447392850
+18447392851
+18447392852
+18447392853
+18447392854
+18447392855
+18447392856
+18447392857
+18447392858
+18447392859
+18447392860
+18447392861
+18447392862
+18447392863
+18447392864
+18447392866
+18447392872
+18447392874
+18447392876
+18447392879
+18447392896
+18447392897
+18447392899
+18447392900
+18447392916
+18447392923
+18447392929
+18447392941
+18447392942
+18447392943
+18447392944
+18447392946
+18447392971
+18447392973
+18447392977
+18447393000
+18447393028
+18447393032
+18447393033
+18447393034
+18447393035
+18447393037
+18447393038
+18447393039
+18447393040
+18447393082
+18447393083
+18447393084
+18447393085
+18447393086
+18447393087
+18447393088
+18447393089
+18447393095
+18447393100
+18447393101
+18447393107
+18447393109
+18447393113
+18447393114
+18447393116
+18447393118
+18447393120
+18447393124
+18447393125
+18447393128
+18447393129
+18447393130
+18447393131
+18447393133
+18447393142
+18447393145
+18447393146
+18447393147
+18447393148
+18447393149
+18447393151
+18447393224
+18447393228
+18447393237
+18447393268
+18447393276
+18447393278
+18447393283
+18447393288
+18447393333
+18447393338
+18447393343
+18447393344
+18447393379
+18447393384
+18447393395
+18447393425
+18447393474
+18447393478
+18447393482
+18447393537
+18447393539
+18447393546
+18447393547
+18447393549
+18447393557
+18447393563
+18447393566
+18447393567
+18447393623
+18447393627
+18447393628
+18447393649
+18447393655
+18447393673
+18447393687
+18447393689
+18447393726
+18447393728
+18447393731
+18447393733
+18447393746
+18447393748
+18447393757
+18447393768
+18447393785
+18447393822
+18447393825
+18447393826
+18447393833
+18447393849
+18447393855
+18447393856
+18447393859
+18447393863
+18447393864
+18447393876
+18447393877
+18447393878
+18447393879
+18447393882
+18447393888
+18447393889
+18447393900
+18447393903
+18447393911
+18447393914
+18447393924
+18447393928
+18447393932
+18447393935
+18447393937
+18447393942
+18447393953
+18447393955
+18447393957
+18447393958
+18447393959
+18447393965
+18447393969
+18447393973
+18447393974
+18447393978
+18447393990
+18447393991
+18447394000
+18447394013
+18447394014
+18447394018
+18447394019
+18447394020
+18447394021
+18447394025
+18447394028
+18447394068
+18447394140
+18447394141
+18447394143
+18447394144
+18447394145
+18447394147
+18447394148
+18447394155
+18447394156
+18447394169
+18447394170
+18447394171
+18447394172
+18447394173
+18447394174
+18447394175
+18447394176
+18447394177
+18447394178
+18447394179
+18447394180
+18447394181
+18447394182
+18447394183
+18447394184
+18447394187
+18447394190
+18447394201
+18447394204
+18447394205
+18447394222
+18447394225
+18447394226
+18447394227
+18447394228
+18447394229
+18447394230
+18447394231
+18447394232
+18447394233
+18447394235
+18447394236
+18447394238
+18447394239
+18447394241
+18447394242
+18447394243
+18447394247
+18447394253
+18447394257
+18447394258
+18447394260
+18447394264
+18447394266
+18447394268
+18447394272
+18447394273
+18447394277
+18447394285
+18447394286
+18447394328
+18447394332
+18447394337
+18447394357
+18447394366
+18447394368
+18447394373
+18447394378
+18447394386
+18447394419
+18447394430
+18447394437
+18447394444
+18447394446
+18447394475
+18447394537
+18447394555
+18447394584
+18447394622
+18447394623
+18447394624
+18447394625
+18447394626
+18447394627
+18447394628
+18447394629
+18447394653
+18447394664
+18447394676
+18447394678
+18447394681
+18447394683
+18447394685
+18447394687
+18447394688
+18447394700
+18447394712
+18447394714
+18447394721
+18447394729
+18447394732
+18447394733
+18447394734
+18447394735
+18447394736
+18447394737
+18447394738
+18447394739
+18447394742
+18447394743
+18447394744
+18447394746
+18447394753
+18447394754
+18447394768
+18447394772
+18447394800
+18447394801
+18447394808
+18447394814
+18447394832
+18447394839
+18447394843
+18447394845
+18447394849
+18447394857
+18447394860
+18447394862
+18447394863
+18447394864
+18447394865
+18447394866
+18447394867
+18447394868
+18447394869
+18447394878
+18447394897
+18447394911
+18447394913
+18447394918
+18447394919
+18447394921
+18447394923
+18447394924
+18447394929
+18447394930
+18447394931
+18447394932
+18447394935
+18447394936
+18447394958
+18447394961
+18447394962
+18447394964
+18447394966
+18447394967
+18447394968
+18447394969
+18447394997
+18447395000
+18447395009
+18447395020
+18447395021
+18447395022
+18447395043
+18447395067
+18447395072
+18447395103
+18447395104
+18447395105
+18447395106
+18447395107
+18447395108
+18447395112
+18447395114
+18447395115
+18447395116
+18447395117
+18447395119
+18447395120
+18447395123
+18447395124
+18447395125
+18447395183
+18447395214
+18447395215
+18447395216
+18447395218
+18447395221
+18447395225
+18447395234
+18447395239
+18447395267
+18447395284
+18447395323
+18447395326
+18447395347
+18447395364
+18447395366
+18447395372
+18447395425
+18447395433
+18447395463
+18447395465
+18447395477
+18447395483
+18447395551
+18447395555
+18447395626
+18447395627
+18447395654
+18447395677
+18447395683
+18447395686
+18447395687
+18447395708
+18447395709
+18447395710
+18447395711
+18447395712
+18447395713
+18447395714
+18447395715
+18447395716
+18447395749
+18447395750
+18447395752
+18447395762
+18447395765
+18447395767
+18447395768
+18447395769
+18447395770
+18447395772
+18447395776
+18447395777
+18447395779
+18447395780
+18447395781
+18447395783
+18447395784
+18447395785
+18447395786
+18447395797
+18447395817
+18447395821
+18447395822
+18447395823
+18447395827
+18447395828
+18447395849
+18447395855
+18447395861
+18447395863
+18447395871
+18447395876
+18447395878
+18447395881
+18447395887
+18447395900
+18447395911
+18447395913
+18447395914
+18447395915
+18447395916
+18447395918
+18447395921
+18447395933
+18447395940
+18447395941
+18447395942
+18447395944
+18447395945
+18447395946
+18447395948
+18447395955
+18447395956
+18447395957
+18447395958
+18447395959
+18447395980
+18447395981
+18447395983
+18447395984
+18447395987
+18447395988
+18447395989
+18447395990
+18447395991
+18447395992
+18447395993
+18447395994
+18447395995
+18447395996
+18447395997
+18447395998
+18447395999
+18447396001
+18447396002
+18447396044
+18447396084
+18447396094
+18447396108
+18447396224
+18447396232
+18447396236
+18447396237
+18447396239
+18447396244
+18447396253
+18447396257
+18447396267
+18447396275
+18447396283
+18447396288
+18447396328
+18447396338
+18447396362
+18447396367
+18447396377
+18447396387
+18447396400
+18447396444
+18447396453
+18447396469
+18447396483
+18447396533
+18447396541
+18447396611
+18447396622
+18447396659
+18447396663
+18447396666
+18447396670
+18447396671
+18447396672
+18447396673
+18447396674
+18447396675
+18447396676
+18447396677
+18447396678
+18447396679
+18447396717
+18447396718
+18447396719
+18447396720
+18447396723
+18447396731
+18447396734
+18447396736
+18447396738
+18447396741
+18447396742
+18447396746
+18447396749
+18447396753
+18447396754
+18447396762
+18447396763
+18447396765
+18447396767
+18447396769
+18447396777
+18447396793
+18447396796
+18447396799
+18447396825
+18447396833
+18447396842
+18447396845
+18447396846
+18447396848
+18447396849
+18447396852
+18447396866
+18447396874
+18447396875
+18447396876
+18447396877
+18447396882
+18447396883
+18447396888
+18447396889
+18447396902
+18447396903
+18447396905
+18447396907
+18447396910
+18447396932
+18447396936
+18447396937
+18447396944
+18447396945
+18447396946
+18447396948
+18447396952
+18447396954
+18447396955
+18447396959
+18447396960
+18447396965
+18447396967
+18447396969
+18447396979
+18447396984
+18447396997
+18447396998
+18447397001
+18447397002
+18447397003
+18447397005
+18447397006
+18447397007
+18447397044
+18447397099
+18447397111
+18447397114
+18447397116
+18447397118
+18447397119
+18447397245
+18447397246
+18447397249
+18447397255
+18447397263
+18447397277
+18447397278
+18447397283
+18447397325
+18447397329
+18447397334
+18447397337
+18447397367
+18447397368
+18447397377
+18447397378
+18447397387
+18447397399
+18447397409
+18447397418
+18447397422
+18447397428
+18447397465
+18447397466
+18447397467
+18447397469
+18447397477
+18447397478
+18447397482
+18447397488
+18447397493
+18447397500
+18447397522
+18447397523
+18447397526
+18447397527
+18447397528
+18447397529
+18447397532
+18447397533
+18447397545
+18447397546
+18447397567
+18447397569
+18447397584
+18447397587
+18447397588
+18447397600
+18447397623
+18447397650
+18447397664
+18447397666
+18447397673
+18447397676
+18447397683
+18447397685
+18447397718
+18447397720
+18447397721
+18447397724
+18447397726
+18447397729
+18447397732
+18447397733
+18447397737
+18447397738
+18447397739
+18447397773
+18447397777
+18447397809
+18447397825
+18447397826
+18447397827
+18447397828
+18447397829
+18447397830
+18447397849
+18447397867
+18447397869
+18447397871
+18447397877
+18447397883
+18447397886
+18447397887
+18447397888
+18447397900
+18447397901
+18447397902
+18447397903
+18447397906
+18447397907
+18447397911
+18447397916
+18447397917
+18447397920
+18447397927
+18447397928
+18447397933
+18447397939
+18447397941
+18447397944
+18447397946
+18447397947
+18447397948
+18447397949
+18447397950
+18447397951
+18447397952
+18447397953
+18447397954
+18447397955
+18447397959
+18447397962
+18447397969
+18447397974
+18447397975
+18447397979
+18447397983
+18447397984
+18447397985
+18447397986
+18447397988
+18447397989
+18447397996
+18447398000
+18447398003
+18447398006
+18447398008
+18447398009
+18447398010
+18447398011
+18447398012
+18447398013
+18447398014
+18447398015
+18447398016
+18447398045
+18447398047
+18447398049
+18447398050
+18447398051
+18447398053
+18447398162
+18447398223
+18447398244
+18447398245
+18447398253
+18447398255
+18447398259
+18447398264
+18447398273
+18447398298
+18447398326
+18447398327
+18447398336
+18447398363
+18447398386
+18447398387
+18447398396
+18447398425
+18447398433
+18447398437
+18447398439
+18447398442
+18447398443
+18447398446
+18447398447
+18447398449
+18447398452
+18447398454
+18447398455
+18447398459
+18447398463
+18447398464
+18447398466
+18447398468
+18447398474
+18447398477
+18447398485
+18447398487
+18447398488
+18447398489
+18447398493
+18447398499
+18447398587
+18447398632
+18447398637
+18447398645
+18447398648
+18447398666
+18447398667
+18447398669
+18447398677
+18447398691
+18447398693
+18447398697
+18447398739
+18447398744
+18447398745
+18447398746
+18447398747
+18447398749
+18447398750
+18447398753
+18447398761
+18447398764
+18447398765
+18447398766
+18447398767
+18447398768
+18447398769
+18447398788
+18447398802
+18447398806
+18447398811
+18447398816
+18447398819
+18447398820
+18447398822
+18447398823
+18447398824
+18447398825
+18447398826
+18447398827
+18447398837
+18447398838
+18447398839
+18447398843
+18447398858
+18447398866
+18447398869
+18447398882
+18447398887
+18447398888
+18447398907
+18447398908
+18447398909
+18447398910
+18447398912
+18447398913
+18447398914
+18447398915
+18447398916
+18447398922
+18447398924
+18447398932
+18447398946
+18447398972
+18447398973
+18447399000
+18447399001
+18447399021
+18447399031
+18447399055
+18447399084
+18447399089
+18447399092
+18447399095
+18447399096
+18447399097
+18447399098
+18447399099
+18447399100
+18447399102
+18447399103
+18447399107
+18447399111
+18447399113
+18447399121
+18447399123
+18447399130
+18447399131
+18447399132
+18447399133
+18447399134
+18447399135
+18447399157
+18447399165
+18447399166
+18447399168
+18447399170
+18447399173
+18447399174
+18447399175
+18447399182
+18447399189
+18447399192
+18447399211
+18447399216
+18447399220
+18447399222
+18447399223
+18447399224
+18447399225
+18447399227
+18447399229
+18447399232
+18447399233
+18447399235
+18447399242
+18447399247
+18447399248
+18447399251
+18447399255
+18447399256
+18447399260
+18447399262
+18447399263
+18447399266
+18447399267
+18447399268
+18447399269
+18447399272
+18447399273
+18447399276
+18447399282
+18447399283
+18447399285
+18447399287
+18447399288
+18447399296
+18447399300
+18447399303
+18447399327
+18447399328
+18447399329
+18447399333
+18447399334
+18447399336
+18447399338
+18447399342
+18447399345
+18447399348
+18447399349
+18447399354
+18447399359
+18447399364
+18447399365
+18447399366
+18447399369
+18447399373
+18447399378
+18447399380
+18447399382
+18447399383
+18447399386
+18447399387
+18447399388
+18447399393
+18447399399
+18447399404
+18447399405
+18447399407
+18447399412
+18447399414
+18447399422
+18447399424
+18447399425
+18447399426
+18447399427
+18447399429
+18447399433
+18447399434
+18447399440
+18447399441
+18447399443
+18447399444
+18447399447
+18447399449
+18447399450
+18447399452
+18447399453
+18447399454
+18447399460
+18447399463
+18447399464
+18447399465
+18447399467
+18447399470
+18447399473
+18447399474
+18447399475
+18447399483
+18447399484
+18447399486
+18447399489
+18447399495
+18447399496
+18447399499
+18447399502
+18447399515
+18447399518
+18447399522
+18447399523
+18447399525
+18447399530
+18447399531
+18447399532
+18447399533
+18447399534
+18447399539
+18447399542
+18447399543
+18447399544
+18447399545
+18447399546
+18447399547
+18447399548
+18447399556
+18447399562
+18447399564
+18447399565
+18447399568
+18447399582
+18447399583
+18447399584
+18447399585
+18447399587
+18447399588
+18447399600
+18447399624
+18447399625
+18447399626
+18447399627
+18447399628
+18447399629
+18447399633
+18447399636
+18447399642
+18447399644
+18447399645
+18447399647
+18447399648
+18447399649
+18447399662
+18447399663
+18447399666
+18447399668
+18447399669
+18447399672
+18447399673
+18447399675
+18447399683
+18447399687
+18447399692
+18447399697
+18447399715
+18447399722
+18447399729
+18447399736
+18447399737
+18447399738
+18447399739
+18447399745
+18447399746
+18447399748
+18447399752
+18447399754
+18447399755
+18447399758
+18447399763
+18447399767
+18447399769
+18447399770
+18447399773
+18447399777
+18447399781
+18447399783
+18447399786
+18447399787
+18447399788
+18447399825
+18447399829
+18447399832
+18447399833
+18447399838
+18447399839
+18447399842
+18447399843
+18447399844
+18447399845
+18447399846
+18447399848
+18447399849
+18447399856
+18447399861
+18447399862
+18447399867
+18447399868
+18447399869
+18447399872
+18447399876
+18447399878
+18447399883
+18447399886
+18447399887
+18447399888
+18447399892
+18447399896
+18447399899
+18447399900
+18447399903
+18447399921
+18447399926
+18447399927
+18447399929
+18447399931
+18447399938
+18447399942
+18447399943
+18447399944
+18447399945
+18447399946
+18447399948
+18447399951
+18447399968
+18447399971
+18447399972
+18447399976
+18447399978
+18447399979
+18447399993
+18447399999
+18447433849
+18447462592
+18447463373
+18447463445
+18447464507
+18447464531
+18447464532
+18447464533
+18447464535
+18447464537
+18447464544
+18447464553
+18447464555
+18447464557
+18447464563
+18447464577
+18447465547
+18447466373
+18447466374
+18447466378
+18447466379
+18447467223
+18447467244
+18447467255
+18447467386
+18447467425
+18447467437
+18447467438
+18447467446
+18447467468
+18447467489
+18447467666
+18447467669
+18447467739
+18447467932
+18447467999
+18447472696
+18447478022
+18447481137
+18447508045
+18447528468
+18447537612
+18447538696
+18447547376
+18447574146
+18447580097
+18447582651
+18447588223
+18447588244
+18447588255
+18447588277
+18447588286
+18447588323
+18447588386
+18447588425
+18447588438
+18447588468
+18447588489
+18447588666
+18447588669
+18447588739
+18447588999
+18447641922
+18447643046
+18447643053
+18447654842
+18447662623
+18447670320
+18447670666
+18447671143
+18447671196
+18447676061
+18447676082
+18447676239
+18447676253
+18447676283
+18447676286
+18447676309
+18447676316
+18447676338
+18447676375
+18447676382
+18447676383
+18447676404
+18447676422
+18447676428
+18447676429
+18447676442
+18447676472
+18447676481
+18447676482
+18447676483
+18447676485
+18447676486
+18447676487
+18447676488
+18447676492
+18447676496
+18447688223
+18447688244
+18447688323
+18447688386
+18447688425
+18447688437
+18447688438
+18447688446
+18447688468
+18447688489
+18447688493
+18447688666
+18447688669
+18447688739
+18447688866
+18447688924
+18447688932
+18447688999
+18447693699
+18447693726
+18447697432
+18447698374
+18447698585
+18447699669
+18447721074
+18447728465
+18447731818
+18447732860
+18447732878
+18447767378
+18447776253
+18447778813
+18447792442
+18447814428
+18447814441
+18447817442
+18447821358
+18447822537
+18447827837
+18447828363
+18447828722
+18447830345
+18447873724
+18447873778
+18447877929
+18447877936
+18447877946
+18447877948
+18447877963
+18447877987
+18447886076
+18447894748
+18447895259
+18447902136
+18447920213
+18447920808
+18447920837
+18447920939
+18447920949
+18447920991
+18447921087
+18447921140
+18447951747
+18447975769
+18447977569
+18447995463
+18448005282
+18448027755
+18448098473
+18448108108
+18448231838
+18448255121
+18448255234
+18448255866
+18448255966
+18448311212
+18448323542
+18448334527
+18448336937
+18448343827
+18448359861
+18448370241
+18448378422
+18448385613
+18448385616
+18448423546
+18448433785
+18448434683
+18448437625
+18448438255
+18448444765
+18448444846
+18448474553
+18448488929
+18448488936
+18448488948
+18448488963
+18448493628
+18448493653
+18448493672
+18448493678
+18448493699
+18448510318
+18448575133
+18448608021
+18448638420
+18448665463
+18448668966
+18448682789
+18448696396
+18448726729
+18448726736
+18448726746
+18448726748
+18448726763
+18448726765
+18448726787
+18448755430
+18448796874
+18448873226
+18448875391
+18448885944
+18448887739
+18448910348
+18448925444
+18448959113
+18448964040
+18449002286
+18449015221
+18449019394
+18449020252
+18449031829
+18449069631
+18449070303
+18449134040
+18449143649
+18449161090
+18449178328
+18449225556
+18449244765
+18449248463
+18449264477
+18449265386
+18449268968
+18449293655
+18449300101
+18449322267
+18449327287
+18449342041
+18449355598
+18449382262
+18449382539
+18449382540
+18449382541
+18449382542
+18449382544
+18449382545
+18449382546
+18449382547
+18449382548
+18449382549
+18449382552
+18449382554
+18449384475
+18449386292
+18449386833
+18449387783
+18449414264
+18449415593
+18449416359
+18449430779
+18449446790
+18449467223
+18449467255
+18449467346
+18449467348
+18449467365
+18449467386
+18449467425
+18449467437
+18449467438
+18449467468
+18449467489
+18449467666
+18449467669
+18449467739
+18449467866
+18449476164
+18449508277
+18449550115
+18449552742
+18449557363
+18449586100
+18449594442
+18449594446
+18449597883
+18449637792
+18449642237
+18449652321
+18449663640
+18449663647
+18449663654
+18449663660
+18449663661
+18449663665
+18449663671
+18449663689
+18449663699
+18449675394
+18449687277
+18449699995
+18449774435
+18449795925
+18449801779
+18449824622
+18449874675
+18449890959
+18449912353
+18449922929
+18449930813
+18449992468
+18449998336
+18452101346
+18452101356
+18452101366
+18452678673
+18452694378
+18452694647
+18452899796
+18452945129
+18453131806
+18453158582
+18453306509
+18453458858
+18453474830
+18453501200
+18454753333
+18454788255
+18454789009
+18455609790
+18456944755
+18457385319
+18458182864
+18458471310
+18458899286
+18459174969
+18474230701
+18474626600
+18475794115
+18476543333
+18478979100
+18479169000
+18479440770
+18482001399
+18482230814
+18482661795
+18482788154
+18482921981
+18483308808
+18483622107
+18483808539
+18484005991
+18502015500
+18502041679
+18502132035
+18502620055
+18503596608
+18503701780
+18504483389
+18504722000
+18504726264
+18505484647
+18505586053
+18505651487
+18506009026
+18506131320
+18506889800
+18507016265
+18507537625
+18507711243
+18507832965
+18507906911
+18508931952
+18509104875
+18509941311
+18542028319
+18542857897
+18544658967
+18552078487
+18552097872
+18552101010
+18552112216
+18552157239
+18552166525
+18552232777
+18552252623
+18552255739
+18552258046
+18552263727
+18552264277
+18552264429
+18552272739
+18552273739
+18552274223
+18552276588
+18552278368
+18552302679
+18552335325
+18552340916
+18552373999
+18552378739
+18552385818
+18552385821
+18552385824
+18552385827
+18552385833
+18552385837
+18552385838
+18552385844
+18552385846
+18552385847
+18552385854
+18552385856
+18552385862
+18552385866
+18552385869
+18552385870
+18552385873
+18552385874
+18552385877
+18552385878
+18552385879
+18552385880
+18552385882
+18552385883
+18552385893
+18552385899
+18552422874
+18552422878
+18552427788
+18552428002
+18552428047
+18552428238
+18552428247
+18552428255
+18552428363
+18552428365
+18552428373
+18552428397
+18552428440
+18552428445
+18552428546
+18552428548
+18552428568
+18552428669
+18552428739
+18552428793
+18552428825
+18552428872
+18552428999
+18552443454
+18552444653
+18552446373
+18552448487
+18552472769
+18552475463
+18552482429
+18552482436
+18552482446
+18552482448
+18552482463
+18552482465
+18552522534
+18552522578
+18552527466
+18552527742
+18552575757
+18552581381
+18552594900
+18552625223
+18552625244
+18552625286
+18552625323
+18552625386
+18552625425
+18552625437
+18552625438
+18552625446
+18552625468
+18552625489
+18552625666
+18552625669
+18552625739
+18552625866
+18552625872
+18552625924
+18552625932
+18552625999
+18552655958
+18552656642
+18552662225
+18552663739
+18552665452
+18552666626
+18552677672
+18552723876
+18552724483
+18552727863
+18552736444
+18552740318
+18552744774
+18552768738
+18552777399
+18552797825
+18552812382
+18552868669
+18552883277
+18552888373
+18552892516
+18552900398
+18552944656
+18552945341
+18552952424
+18552976666
+18552980014
+18553013865
+18553039945
+18553046635
+18553062589
+18553066988
+18553071390
+18553144273
+18553155346
+18553164622
+18553204911
+18553222206
+18553266669
+18553268273
+18553268274
+18553268279
+18553278074
+18553278458
+18553283546
+18553284475
+18553285239
+18553285477
+18553287399
+18553307699
+18553325377
+18553384736
+18553384746
+18553384748
+18553412931
+18553417655
+18553425223
+18553425244
+18553425255
+18553425277
+18553425323
+18553425386
+18553425425
+18553425437
+18553425438
+18553425446
+18553425489
+18553425666
+18553425669
+18553425739
+18553425866
+18553425924
+18553425932
+18553425999
+18553453223
+18553453255
+18553453386
+18553453425
+18553453437
+18553453446
+18553453489
+18553453666
+18553453669
+18553453739
+18553453866
+18553453924
+18553453932
+18553453999
+18553456969
+18553462623
+18553463333
+18553478742
+18553518665
+18553528292
+18553532874
+18553536662
+18553539592
+18553547462
+18553547812
+18553547818
+18553547824
+18553547825
+18553547837
+18553547844
+18553547846
+18553547860
+18553547871
+18553547873
+18553548895
+18553551664
+18553556288
+18553557691
+18553558477
+18553562569
+18553567478
+18553568665
+18553571110
+18553572042
+18553572051
+18553572066
+18553572126
+18553572127
+18553572212
+18553572243
+18553572267
+18553572299
+18553574577
+18553577448
+18553588973
+18553593955
+18553644633
+18553647757
+18553659262
+18553666245
+18553666248
+18553666253
+18553666281
+18553666329
+18553666336
+18553666346
+18553666348
+18553666363
+18553666365
+18553666387
+18553675333
+18553678863
+18553682666
+18553683777
+18553693904
+18553696324
+18553719812
+18553733739
+18553735218
+18553746588
+18553768422
+18553768427
+18553768429
+18553768436
+18553768446
+18553768448
+18553784223
+18553788955
+18553821310
+18553825223
+18553825225
+18553825244
+18553825255
+18553825277
+18553825323
+18553825386
+18553825425
+18553825429
+18553825438
+18553825446
+18553825464
+18553825468
+18553825484
+18553825489
+18553825636
+18553825666
+18553825669
+18553825692
+18553825739
+18553825866
+18553825924
+18553825932
+18553825999
+18553835728
+18553852645
+18553862428
+18553871648
+18553873242
+18553876732
+18553877924
+18553883849
+18553895487
+18553932884
+18553965773
+18553969344
+18553971938
+18553978651
+18553979433
+18553981605
+18554005297
+18554021212
+18554032512
+18554049900
+18554071608
+18554076842
+18554093027
+18554139000
+18554247366
+18554260114
+18554263752
+18554267866
+18554273848
+18554286918
+18554291234
+18554292428
+18554292662
+18554293283
+18554293284
+18554293733
+18554293825
+18554295459
+18554295463
+18554295465
+18554295483
+18554296253
+18554297399
+18554297666
+18554298487
+18554337088
+18554345335
+18554383478
+18554385239
+18554385243
+18554385898
+18554390031
+18554429191
+18554440000
+18554442424
+18554442428
+18554460858
+18554469857
+18554470122
+18554470226
+18554472432
+18554475739
+18554480545
+18554484765
+18554488935
+18554496896
+18554503737
+18554508926
+18554554664
+18554558787
+18554596225
+18554603196
+18554612286
+18554630091
+18554633736
+18554636266
+18554646968
+18554646969
+18554663736
+18554663787
+18554665877
+18554666253
+18554674944
+18554676911
+18554676921
+18554676924
+18554676926
+18554676939
+18554676940
+18554676943
+18554676944
+18554676948
+18554676950
+18554676954
+18554676956
+18554676962
+18554676965
+18554676966
+18554676967
+18554676969
+18554676973
+18554676987
+18554676991
+18554677683
+18554682229
+18554682428
+18554682432
+18554682663
+18554682668
+18554683283
+18554683338
+18554683746
+18554683825
+18554684475
+18554684653
+18554684673
+18554684676
+18554684747
+18554685239
+18554685347
+18554685463
+18554685465
+18554685477
+18554685683
+18554686253
+18554686833
+18554687394
+18554687397
+18554687398
+18554687399
+18554687448
+18554687666
+18554687676
+18554687877
+18554687883
+18554688223
+18554688244
+18554688255
+18554688305
+18554688323
+18554688325
+18554688326
+18554688327
+18554688328
+18554688333
+18554688336
+18554688337
+18554688342
+18554688346
+18554688348
+18554688353
+18554688380
+18554688382
+18554688386
+18554688399
+18554688425
+18554688437
+18554688438
+18554688468
+18554688489
+18554688666
+18554688669
+18554688739
+18554688866
+18554688932
+18554688999
+18554689433
+18554704386
+18554733248
+18554739244
+18554774029
+18554835872
+18554874726
+18554897446
+18554909014
+18554915391
+18554923779
+18554927448
+18554940144
+18554940212
+18554953890
+18554965401
+18554975594
+18554983634
+18554989554
+18554998464
+18555082266
+18555105197
+18555121030
+18555181591
+18555183560
+18555185239
+18555223767
+18555225633
+18555234255
+18555238611
+18555239355
+18555239739
+18555239907
+18555252674
+18555256366
+18555265378
+18555288555
+18555295667
+18555327464
+18555327646
+18555335446
+18555346452
+18555355191
+18555372426
+18555380050
+18555383825
+18555387739
+18555393223
+18555393244
+18555393323
+18555393425
+18555393437
+18555393438
+18555393468
+18555393489
+18555393669
+18555393866
+18555393932
+18555393999
+18555427279
+18555433789
+18555462656
+18555465922
+18555480920
+18555482128
+18555483739
+18555488155
+18555489020
+18555489334
+18555502757
+18555588888
+18555616479
+18555620424
+18555624266
+18555632649
+18555644663
+18555645819
+18555657529
+18555658933
+18555666655
+18555676847
+18555683739
+18555714918
+18555734475
+18555742414
+18555747467
+18555760326
+18555760671
+18555760703
+18555774429
+18555777764
+18555800906
+18555801020
+18555802387
+18555802407
+18555802446
+18555802448
+18555802523
+18555802528
+18555802532
+18555802542
+18555802559
+18555802560
+18555802592
+18555802631
+18555802692
+18555802737
+18555802819
+18555834736
+18555836967
+18555873010
+18555888461
+18555888462
+18555888463
+18555967619
+18555988336
+18556009276
+18556070061
+18556093933
+18556116564
+18556145785
+18556146670
+18556154242
+18556154448
+18556253322
+18556253327
+18556253331
+18556253336
+18556253342
+18556253344
+18556253348
+18556253362
+18556253363
+18556253373
+18556253383
+18556284489
+18556332117
+18556335609
+18556342628
+18556347829
+18556356283
+18556362636
+18556364636
+18556364739
+18556365463
+18556367399
+18556367666
+18556372879
+18556373959
+18556383549
+18556393645
+18556425748
+18556453223
+18556453255
+18556453323
+18556453386
+18556453437
+18556453438
+18556453468
+18556453489
+18556453666
+18556453669
+18556453739
+18556453825
+18556453866
+18556453932
+18556453999
+18556472253
+18556477537
+18556526094
+18556542833
+18556571669
+18556596742
+18556616770
+18556645856
+18556653095
+18556653281
+18556655341
+18556656902
+18556659739
+18556661234
+18556664475
+18556664867
+18556672632
+18556674134
+18556679356
+18556681387
+18556686729
+18556695871
+18556701184
+18556702491
+18556702839
+18556703438
+18556704113
+18556712742
+18556732429
+18556736534
+18556736537
+18556737170
+18556744061
+18556748069
+18556749223
+18556749244
+18556749255
+18556749386
+18556749425
+18556749426
+18556749437
+18556749438
+18556749446
+18556749489
+18556749666
+18556749669
+18556749739
+18556749866
+18556749924
+18556749999
+18556750781
+18556770538
+18556770540
+18556770545
+18556827437
+18556833429
+18556833447
+18556833523
+18556833636
+18556833739
+18556843154
+18556843551
+18556845411
+18556851519
+18556851815
+18556884448
+18556902866
+18556920578
+18556967429
+18556967436
+18556967446
+18556967448
+18556967463
+18556967465
+18556967487
+18557007399
+18557043796
+18557081523
+18557083048
+18557093280
+18557102625
+18557103859
+18557111847
+18557115763
+18557115869
+18557135601
+18557152386
+18557170250
+18557173266
+18557192000
+18557213647
+18557222420
+18557225040
+18557246475
+18557249222
+18557252743
+18557264898
+18557274757
+18557277675
+18557292773
+18557315624
+18557323464
+18557325739
+18557325867
+18557328853
+18557331108
+18557331971
+18557332118
+18557335746
+18557341274
+18557354225
+18557364677
+18557364737
+18557364739
+18557364782
+18557373783
+18557390002
+18557390004
+18557390005
+18557390006
+18557390007
+18557390008
+18557390009
+18557390020
+18557390022
+18557390023
+18557390024
+18557390025
+18557390026
+18557390027
+18557390028
+18557390029
+18557390031
+18557390032
+18557390040
+18557390041
+18557390043
+18557390046
+18557390065
+18557390066
+18557390078
+18557390100
+18557390123
+18557390126
+18557390128
+18557390130
+18557390135
+18557390138
+18557390150
+18557390153
+18557390193
+18557390194
+18557390196
+18557390198
+18557390201
+18557390203
+18557390204
+18557390211
+18557390215
+18557390217
+18557390219
+18557390220
+18557390224
+18557390225
+18557390229
+18557390231
+18557390232
+18557390233
+18557390234
+18557390235
+18557390236
+18557390238
+18557390239
+18557390240
+18557390252
+18557390253
+18557390254
+18557390255
+18557390259
+18557390265
+18557390282
+18557390291
+18557390292
+18557390303
+18557390310
+18557390362
+18557390399
+18557390400
+18557390520
+18557390600
+18557390614
+18557390618
+18557390620
+18557390673
+18557390697
+18557390700
+18557390716
+18557390717
+18557390718
+18557390720
+18557390726
+18557390731
+18557390751
+18557390764
+18557390771
+18557390777
+18557390800
+18557390802
+18557390803
+18557390805
+18557390806
+18557390809
+18557390827
+18557390830
+18557390832
+18557390836
+18557390837
+18557390838
+18557390839
+18557390842
+18557390845
+18557390849
+18557390852
+18557390866
+18557390902
+18557390904
+18557390913
+18557390915
+18557390918
+18557390921
+18557390922
+18557390923
+18557390925
+18557390936
+18557390943
+18557390949
+18557390952
+18557390953
+18557390954
+18557390955
+18557390956
+18557390958
+18557390960
+18557390961
+18557390964
+18557390966
+18557390968
+18557390969
+18557390971
+18557390972
+18557390973
+18557390975
+18557390976
+18557390978
+18557390979
+18557390980
+18557390981
+18557390982
+18557390984
+18557391000
+18557391026
+18557391043
+18557391044
+18557391047
+18557391050
+18557391060
+18557391061
+18557391062
+18557391064
+18557391066
+18557391068
+18557391073
+18557391074
+18557391075
+18557391077
+18557391087
+18557391094
+18557391099
+18557391100
+18557391102
+18557391109
+18557391111
+18557391113
+18557391118
+18557391119
+18557391121
+18557391124
+18557391125
+18557391126
+18557391127
+18557391128
+18557391129
+18557391147
+18557391148
+18557391150
+18557391157
+18557391159
+18557391172
+18557391173
+18557391185
+18557391186
+18557391188
+18557391190
+18557391191
+18557391194
+18557391195
+18557391197
+18557391198
+18557391201
+18557391202
+18557391203
+18557391204
+18557391205
+18557391208
+18557391214
+18557391230
+18557391231
+18557391233
+18557391234
+18557391237
+18557391239
+18557391240
+18557391242
+18557391244
+18557391247
+18557391248
+18557391249
+18557391256
+18557391269
+18557391270
+18557391281
+18557391286
+18557391290
+18557391291
+18557391353
+18557391379
+18557391398
+18557391400
+18557391461
+18557391467
+18557391496
+18557391503
+18557391504
+18557391507
+18557391509
+18557391512
+18557391513
+18557391514
+18557391516
+18557391517
+18557391518
+18557391522
+18557391523
+18557391526
+18557391527
+18557391530
+18557391532
+18557391536
+18557391539
+18557391540
+18557391542
+18557391545
+18557391546
+18557391548
+18557391551
+18557391552
+18557391554
+18557391555
+18557391557
+18557391560
+18557391562
+18557391563
+18557391595
+18557391629
+18557391635
+18557391637
+18557391646
+18557391661
+18557391700
+18557391701
+18557391711
+18557391716
+18557391717
+18557391718
+18557391719
+18557391721
+18557391730
+18557391743
+18557391747
+18557391749
+18557391750
+18557391763
+18557391767
+18557391768
+18557391769
+18557391770
+18557391771
+18557391776
+18557391786
+18557391787
+18557391788
+18557391789
+18557391794
+18557391795
+18557391796
+18557391797
+18557391800
+18557391801
+18557391818
+18557391824
+18557391825
+18557391826
+18557391827
+18557391828
+18557391829
+18557391830
+18557391833
+18557391836
+18557391839
+18557391841
+18557391842
+18557391846
+18557391855
+18557391858
+18557391860
+18557391864
+18557391865
+18557391866
+18557391867
+18557391868
+18557391869
+18557391874
+18557391894
+18557391897
+18557391945
+18557391952
+18557391953
+18557391954
+18557391957
+18557391958
+18557391961
+18557391963
+18557391967
+18557391968
+18557391970
+18557391971
+18557391979
+18557391980
+18557391981
+18557391984
+18557391985
+18557391987
+18557391990
+18557391991
+18557391992
+18557391993
+18557391994
+18557391996
+18557391997
+18557391999
+18557392000
+18557392001
+18557392003
+18557392009
+18557392010
+18557392023
+18557392024
+18557392028
+18557392034
+18557392040
+18557392057
+18557392058
+18557392064
+18557392089
+18557392093
+18557392094
+18557392095
+18557392104
+18557392108
+18557392109
+18557392115
+18557392116
+18557392117
+18557392119
+18557392120
+18557392122
+18557392123
+18557392126
+18557392128
+18557392129
+18557392130
+18557392131
+18557392132
+18557392133
+18557392134
+18557392135
+18557392136
+18557392137
+18557392138
+18557392140
+18557392146
+18557392147
+18557392154
+18557392155
+18557392156
+18557392157
+18557392158
+18557392159
+18557392160
+18557392161
+18557392162
+18557392165
+18557392166
+18557392172
+18557392174
+18557392179
+18557392181
+18557392187
+18557392190
+18557392194
+18557392196
+18557392199
+18557392223
+18557392227
+18557392229
+18557392231
+18557392232
+18557392234
+18557392239
+18557392241
+18557392244
+18557392248
+18557392253
+18557392254
+18557392255
+18557392263
+18557392264
+18557392265
+18557392267
+18557392271
+18557392273
+18557392275
+18557392276
+18557392277
+18557392278
+18557392279
+18557392283
+18557392284
+18557392286
+18557392287
+18557392288
+18557392321
+18557392324
+18557392325
+18557392327
+18557392328
+18557392329
+18557392334
+18557392337
+18557392338
+18557392339
+18557392342
+18557392343
+18557392346
+18557392352
+18557392354
+18557392356
+18557392357
+18557392364
+18557392366
+18557392368
+18557392372
+18557392374
+18557392375
+18557392376
+18557392377
+18557392378
+18557392379
+18557392380
+18557392381
+18557392382
+18557392383
+18557392385
+18557392386
+18557392387
+18557392388
+18557392389
+18557392390
+18557392391
+18557392392
+18557392393
+18557392394
+18557392395
+18557392396
+18557392397
+18557392398
+18557392399
+18557392400
+18557392401
+18557392402
+18557392403
+18557392404
+18557392405
+18557392406
+18557392407
+18557392408
+18557392409
+18557392410
+18557392411
+18557392412
+18557392413
+18557392414
+18557392415
+18557392417
+18557392418
+18557392419
+18557392420
+18557392421
+18557392422
+18557392423
+18557392424
+18557392425
+18557392426
+18557392427
+18557392428
+18557392429
+18557392430
+18557392431
+18557392432
+18557392433
+18557392434
+18557392435
+18557392437
+18557392438
+18557392440
+18557392441
+18557392442
+18557392443
+18557392444
+18557392445
+18557392446
+18557392447
+18557392448
+18557392451
+18557392452
+18557392454
+18557392457
+18557392458
+18557392461
+18557392462
+18557392464
+18557392465
+18557392467
+18557392468
+18557392471
+18557392475
+18557392479
+18557392481
+18557392482
+18557392486
+18557392492
+18557392494
+18557392501
+18557392502
+18557392504
+18557392505
+18557392506
+18557392510
+18557392512
+18557392513
+18557392521
+18557392522
+18557392523
+18557392524
+18557392526
+18557392527
+18557392528
+18557392530
+18557392531
+18557392532
+18557392533
+18557392535
+18557392537
+18557392538
+18557392540
+18557392541
+18557392546
+18557392547
+18557392548
+18557392549
+18557392550
+18557392551
+18557392553
+18557392555
+18557392556
+18557392557
+18557392558
+18557392560
+18557392562
+18557392564
+18557392570
+18557392572
+18557392575
+18557392577
+18557392579
+18557392580
+18557392582
+18557392584
+18557392585
+18557392586
+18557392588
+18557392590
+18557392592
+18557392595
+18557392596
+18557392599
+18557392604
+18557392611
+18557392614
+18557392617
+18557392620
+18557392622
+18557392624
+18557392625
+18557392631
+18557392634
+18557392637
+18557392639
+18557392646
+18557392647
+18557392649
+18557392651
+18557392652
+18557392655
+18557392656
+18557392657
+18557392658
+18557392661
+18557392662
+18557392663
+18557392664
+18557392665
+18557392667
+18557392668
+18557392673
+18557392678
+18557392681
+18557392683
+18557392684
+18557392685
+18557392692
+18557392694
+18557392697
+18557392699
+18557392700
+18557392703
+18557392706
+18557392716
+18557392717
+18557392722
+18557392723
+18557392724
+18557392725
+18557392726
+18557392727
+18557392728
+18557392729
+18557392730
+18557392732
+18557392733
+18557392734
+18557392735
+18557392736
+18557392737
+18557392738
+18557392739
+18557392740
+18557392741
+18557392742
+18557392744
+18557392745
+18557392746
+18557392747
+18557392750
+18557392753
+18557392754
+18557392755
+18557392756
+18557392757
+18557392761
+18557392763
+18557392764
+18557392765
+18557392771
+18557392773
+18557392774
+18557392775
+18557392777
+18557392778
+18557392786
+18557392787
+18557392788
+18557392789
+18557392790
+18557392791
+18557392792
+18557392793
+18557392797
+18557392799
+18557392801
+18557392802
+18557392808
+18557392824
+18557392825
+18557392827
+18557392830
+18557392831
+18557392832
+18557392833
+18557392835
+18557392837
+18557392844
+18557392845
+18557392848
+18557392849
+18557392850
+18557392851
+18557392852
+18557392853
+18557392854
+18557392855
+18557392857
+18557392863
+18557392866
+18557392868
+18557392871
+18557392873
+18557392874
+18557392878
+18557392881
+18557392882
+18557392884
+18557392885
+18557392886
+18557392888
+18557392891
+18557392892
+18557392893
+18557392897
+18557392898
+18557392918
+18557392920
+18557392921
+18557392922
+18557392923
+18557392929
+18557392941
+18557392943
+18557392945
+18557392955
+18557392964
+18557392965
+18557392966
+18557392968
+18557392975
+18557392978
+18557392980
+18557392981
+18557392982
+18557392986
+18557392988
+18557392989
+18557392990
+18557392991
+18557392992
+18557392993
+18557392995
+18557392996
+18557392997
+18557392998
+18557393000
+18557393002
+18557393006
+18557393010
+18557393011
+18557393019
+18557393028
+18557393039
+18557393042
+18557393048
+18557393050
+18557393061
+18557393063
+18557393066
+18557393067
+18557393068
+18557393070
+18557393073
+18557393074
+18557393077
+18557393078
+18557393079
+18557393080
+18557393082
+18557393102
+18557393104
+18557393105
+18557393107
+18557393111
+18557393113
+18557393114
+18557393115
+18557393119
+18557393120
+18557393121
+18557393122
+18557393124
+18557393129
+18557393146
+18557393147
+18557393148
+18557393154
+18557393160
+18557393166
+18557393179
+18557393187
+18557393194
+18557393196
+18557393197
+18557393198
+18557393199
+18557393200
+18557393201
+18557393205
+18557393206
+18557393217
+18557393218
+18557393219
+18557393220
+18557393223
+18557393224
+18557393225
+18557393227
+18557393229
+18557393230
+18557393231
+18557393232
+18557393233
+18557393236
+18557393237
+18557393241
+18557393242
+18557393243
+18557393244
+18557393247
+18557393248
+18557393254
+18557393255
+18557393258
+18557393260
+18557393262
+18557393263
+18557393267
+18557393268
+18557393274
+18557393275
+18557393276
+18557393278
+18557393279
+18557393283
+18557393288
+18557393289
+18557393292
+18557393294
+18557393296
+18557393299
+18557393300
+18557393313
+18557393321
+18557393325
+18557393333
+18557393337
+18557393338
+18557393340
+18557393344
+18557393346
+18557393347
+18557393349
+18557393351
+18557393352
+18557393359
+18557393362
+18557393363
+18557393365
+18557393376
+18557393379
+18557393382
+18557393384
+18557393388
+18557393391
+18557393393
+18557393396
+18557393404
+18557393405
+18557393407
+18557393411
+18557393415
+18557393421
+18557393422
+18557393424
+18557393425
+18557393427
+18557393430
+18557393436
+18557393437
+18557393438
+18557393453
+18557393456
+18557393457
+18557393463
+18557393471
+18557393474
+18557393477
+18557393478
+18557393479
+18557393481
+18557393482
+18557393483
+18557393485
+18557393491
+18557393492
+18557393494
+18557393495
+18557393501
+18557393511
+18557393520
+18557393523
+18557393524
+18557393527
+18557393528
+18557393537
+18557393539
+18557393542
+18557393546
+18557393547
+18557393549
+18557393552
+18557393554
+18557393557
+18557393558
+18557393561
+18557393567
+18557393568
+18557393571
+18557393573
+18557393577
+18557393581
+18557393582
+18557393584
+18557393586
+18557393595
+18557393600
+18557393627
+18557393628
+18557393649
+18557393655
+18557393662
+18557393663
+18557393699
+18557393711
+18557393720
+18557393721
+18557393722
+18557393725
+18557393726
+18557393728
+18557393729
+18557393730
+18557393731
+18557393732
+18557393733
+18557393734
+18557393737
+18557393743
+18557393744
+18557393746
+18557393747
+18557393748
+18557393749
+18557393750
+18557393752
+18557393753
+18557393757
+18557393758
+18557393759
+18557393760
+18557393761
+18557393762
+18557393768
+18557393771
+18557393773
+18557393782
+18557393784
+18557393786
+18557393789
+18557393790
+18557393792
+18557393793
+18557393794
+18557393795
+18557393796
+18557393798
+18557393801
+18557393804
+18557393810
+18557393811
+18557393812
+18557393813
+18557393814
+18557393815
+18557393816
+18557393817
+18557393818
+18557393819
+18557393820
+18557393822
+18557393824
+18557393825
+18557393826
+18557393828
+18557393829
+18557393830
+18557393833
+18557393847
+18557393856
+18557393858
+18557393859
+18557393864
+18557393866
+18557393867
+18557393868
+18557393869
+18557393870
+18557393872
+18557393873
+18557393874
+18557393875
+18557393876
+18557393880
+18557393881
+18557393882
+18557393884
+18557393886
+18557393887
+18557393889
+18557393898
+18557393899
+18557393900
+18557393901
+18557393902
+18557393903
+18557393904
+18557393905
+18557393906
+18557393907
+18557393908
+18557393919
+18557393922
+18557393924
+18557393929
+18557393945
+18557393946
+18557393953
+18557393954
+18557393965
+18557393966
+18557393973
+18557393975
+18557393976
+18557393978
+18557393979
+18557393980
+18557393981
+18557393982
+18557393983
+18557393984
+18557393985
+18557393988
+18557393989
+18557393991
+18557393994
+18557394000
+18557394001
+18557394002
+18557394011
+18557394016
+18557394017
+18557394022
+18557394059
+18557394066
+18557394068
+18557394070
+18557394071
+18557394072
+18557394073
+18557394074
+18557394075
+18557394077
+18557394078
+18557394079
+18557394080
+18557394084
+18557394089
+18557394090
+18557394101
+18557394107
+18557394109
+18557394110
+18557394112
+18557394113
+18557394114
+18557394117
+18557394132
+18557394136
+18557394142
+18557394143
+18557394146
+18557394148
+18557394157
+18557394160
+18557394161
+18557394162
+18557394165
+18557394169
+18557394179
+18557394180
+18557394184
+18557394185
+18557394201
+18557394222
+18557394247
+18557394253
+18557394257
+18557394264
+18557394267
+18557394272
+18557394274
+18557394276
+18557394286
+18557394299
+18557394301
+18557394323
+18557394332
+18557394333
+18557394366
+18557394368
+18557394373
+18557394376
+18557394378
+18557394386
+18557394401
+18557394420
+18557394430
+18557394438
+18557394444
+18557394473
+18557394475
+18557394480
+18557394481
+18557394486
+18557394500
+18557394501
+18557394520
+18557394524
+18557394527
+18557394537
+18557394549
+18557394601
+18557394623
+18557394626
+18557394631
+18557394633
+18557394637
+18557394638
+18557394641
+18557394644
+18557394647
+18557394650
+18557394653
+18557394664
+18557394669
+18557394673
+18557394676
+18557394678
+18557394679
+18557394681
+18557394683
+18557394684
+18557394685
+18557394687
+18557394688
+18557394689
+18557394701
+18557394709
+18557394710
+18557394711
+18557394712
+18557394714
+18557394716
+18557394729
+18557394733
+18557394737
+18557394739
+18557394745
+18557394746
+18557394752
+18557394753
+18557394754
+18557394755
+18557394756
+18557394757
+18557394758
+18557394759
+18557394760
+18557394761
+18557394768
+18557394770
+18557394774
+18557394777
+18557394781
+18557394786
+18557394788
+18557394791
+18557394796
+18557394799
+18557394800
+18557394802
+18557394803
+18557394804
+18557394809
+18557394821
+18557394827
+18557394829
+18557394830
+18557394831
+18557394832
+18557394833
+18557394834
+18557394835
+18557394837
+18557394838
+18557394840
+18557394842
+18557394845
+18557394854
+18557394855
+18557394861
+18557394862
+18557394863
+18557394864
+18557394865
+18557394866
+18557394868
+18557394869
+18557394870
+18557394871
+18557394878
+18557394880
+18557394882
+18557394884
+18557394885
+18557394888
+18557394890
+18557394891
+18557394893
+18557394894
+18557394897
+18557394899
+18557394925
+18557394940
+18557394941
+18557394942
+18557394944
+18557394947
+18557394948
+18557394949
+18557394950
+18557394951
+18557394952
+18557394953
+18557394954
+18557394955
+18557394956
+18557394968
+18557394979
+18557394980
+18557394984
+18557394985
+18557394986
+18557394988
+18557394989
+18557394999
+18557395012
+18557395013
+18557395015
+18557395018
+18557395019
+18557395020
+18557395026
+18557395027
+18557395030
+18557395033
+18557395035
+18557395041
+18557395050
+18557395095
+18557395098
+18557395099
+18557395102
+18557395118
+18557395119
+18557395121
+18557395122
+18557395143
+18557395144
+18557395162
+18557395165
+18557395171
+18557395173
+18557395174
+18557395183
+18557395185
+18557395186
+18557395190
+18557395193
+18557395194
+18557395195
+18557395196
+18557395197
+18557395198
+18557395199
+18557395201
+18557395202
+18557395203
+18557395211
+18557395214
+18557395215
+18557395216
+18557395218
+18557395220
+18557395221
+18557395222
+18557395223
+18557395224
+18557395225
+18557395226
+18557395227
+18557395228
+18557395229
+18557395231
+18557395232
+18557395234
+18557395237
+18557395239
+18557395241
+18557395243
+18557395244
+18557395246
+18557395247
+18557395248
+18557395249
+18557395263
+18557395267
+18557395272
+18557395284
+18557395297
+18557395299
+18557395347
+18557395363
+18557395366
+18557395367
+18557395369
+18557395372
+18557395377
+18557395382
+18557395387
+18557395397
+18557395425
+18557395426
+18557395427
+18557395433
+18557395463
+18557395465
+18557395466
+18557395477
+18557395483
+18557395496
+18557395520
+18557395555
+18557395622
+18557395625
+18557395627
+18557395639
+18557395654
+18557395664
+18557395683
+18557395686
+18557395687
+18557395720
+18557395721
+18557395723
+18557395725
+18557395728
+18557395730
+18557395731
+18557395732
+18557395733
+18557395735
+18557395737
+18557395738
+18557395739
+18557395742
+18557395744
+18557395745
+18557395748
+18557395749
+18557395750
+18557395751
+18557395752
+18557395753
+18557395754
+18557395756
+18557395757
+18557395764
+18557395777
+18557395782
+18557395790
+18557395792
+18557395793
+18557395797
+18557395800
+18557395809
+18557395810
+18557395811
+18557395812
+18557395813
+18557395814
+18557395815
+18557395816
+18557395817
+18557395819
+18557395820
+18557395821
+18557395823
+18557395826
+18557395828
+18557395830
+18557395831
+18557395832
+18557395837
+18557395847
+18557395852
+18557395855
+18557395856
+18557395857
+18557395859
+18557395862
+18557395863
+18557395864
+18557395867
+18557395868
+18557395869
+18557395870
+18557395871
+18557395872
+18557395873
+18557395874
+18557395878
+18557395879
+18557395881
+18557395882
+18557395883
+18557395888
+18557395889
+18557395891
+18557395893
+18557395897
+18557395899
+18557395900
+18557395906
+18557395909
+18557395910
+18557395911
+18557395912
+18557395913
+18557395914
+18557395915
+18557395916
+18557395918
+18557395919
+18557395933
+18557395941
+18557395942
+18557395952
+18557395953
+18557395954
+18557395959
+18557395961
+18557395985
+18557395993
+18557395995
+18557395996
+18557395998
+18557395999
+18557396000
+18557396001
+18557396002
+18557396003
+18557396004
+18557396005
+18557396006
+18557396007
+18557396012
+18557396013
+18557396016
+18557396049
+18557396050
+18557396051
+18557396052
+18557396053
+18557396056
+18557396064
+18557396068
+18557396072
+18557396074
+18557396075
+18557396076
+18557396077
+18557396079
+18557396080
+18557396081
+18557396100
+18557396106
+18557396107
+18557396108
+18557396109
+18557396110
+18557396111
+18557396112
+18557396116
+18557396118
+18557396161
+18557396236
+18557396237
+18557396239
+18557396244
+18557396245
+18557396247
+18557396253
+18557396262
+18557396266
+18557396267
+18557396283
+18557396284
+18557396288
+18557396315
+18557396316
+18557396318
+18557396333
+18557396334
+18557396338
+18557396362
+18557396366
+18557396367
+18557396377
+18557396387
+18557396388
+18557396400
+18557396403
+18557396425
+18557396446
+18557396453
+18557396457
+18557396469
+18557396483
+18557396504
+18557396518
+18557396520
+18557396533
+18557396544
+18557396585
+18557396600
+18557396622
+18557396626
+18557396633
+18557396644
+18557396652
+18557396658
+18557396659
+18557396661
+18557396666
+18557396667
+18557396670
+18557396671
+18557396672
+18557396673
+18557396674
+18557396675
+18557396678
+18557396679
+18557396683
+18557396684
+18557396687
+18557396688
+18557396700
+18557396707
+18557396725
+18557396733
+18557396734
+18557396736
+18557396739
+18557396740
+18557396741
+18557396742
+18557396748
+18557396749
+18557396751
+18557396752
+18557396753
+18557396754
+18557396756
+18557396757
+18557396762
+18557396763
+18557396765
+18557396767
+18557396769
+18557396773
+18557396774
+18557396775
+18557396776
+18557396777
+18557396778
+18557396779
+18557396780
+18557396781
+18557396782
+18557396783
+18557396798
+18557396799
+18557396801
+18557396803
+18557396805
+18557396806
+18557396808
+18557396811
+18557396814
+18557396816
+18557396833
+18557396839
+18557396849
+18557396850
+18557396851
+18557396852
+18557396853
+18557396854
+18557396855
+18557396857
+18557396858
+18557396864
+18557396880
+18557396886
+18557396891
+18557396897
+18557396900
+18557396903
+18557396907
+18557396915
+18557396916
+18557396924
+18557396926
+18557396937
+18557396940
+18557396941
+18557396957
+18557396958
+18557396963
+18557396969
+18557396975
+18557396976
+18557396981
+18557396983
+18557396984
+18557396985
+18557396986
+18557396989
+18557396999
+18557397018
+18557397024
+18557397026
+18557397027
+18557397028
+18557397029
+18557397030
+18557397031
+18557397032
+18557397034
+18557397053
+18557397066
+18557397094
+18557397096
+18557397108
+18557397115
+18557397129
+18557397135
+18557397151
+18557397152
+18557397153
+18557397155
+18557397156
+18557397157
+18557397158
+18557397159
+18557397160
+18557397161
+18557397162
+18557397163
+18557397164
+18557397165
+18557397166
+18557397167
+18557397168
+18557397169
+18557397170
+18557397171
+18557397172
+18557397173
+18557397174
+18557397175
+18557397176
+18557397177
+18557397178
+18557397179
+18557397180
+18557397181
+18557397234
+18557397236
+18557397246
+18557397253
+18557397255
+18557397257
+18557397267
+18557397268
+18557397275
+18557397277
+18557397278
+18557397283
+18557397297
+18557397325
+18557397327
+18557397333
+18557397337
+18557397344
+18557397353
+18557397355
+18557397358
+18557397363
+18557397367
+18557397373
+18557397377
+18557397382
+18557397388
+18557397397
+18557397399
+18557397400
+18557397404
+18557397409
+18557397427
+18557397428
+18557397433
+18557397442
+18557397447
+18557397463
+18557397465
+18557397466
+18557397467
+18557397469
+18557397473
+18557397477
+18557397478
+18557397482
+18557397483
+18557397488
+18557397493
+18557397500
+18557397520
+18557397522
+18557397527
+18557397528
+18557397529
+18557397532
+18557397533
+18557397545
+18557397546
+18557397548
+18557397558
+18557397568
+18557397569
+18557397583
+18557397584
+18557397585
+18557397586
+18557397587
+18557397588
+18557397589
+18557397600
+18557397623
+18557397625
+18557397637
+18557397638
+18557397664
+18557397665
+18557397666
+18557397673
+18557397674
+18557397676
+18557397678
+18557397682
+18557397683
+18557397685
+18557397687
+18557397688
+18557397706
+18557397707
+18557397712
+18557397713
+18557397714
+18557397717
+18557397718
+18557397719
+18557397722
+18557397724
+18557397725
+18557397726
+18557397733
+18557397734
+18557397738
+18557397761
+18557397762
+18557397763
+18557397764
+18557397766
+18557397767
+18557397768
+18557397772
+18557397773
+18557397779
+18557397781
+18557397783
+18557397787
+18557397801
+18557397813
+18557397820
+18557397822
+18557397825
+18557397826
+18557397827
+18557397828
+18557397830
+18557397832
+18557397837
+18557397838
+18557397841
+18557397842
+18557397848
+18557397849
+18557397851
+18557397860
+18557397863
+18557397865
+18557397867
+18557397868
+18557397869
+18557397873
+18557397877
+18557397878
+18557397879
+18557397883
+18557397900
+18557397927
+18557397928
+18557397933
+18557397939
+18557397951
+18557397952
+18557397955
+18557397956
+18557397957
+18557397958
+18557397959
+18557397960
+18557397962
+18557397963
+18557397964
+18557397965
+18557397967
+18557397968
+18557397969
+18557397970
+18557397972
+18557397975
+18557397976
+18557397978
+18557397981
+18557397982
+18557397983
+18557397990
+18557397991
+18557397992
+18557397994
+18557397995
+18557397996
+18557397997
+18557397998
+18557398000
+18557398001
+18557398003
+18557398004
+18557398006
+18557398007
+18557398010
+18557398011
+18557398012
+18557398013
+18557398014
+18557398015
+18557398017
+18557398028
+18557398029
+18557398031
+18557398032
+18557398048
+18557398069
+18557398070
+18557398071
+18557398072
+18557398073
+18557398074
+18557398075
+18557398076
+18557398077
+18557398078
+18557398082
+18557398083
+18557398085
+18557398114
+18557398117
+18557398122
+18557398123
+18557398124
+18557398126
+18557398132
+18557398133
+18557398134
+18557398135
+18557398136
+18557398137
+18557398138
+18557398139
+18557398140
+18557398141
+18557398142
+18557398143
+18557398144
+18557398145
+18557398146
+18557398147
+18557398148
+18557398149
+18557398150
+18557398151
+18557398152
+18557398153
+18557398154
+18557398155
+18557398156
+18557398157
+18557398158
+18557398159
+18557398160
+18557398161
+18557398162
+18557398163
+18557398164
+18557398165
+18557398166
+18557398167
+18557398168
+18557398169
+18557398170
+18557398171
+18557398180
+18557398186
+18557398200
+18557398209
+18557398210
+18557398211
+18557398212
+18557398213
+18557398217
+18557398223
+18557398229
+18557398244
+18557398251
+18557398253
+18557398255
+18557398257
+18557398259
+18557398268
+18557398269
+18557398272
+18557398273
+18557398286
+18557398294
+18557398326
+18557398327
+18557398336
+18557398363
+18557398364
+18557398368
+18557398371
+18557398378
+18557398386
+18557398387
+18557398401
+18557398422
+18557398423
+18557398424
+18557398425
+18557398433
+18557398437
+18557398439
+18557398442
+18557398443
+18557398446
+18557398451
+18557398453
+18557398454
+18557398455
+18557398459
+18557398462
+18557398463
+18557398464
+18557398466
+18557398468
+18557398473
+18557398474
+18557398476
+18557398485
+18557398487
+18557398488
+18557398489
+18557398493
+18557398501
+18557398519
+18557398557
+18557398586
+18557398587
+18557398614
+18557398632
+18557398637
+18557398645
+18557398646
+18557398648
+18557398666
+18557398667
+18557398669
+18557398677
+18557398687
+18557398691
+18557398693
+18557398697
+18557398700
+18557398718
+18557398720
+18557398723
+18557398737
+18557398739
+18557398742
+18557398747
+18557398755
+18557398756
+18557398758
+18557398759
+18557398761
+18557398762
+18557398763
+18557398764
+18557398765
+18557398766
+18557398767
+18557398768
+18557398769
+18557398770
+18557398774
+18557398786
+18557398787
+18557398788
+18557398792
+18557398795
+18557398802
+18557398804
+18557398810
+18557398813
+18557398815
+18557398822
+18557398823
+18557398827
+18557398828
+18557398829
+18557398844
+18557398850
+18557398854
+18557398856
+18557398858
+18557398860
+18557398864
+18557398865
+18557398866
+18557398867
+18557398875
+18557398887
+18557398888
+18557398896
+18557398899
+18557398913
+18557398915
+18557398916
+18557398920
+18557398924
+18557398928
+18557398929
+18557398932
+18557398933
+18557398934
+18557398935
+18557398936
+18557398937
+18557398938
+18557398943
+18557398946
+18557398952
+18557398953
+18557398956
+18557398957
+18557398965
+18557398968
+18557399000
+18557399001
+18557399009
+18557399021
+18557399022
+18557399023
+18557399024
+18557399025
+18557399026
+18557399027
+18557399028
+18557399029
+18557399030
+18557399031
+18557399032
+18557399060
+18557399064
+18557399065
+18557399067
+18557399069
+18557399071
+18557399072
+18557399083
+18557399084
+18557399085
+18557399086
+18557399087
+18557399088
+18557399089
+18557399091
+18557399092
+18557399093
+18557399096
+18557399102
+18557399103
+18557399104
+18557399105
+18557399106
+18557399107
+18557399111
+18557399112
+18557399115
+18557399117
+18557399118
+18557399119
+18557399120
+18557399121
+18557399122
+18557399123
+18557399132
+18557399133
+18557399135
+18557399139
+18557399165
+18557399166
+18557399167
+18557399168
+18557399170
+18557399172
+18557399173
+18557399174
+18557399175
+18557399178
+18557399182
+18557399192
+18557399200
+18557399211
+18557399216
+18557399220
+18557399222
+18557399223
+18557399225
+18557399226
+18557399227
+18557399229
+18557399233
+18557399235
+18557399237
+18557399242
+18557399244
+18557399247
+18557399248
+18557399251
+18557399252
+18557399254
+18557399255
+18557399258
+18557399260
+18557399262
+18557399263
+18557399264
+18557399266
+18557399267
+18557399268
+18557399269
+18557399272
+18557399273
+18557399276
+18557399277
+18557399278
+18557399279
+18557399282
+18557399283
+18557399285
+18557399286
+18557399287
+18557399288
+18557399296
+18557399300
+18557399303
+18557399325
+18557399327
+18557399328
+18557399329
+18557399333
+18557399334
+18557399336
+18557399338
+18557399342
+18557399345
+18557399347
+18557399348
+18557399349
+18557399355
+18557399359
+18557399364
+18557399365
+18557399366
+18557399369
+18557399373
+18557399374
+18557399378
+18557399379
+18557399380
+18557399382
+18557399383
+18557399386
+18557399387
+18557399388
+18557399393
+18557399399
+18557399400
+18557399401
+18557399404
+18557399405
+18557399407
+18557399414
+18557399421
+18557399422
+18557399424
+18557399425
+18557399426
+18557399427
+18557399429
+18557399433
+18557399434
+18557399437
+18557399440
+18557399441
+18557399443
+18557399444
+18557399447
+18557399450
+18557399452
+18557399453
+18557399454
+18557399460
+18557399462
+18557399463
+18557399464
+18557399465
+18557399467
+18557399468
+18557399470
+18557399473
+18557399474
+18557399475
+18557399480
+18557399481
+18557399483
+18557399484
+18557399486
+18557399489
+18557399495
+18557399496
+18557399499
+18557399500
+18557399502
+18557399508
+18557399515
+18557399518
+18557399520
+18557399522
+18557399523
+18557399525
+18557399526
+18557399530
+18557399531
+18557399532
+18557399533
+18557399534
+18557399537
+18557399539
+18557399542
+18557399543
+18557399544
+18557399545
+18557399546
+18557399547
+18557399548
+18557399552
+18557399556
+18557399562
+18557399564
+18557399565
+18557399568
+18557399569
+18557399582
+18557399583
+18557399584
+18557399585
+18557399587
+18557399588
+18557399600
+18557399624
+18557399625
+18557399626
+18557399628
+18557399629
+18557399633
+18557399636
+18557399642
+18557399644
+18557399645
+18557399648
+18557399649
+18557399662
+18557399663
+18557399666
+18557399668
+18557399669
+18557399672
+18557399673
+18557399675
+18557399683
+18557399687
+18557399692
+18557399697
+18557399712
+18557399716
+18557399717
+18557399718
+18557399719
+18557399720
+18557399721
+18557399722
+18557399724
+18557399725
+18557399729
+18557399733
+18557399734
+18557399736
+18557399737
+18557399739
+18557399740
+18557399745
+18557399748
+18557399749
+18557399752
+18557399754
+18557399755
+18557399758
+18557399763
+18557399767
+18557399773
+18557399776
+18557399781
+18557399782
+18557399783
+18557399785
+18557399786
+18557399787
+18557399788
+18557399795
+18557399801
+18557399807
+18557399812
+18557399822
+18557399825
+18557399833
+18557399839
+18557399843
+18557399844
+18557399846
+18557399848
+18557399849
+18557399850
+18557399851
+18557399852
+18557399853
+18557399854
+18557399855
+18557399856
+18557399857
+18557399863
+18557399864
+18557399869
+18557399872
+18557399874
+18557399878
+18557399881
+18557399886
+18557399888
+18557399892
+18557399894
+18557399900
+18557399903
+18557399925
+18557399926
+18557399929
+18557399932
+18557399938
+18557399940
+18557399941
+18557399943
+18557399944
+18557399946
+18557399948
+18557399967
+18557399968
+18557399969
+18557399974
+18557399993
+18557399994
+18557399997
+18557399998
+18557399999
+18557431119
+18557433849
+18557463373
+18557463445
+18557464507
+18557464531
+18557464532
+18557464533
+18557464535
+18557464537
+18557464544
+18557464553
+18557464555
+18557464557
+18557464563
+18557464577
+18557465547
+18557466322
+18557466326
+18557466374
+18557466378
+18557466379
+18557467223
+18557467244
+18557467255
+18557467386
+18557467425
+18557467428
+18557467437
+18557467438
+18557467446
+18557467468
+18557467478
+18557467489
+18557467548
+18557467666
+18557467669
+18557467737
+18557467739
+18557467932
+18557467999
+18557478022
+18557484814
+18557508045
+18557528468
+18557540154
+18557583647
+18557588223
+18557588225
+18557588244
+18557588255
+18557588286
+18557588323
+18557588386
+18557588425
+18557588438
+18557588468
+18557588489
+18557588666
+18557588669
+18557588729
+18557588739
+18557588999
+18557600686
+18557600759
+18557603085
+18557623562
+18557625665
+18557654842
+18557662623
+18557663869
+18557671785
+18557676061
+18557676082
+18557676239
+18557676253
+18557676283
+18557676286
+18557676309
+18557676316
+18557676338
+18557676375
+18557676382
+18557676383
+18557676404
+18557676422
+18557676428
+18557676429
+18557676442
+18557676472
+18557676481
+18557676482
+18557676483
+18557676485
+18557676486
+18557676487
+18557676488
+18557676492
+18557676496
+18557676825
+18557678953
+18557688223
+18557688244
+18557688323
+18557688386
+18557688425
+18557688437
+18557688438
+18557688446
+18557688468
+18557688489
+18557688493
+18557688666
+18557688669
+18557688739
+18557688866
+18557688924
+18557688932
+18557688999
+18557693699
+18557699669
+18557716930
+18557728465
+18557734499
+18557736486
+18557737433
+18557748283
+18557756215
+18557777286
+18557792442
+18557797979
+18557822377
+18557833741
+18557837389
+18557866923
+18557873223
+18557877929
+18557877936
+18557877938
+18557877946
+18557877948
+18557877963
+18557877987
+18557886957
+18557894748
+18557895259
+18557923182
+18557930567
+18557945411
+18557951246
+18557957395
+18557992955
+18557993178
+18557993300
+18557995463
+18558005282
+18558010053
+18558021687
+18558041880
+18558047428
+18558062508
+18558108108
+18558252668
+18558255263
+18558255739
+18558255866
+18558255966
+18558256776
+18558301264
+18558311212
+18558322437
+18558330574
+18558331055
+18558336848
+18558336937
+18558338308
+18558359861
+18558380404
+18558385613
+18558385616
+18558423546
+18558437625
+18558438255
+18558438493
+18558444765
+18558444846
+18558482646
+18558484478
+18558488929
+18558488936
+18558488948
+18558488963
+18558493628
+18558493653
+18558493672
+18558493678
+18558493699
+18558502448
+18558510318
+18558533352
+18558552428
+18558563434
+18558568636
+18558575133
+18558584628
+18558594662
+18558618697
+18558642637
+18558646565
+18558651878
+18558684475
+18558686014
+18558705562
+18558724646
+18558726729
+18558726736
+18558726739
+18558726746
+18558726748
+18558726763
+18558726765
+18558726787
+18558746136
+18558763978
+18558770538
+18558793733
+18558830423
+18558830484
+18558830487
+18558830574
+18558830649
+18558868985
+18558875391
+18558876636
+18558887739
+18558925444
+18558974739
+18559000544
+18559005044
+18559016896
+18559021121
+18559022121
+18559042062
+18559053202
+18559058080
+18559069631
+18559070303
+18559071010
+18559095050
+18559099435
+18559134040
+18559144682
+18559161090
+18559161100
+18559178328
+18559232678
+18559244765
+18559248463
+18559268968
+18559276739
+18559293655
+18559300101
+18559327287
+18559346645
+18559355598
+18559365465
+18559382262
+18559382539
+18559382540
+18559382541
+18559382542
+18559382544
+18559382545
+18559382546
+18559382547
+18559382548
+18559382549
+18559382552
+18559382554
+18559386292
+18559386833
+18559387783
+18559387877
+18559388277
+18559453576
+18559467223
+18559467255
+18559467346
+18559467348
+18559467365
+18559467386
+18559467425
+18559467437
+18559467438
+18559467468
+18559467489
+18559467666
+18559467669
+18559467739
+18559467866
+18559468277
+18559475465
+18559479831
+18559484788
+18559495465
+18559501743
+18559544885
+18559552742
+18559565465
+18559594442
+18559594446
+18559597883
+18559637792
+18559642095
+18559642237
+18559653701
+18559654991
+18559663640
+18559663647
+18559663654
+18559663660
+18559663661
+18559663665
+18559663671
+18559663689
+18559663699
+18559668665
+18559675563
+18559685575
+18559687277
+18559721210
+18559722699
+18559724661
+18559726701
+18559727944
+18559757874
+18559768655
+18559780313
+18559795925
+18559824622
+18559833289
+18559874675
+18559927846
+18559930253
+18559930584
+18559930610
+18559930813
+18559940124
+18559940224
+18559941043
+18559941311
+18559941712
+18559941762
+18559942053
+18559942094
+18559942120
+18559942136
+18559942145
+18559945698
+18559998255
+18559998336
+18563142465
+18564025450
+18564128888
+18564368494
+18564508229
+18564588808
+18564949139
+18564998316
+18565363333
+18565373142
+18565431312
+18567739263
+18568565183
+18568649790
+18572093590
+18572231666
+18572272550
+18572320022
+18572320024
+18572504130
+18572504340
+18572628241
+18572770209
+18572809627
+18573005955
+18573364939
+18573627211
+18573665546
+18573665547
+18573667520
+18573667618
+18574021377
+18574029678
+18574072352
+18574770840
+18574771435
+18574771902
+18575046935
+18575774972
+18575874895
+18582084235
+18582155961
+18582561763
+18582765584
+18582765808
+18582791988
+18582862498
+18582862841
+18582862976
+18583006900
+18583673159
+18583679985
+18584950777
+18585058117
+18585600680
+18585719999
+18586486776
+18586892856
+18587247195
+18588288638
+18589436473
+18589527543
+18592265413
+18592987134
+18593176388
+18593572798
+18594074738
+18594495138
+18594641470
+18594790916
+18594792324
+18595945346
+18598990002
+18598998888
+18599633500
+18599633939
+18602178765
+18602189812
+18602487511
+18603228035
+18603231625
+18603278461
+18603737844
+18604528949
+18604549750
+18604677991
+18605074858
+18606560155
+18607560700
+18607848491
+18607884862
+18607960440
+18608215600
+18608565330
+18609207552
+18609207561
+18609474597
+18622050843
+18622126633
+18622296652
+18622530008
+18622549261
+18623415923
+18623611145
+18623628720
+18623721944
+18624012362
+18624463851
+18628649727
+18632132636
+18632409439
+18632529264
+18632529895
+18632900791
+18632913113
+18633270476
+18633631314
+18633638702
+18633729406
+18633929243
+18634503200
+18634966260
+18636767569
+18636940835
+18638124244
+18638259263
+18638553880
+18639408412
+18639840218
+18642064430
+18642084000
+18642766600
+18642855655
+18643264049
+18643724548
+18644424444
+18644954060
+18644992606
+18645147032
+18646137044
+18646404062
+18646404642
+18646531639
+18647137106
+18647473796
+18647774412
+18649200193
+18649324444
+18652123512
+18652183901
+18652236772
+18652390619
+18652391157
+18652460478
+18652926000
+18652933333
+18652995496
+18653029364
+18653324150
+18654448209
+18654470091
+18654478871
+18655003349
+18655373634
+18656012126
+18658165555
+18658350106
+18658626202
+18658626262
+18658887969
+18659862593
+18662043941
+18662072548
+18662075358
+18662078487
+18662101010
+18662112582
+18662112883
+18662114653
+18662114673
+18662114688
+18662114843
+18662115683
+18662118336
+18662205703
+18662207732
+18662211610
+18662224336
+18662226695
+18662227548
+18662228957
+18662232777
+18662234848
+18662250244
+18662255739
+18662265600
+18662272739
+18662273225
+18662273739
+18662302213
+18662310492
+18662330538
+18662335325
+18662340916
+18662363348
+18662378739
+18662378767
+18662384767
+18662385818
+18662385821
+18662385824
+18662385827
+18662385833
+18662385837
+18662385838
+18662385844
+18662385846
+18662385847
+18662385854
+18662385856
+18662385862
+18662385866
+18662385869
+18662385870
+18662385873
+18662385874
+18662385877
+18662385878
+18662385879
+18662385880
+18662385882
+18662385883
+18662385893
+18662385899
+18662390966
+18662392527
+18662392652
+18662405433
+18662408954
+18662414537
+18662422874
+18662422878
+18662427788
+18662428002
+18662428047
+18662428238
+18662428255
+18662428269
+18662428363
+18662428365
+18662428373
+18662428386
+18662428397
+18662428440
+18662428445
+18662428478
+18662428546
+18662428548
+18662428568
+18662428669
+18662428739
+18662428793
+18662428825
+18662428872
+18662428999
+18662433222
+18662442582
+18662442625
+18662442888
+18662443454
+18662445977
+18662446458
+18662447588
+18662447825
+18662472769
+18662475463
+18662477424
+18662482429
+18662482436
+18662482446
+18662482448
+18662482463
+18662482465
+18662482832
+18662493146
+18662502775
+18662511500
+18662513742
+18662517584
+18662522458
+18662522534
+18662533103
+18662548739
+18662548990
+18662558647
+18662562622
+18662575757
+18662594900
+18662625223
+18662625244
+18662625323
+18662625386
+18662625425
+18662625437
+18662625438
+18662625446
+18662625458
+18662625468
+18662625489
+18662625537
+18662625666
+18662625669
+18662625739
+18662625848
+18662625866
+18662625872
+18662625878
+18662625924
+18662625932
+18662625999
+18662642084
+18662663243
+18662666626
+18662667378
+18662667883
+18662667976
+18662673972
+18662678438
+18662694475
+18662732047
+18662732787
+18662739769
+18662744774
+18662768738
+18662774653
+18662777399
+18662788793
+18662797825
+18662812382
+18662844125
+18662861878
+18662866663
+18662868669
+18662875342
+18662883277
+18662888225
+18662890801
+18662948800
+18662966293
+18662972270
+18662976666
+18662989800
+18662998487
+18663039945
+18663046635
+18663046700
+18663071390
+18663074328
+18663144273
+18663172043
+18663173432
+18663210064
+18663218064
+18663228688
+18663231068
+18663232593
+18663233290
+18663233309
+18663247437
+18663264854
+18663268273
+18663268274
+18663268279
+18663273326
+18663278074
+18663278458
+18663280321
+18663283338
+18663283425
+18663283546
+18663284475
+18663285239
+18663285347
+18663285477
+18663307699
+18663325293
+18663334475
+18663335347
+18663342477
+18663377274
+18663384736
+18663384746
+18663384748
+18663424378
+18663424449
+18663424503
+18663424523
+18663425223
+18663425244
+18663425255
+18663425323
+18663425386
+18663425425
+18663425437
+18663425438
+18663425446
+18663425489
+18663425666
+18663425669
+18663425739
+18663425866
+18663425924
+18663425932
+18663425999
+18663446772
+18663453223
+18663453255
+18663453386
+18663453425
+18663453437
+18663453446
+18663453489
+18663453666
+18663453669
+18663453739
+18663453866
+18663453924
+18663453932
+18663453999
+18663456969
+18663463333
+18663465686
+18663477529
+18663518665
+18663519586
+18663526890
+18663547812
+18663547824
+18663547825
+18663547833
+18663547837
+18663547846
+18663547860
+18663547871
+18663547873
+18663551664
+18663571110
+18663575555
+18663577776
+18663585811
+18663588973
+18663647757
+18663666245
+18663666248
+18663666253
+18663666281
+18663666329
+18663666336
+18663666346
+18663666348
+18663666363
+18663666365
+18663666387
+18663667954
+18663675333
+18663675543
+18663676846
+18663677253
+18663687505
+18663710543
+18663715643
+18663716543
+18663728328
+18663733286
+18663733739
+18663737416
+18663742876
+18663762877
+18663763474
+18663768378
+18663768422
+18663768427
+18663768429
+18663768436
+18663768446
+18663768448
+18663769711
+18663782837
+18663785776
+18663786776
+18663790223
+18663825223
+18663825225
+18663825244
+18663825255
+18663825323
+18663825377
+18663825386
+18663825425
+18663825429
+18663825438
+18663825446
+18663825464
+18663825468
+18663825484
+18663825489
+18663825636
+18663825666
+18663825669
+18663825692
+18663825739
+18663825746
+18663825866
+18663825872
+18663825924
+18663825932
+18663825999
+18663831013
+18663847052
+18663850308
+18663861737
+18663861878
+18663863136
+18663863139
+18663864392
+18663865525
+18663865562
+18663865729
+18663865770
+18663865812
+18663880256
+18663880663
+18663881741
+18663881993
+18663882483
+18663913835
+18663965463
+18663983135
+18663983202
+18663983312
+18663983887
+18663984422
+18663990778
+18663997078
+18664020400
+18664021212
+18664049900
+18664071608
+18664076842
+18664139000
+18664149185
+18664150248
+18664222378
+18664231271
+18664242697
+18664260114
+18664264226
+18664273739
+18664273848
+18664273872
+18664275628
+18664278944
+18664291234
+18664292428
+18664292662
+18664293283
+18664293284
+18664293661
+18664293733
+18664293825
+18664295441
+18664295459
+18664295463
+18664295465
+18664295483
+18664296253
+18664297399
+18664297666
+18664298487
+18664300168
+18664337088
+18664354399
+18664372944
+18664379763
+18664383478
+18664385239
+18664385243
+18664385898
+18664399896
+18664406391
+18664410818
+18664410902
+18664411328
+18664417170
+18664440000
+18664442424
+18664442428
+18664448616
+18664472432
+18664475739
+18664484765
+18664488935
+18664499395
+18664598333
+18664612286
+18664616373
+18664630091
+18664632399
+18664646968
+18664646969
+18664665877
+18664666253
+18664671095
+18664674907
+18664676911
+18664676921
+18664676924
+18664676926
+18664676939
+18664676940
+18664676943
+18664676944
+18664676948
+18664676950
+18664676954
+18664676956
+18664676962
+18664676965
+18664676966
+18664676967
+18664676969
+18664676973
+18664676987
+18664676991
+18664682229
+18664682428
+18664682432
+18664682663
+18664682668
+18664683283
+18664683338
+18664683425
+18664683825
+18664684475
+18664684653
+18664684669
+18664684673
+18664684676
+18664684747
+18664684897
+18664685239
+18664685347
+18664685397
+18664685437
+18664685463
+18664685465
+18664685477
+18664685683
+18664686253
+18664686283
+18664686505
+18664686833
+18664687394
+18664687397
+18664687398
+18664687399
+18664687666
+18664687676
+18664687883
+18664688223
+18664688244
+18664688255
+18664688286
+18664688305
+18664688323
+18664688325
+18664688326
+18664688327
+18664688328
+18664688333
+18664688336
+18664688337
+18664688342
+18664688346
+18664688348
+18664688353
+18664688380
+18664688382
+18664688386
+18664688399
+18664688425
+18664688437
+18664688438
+18664688468
+18664688487
+18664688489
+18664688666
+18664688669
+18664688739
+18664688866
+18664688932
+18664688999
+18664689433
+18664699043
+18664723338
+18664727835
+18664730100
+18664737518
+18664739244
+18664744096
+18664748439
+18664774761
+18664781510
+18664782918
+18664783077
+18664797263
+18664832325
+18664835872
+18664843292
+18664848394
+18664854621
+18664869888
+18664876228
+18664878537
+18664880809
+18664884229
+18664933910
+18664937699
+18664967997
+18665042107
+18665074255
+18665076082
+18665078283
+18665079588
+18665093425
+18665143247
+18665162245
+18665171439
+18665185239
+18665203696
+18665223756
+18665223767
+18665225633
+18665245798
+18665249167
+18665249958
+18665256366
+18665262746
+18665268294
+18665273899
+18665283202
+18665288555
+18665294482
+18665344688
+18665367691
+18665372426
+18665375633
+18665387739
+18665393223
+18665393244
+18665393323
+18665393425
+18665393437
+18665393438
+18665393468
+18665393489
+18665393669
+18665393866
+18665393932
+18665393999
+18665406276
+18665406662
+18665423299
+18665427423
+18665447111
+18665465282
+18665465922
+18665477437
+18665483546
+18665483739
+18665501024
+18665501681
+18665503056
+18665503173
+18665527942
+18665536380
+18665540294
+18665548774
+18665562534
+18665580493
+18665589388
+18665616512
+18665616725
+18665620424
+18665625345
+18665630567
+18665633786
+18665642677
+18665657529
+18665683739
+18665726725
+18665731623
+18665748593
+18665759272
+18665765825
+18665777764
+18665788103
+18665788845
+18665805225
+18665813867
+18665827499
+18665838528
+18665841372
+18665878739
+18665882764
+18665884229
+18665884688
+18665888461
+18665888462
+18665888463
+18665922753
+18665938306
+18665973075
+18665983575
+18665988336
+18665994062
+18666004553
+18666049749
+18666053016
+18666063365
+18666130041
+18666156169
+18666156319
+18666227806
+18666238741
+18666253322
+18666253327
+18666253331
+18666253336
+18666253342
+18666253344
+18666253348
+18666253362
+18666253363
+18666253373
+18666253383
+18666278425
+18666279569
+18666279823
+18666284489
+18666285995
+18666302892
+18666316819
+18666335609
+18666342628
+18666347829
+18666361359
+18666362636
+18666364636
+18666365463
+18666367399
+18666367666
+18666383549
+18666384684
+18666410085
+18666432029
+18666453223
+18666453255
+18666453323
+18666453386
+18666453437
+18666453438
+18666453468
+18666453489
+18666453666
+18666453669
+18666453739
+18666453825
+18666453866
+18666453932
+18666453999
+18666459739
+18666462696
+18666463271
+18666477537
+18666494852
+18666596742
+18666611831
+18666620133
+18666624536
+18666644262
+18666659739
+18666661134
+18666661303
+18666661309
+18666661324
+18666662428
+18666663825
+18666664475
+18666665425
+18666665968
+18666668787
+18666686729
+18666686824
+18666712742
+18666736534
+18666736537
+18666748069
+18666749223
+18666749244
+18666749255
+18666749386
+18666749425
+18666749426
+18666749437
+18666749438
+18666749446
+18666749489
+18666749666
+18666749669
+18666749739
+18666749866
+18666749924
+18666749999
+18666750781
+18666762354
+18666770538
+18666770545
+18666783674
+18666802581
+18666810451
+18666811078
+18666811104
+18666811124
+18666812662
+18666813903
+18666827437
+18666833429
+18666833447
+18666833523
+18666833636
+18666833739
+18666836000
+18666843154
+18666850908
+18666872878
+18666884448
+18666890209
+18666897706
+18666902866
+18666903001
+18666929937
+18666935500
+18666940224
+18666952105
+18666967429
+18666967436
+18666967446
+18666967448
+18666967463
+18666967465
+18666967487
+18666969997
+18666997969
+18667007399
+18667037961
+18667041375
+18667083048
+18667102625
+18667184930
+18667238628
+18667249222
+18667256254
+18667263739
+18667267456
+18667274757
+18667284929
+18667292773
+18667298720
+18667325739
+18667328748
+18667334626
+18667364100
+18667364200
+18667364500
+18667364737
+18667364739
+18667364782
+18667382965
+18667384448
+18667390000
+18667390008
+18667390017
+18667390024
+18667390025
+18667390026
+18667390032
+18667390034
+18667390054
+18667390055
+18667390056
+18667390057
+18667390058
+18667390060
+18667390062
+18667390068
+18667390084
+18667390090
+18667390092
+18667390093
+18667390100
+18667390104
+18667390120
+18667390121
+18667390125
+18667390127
+18667390138
+18667390139
+18667390140
+18667390141
+18667390142
+18667390143
+18667390144
+18667390145
+18667390146
+18667390147
+18667390148
+18667390150
+18667390151
+18667390152
+18667390153
+18667390154
+18667390164
+18667390198
+18667390200
+18667390207
+18667390212
+18667390222
+18667390223
+18667390224
+18667390226
+18667390227
+18667390228
+18667390230
+18667390231
+18667390232
+18667390233
+18667390234
+18667390235
+18667390240
+18667390241
+18667390242
+18667390245
+18667390246
+18667390247
+18667390248
+18667390249
+18667390252
+18667390259
+18667390260
+18667390261
+18667390263
+18667390264
+18667390265
+18667390266
+18667390267
+18667390311
+18667390313
+18667390317
+18667390322
+18667390325
+18667390327
+18667390328
+18667390330
+18667390332
+18667390333
+18667390334
+18667390335
+18667390336
+18667390342
+18667390357
+18667390359
+18667390361
+18667390363
+18667390364
+18667390365
+18667390366
+18667390367
+18667390369
+18667390371
+18667390374
+18667390375
+18667390380
+18667390382
+18667390393
+18667390394
+18667390396
+18667390400
+18667390407
+18667390409
+18667390410
+18667390411
+18667390412
+18667390413
+18667390439
+18667390442
+18667390450
+18667390457
+18667390476
+18667390483
+18667390493
+18667390500
+18667390501
+18667390504
+18667390510
+18667390512
+18667390524
+18667390546
+18667390554
+18667390556
+18667390568
+18667390571
+18667390576
+18667390578
+18667390585
+18667390596
+18667390600
+18667390613
+18667390622
+18667390624
+18667390626
+18667390630
+18667390633
+18667390646
+18667390668
+18667390684
+18667390687
+18667390697
+18667390700
+18667390704
+18667390716
+18667390718
+18667390719
+18667390721
+18667390722
+18667390725
+18667390726
+18667390727
+18667390730
+18667390737
+18667390738
+18667390742
+18667390743
+18667390745
+18667390747
+18667390748
+18667390750
+18667390751
+18667390752
+18667390753
+18667390754
+18667390755
+18667390756
+18667390757
+18667390759
+18667390761
+18667390763
+18667390764
+18667390768
+18667390769
+18667390770
+18667390772
+18667390773
+18667390774
+18667390779
+18667390781
+18667390782
+18667390801
+18667390802
+18667390803
+18667390804
+18667390805
+18667390806
+18667390807
+18667390808
+18667390809
+18667390810
+18667390819
+18667390831
+18667390833
+18667390834
+18667390836
+18667390840
+18667390843
+18667390845
+18667390849
+18667390856
+18667390858
+18667390860
+18667390868
+18667390872
+18667390877
+18667390880
+18667390883
+18667390884
+18667390887
+18667390896
+18667390899
+18667390900
+18667390902
+18667390903
+18667390904
+18667390905
+18667390906
+18667390909
+18667390913
+18667390920
+18667390934
+18667390939
+18667390942
+18667390952
+18667390954
+18667390960
+18667390966
+18667390971
+18667390972
+18667390985
+18667390995
+18667391000
+18667391001
+18667391004
+18667391005
+18667391009
+18667391012
+18667391017
+18667391019
+18667391022
+18667391031
+18667391032
+18667391034
+18667391037
+18667391041
+18667391045
+18667391052
+18667391054
+18667391057
+18667391065
+18667391073
+18667391078
+18667391081
+18667391082
+18667391089
+18667391092
+18667391100
+18667391102
+18667391109
+18667391110
+18667391111
+18667391116
+18667391122
+18667391134
+18667391139
+18667391143
+18667391146
+18667391147
+18667391148
+18667391149
+18667391151
+18667391152
+18667391155
+18667391156
+18667391157
+18667391158
+18667391162
+18667391165
+18667391166
+18667391182
+18667391195
+18667391196
+18667391199
+18667391200
+18667391202
+18667391206
+18667391208
+18667391209
+18667391212
+18667391221
+18667391225
+18667391230
+18667391232
+18667391234
+18667391238
+18667391242
+18667391243
+18667391247
+18667391266
+18667391267
+18667391271
+18667391275
+18667391276
+18667391277
+18667391278
+18667391292
+18667391293
+18667391300
+18667391314
+18667391315
+18667391316
+18667391317
+18667391318
+18667391323
+18667391326
+18667391327
+18667391330
+18667391332
+18667391333
+18667391336
+18667391339
+18667391340
+18667391348
+18667391353
+18667391356
+18667391358
+18667391359
+18667391361
+18667391365
+18667391366
+18667391367
+18667391368
+18667391369
+18667391371
+18667391372
+18667391374
+18667391376
+18667391377
+18667391378
+18667391379
+18667391380
+18667391381
+18667391382
+18667391384
+18667391386
+18667391387
+18667391389
+18667391399
+18667391400
+18667391402
+18667391404
+18667391405
+18667391406
+18667391408
+18667391412
+18667391414
+18667391428
+18667391444
+18667391447
+18667391448
+18667391467
+18667391470
+18667391477
+18667391485
+18667391486
+18667391490
+18667391495
+18667391496
+18667391505
+18667391507
+18667391510
+18667391511
+18667391512
+18667391513
+18667391515
+18667391516
+18667391517
+18667391518
+18667391519
+18667391523
+18667391529
+18667391540
+18667391541
+18667391545
+18667391548
+18667391549
+18667391550
+18667391551
+18667391553
+18667391559
+18667391573
+18667391600
+18667391601
+18667391603
+18667391604
+18667391606
+18667391607
+18667391610
+18667391616
+18667391618
+18667391665
+18667391677
+18667391691
+18667391700
+18667391703
+18667391717
+18667391723
+18667391727
+18667391733
+18667391750
+18667391768
+18667391776
+18667391777
+18667391800
+18667391802
+18667391817
+18667391824
+18667391826
+18667391827
+18667391832
+18667391836
+18667391838
+18667391839
+18667391846
+18667391855
+18667391870
+18667391871
+18667391883
+18667391884
+18667391885
+18667391886
+18667391887
+18667391888
+18667391889
+18667391890
+18667391892
+18667391900
+18667391903
+18667391907
+18667391911
+18667391919
+18667391924
+18667391931
+18667391932
+18667391934
+18667391935
+18667391936
+18667391937
+18667391950
+18667391953
+18667391967
+18667391969
+18667391980
+18667391990
+18667391991
+18667391994
+18667391999
+18667392002
+18667392006
+18667392007
+18667392008
+18667392009
+18667392012
+18667392014
+18667392017
+18667392018
+18667392019
+18667392020
+18667392023
+18667392028
+18667392033
+18667392034
+18667392046
+18667392056
+18667392063
+18667392064
+18667392081
+18667392091
+18667392092
+18667392093
+18667392095
+18667392097
+18667392100
+18667392101
+18667392102
+18667392103
+18667392104
+18667392106
+18667392107
+18667392110
+18667392112
+18667392116
+18667392126
+18667392133
+18667392135
+18667392137
+18667392138
+18667392142
+18667392145
+18667392148
+18667392150
+18667392153
+18667392167
+18667392182
+18667392184
+18667392185
+18667392207
+18667392208
+18667392209
+18667392210
+18667392215
+18667392221
+18667392223
+18667392225
+18667392226
+18667392229
+18667392230
+18667392231
+18667392232
+18667392233
+18667392236
+18667392238
+18667392243
+18667392246
+18667392252
+18667392253
+18667392255
+18667392261
+18667392263
+18667392264
+18667392265
+18667392266
+18667392272
+18667392273
+18667392274
+18667392277
+18667392278
+18667392280
+18667392284
+18667392286
+18667392287
+18667392292
+18667392294
+18667392296
+18667392297
+18667392299
+18667392306
+18667392307
+18667392308
+18667392309
+18667392318
+18667392322
+18667392324
+18667392325
+18667392326
+18667392327
+18667392328
+18667392329
+18667392332
+18667392333
+18667392334
+18667392337
+18667392338
+18667392340
+18667392341
+18667392344
+18667392346
+18667392347
+18667392348
+18667392349
+18667392351
+18667392352
+18667392353
+18667392354
+18667392356
+18667392358
+18667392359
+18667392360
+18667392361
+18667392363
+18667392365
+18667392366
+18667392368
+18667392369
+18667392370
+18667392374
+18667392376
+18667392378
+18667392380
+18667392381
+18667392382
+18667392384
+18667392385
+18667392387
+18667392388
+18667392392
+18667392393
+18667392396
+18667392398
+18667392409
+18667392418
+18667392420
+18667392422
+18667392424
+18667392425
+18667392426
+18667392427
+18667392428
+18667392429
+18667392431
+18667392432
+18667392434
+18667392435
+18667392437
+18667392438
+18667392439
+18667392441
+18667392442
+18667392443
+18667392444
+18667392446
+18667392447
+18667392449
+18667392454
+18667392455
+18667392456
+18667392458
+18667392463
+18667392464
+18667392466
+18667392471
+18667392472
+18667392474
+18667392475
+18667392476
+18667392478
+18667392481
+18667392482
+18667392485
+18667392489
+18667392495
+18667392500
+18667392506
+18667392513
+18667392520
+18667392524
+18667392525
+18667392526
+18667392527
+18667392528
+18667392529
+18667392534
+18667392536
+18667392537
+18667392538
+18667392539
+18667392548
+18667392552
+18667392553
+18667392555
+18667392556
+18667392557
+18667392558
+18667392559
+18667392562
+18667392564
+18667392566
+18667392569
+18667392571
+18667392574
+18667392576
+18667392577
+18667392579
+18667392583
+18667392584
+18667392587
+18667392588
+18667392592
+18667392595
+18667392596
+18667392602
+18667392622
+18667392623
+18667392624
+18667392625
+18667392626
+18667392627
+18667392628
+18667392630
+18667392632
+18667392636
+18667392637
+18667392639
+18667392642
+18667392643
+18667392646
+18667392647
+18667392649
+18667392650
+18667392652
+18667392654
+18667392655
+18667392661
+18667392662
+18667392663
+18667392666
+18667392667
+18667392668
+18667392673
+18667392674
+18667392676
+18667392677
+18667392682
+18667392683
+18667392686
+18667392687
+18667392688
+18667392694
+18667392697
+18667392699
+18667392700
+18667392701
+18667392702
+18667392712
+18667392723
+18667392725
+18667392728
+18667392729
+18667392737
+18667392739
+18667392740
+18667392742
+18667392744
+18667392746
+18667392748
+18667392749
+18667392760
+18667392766
+18667392771
+18667392772
+18667392773
+18667392774
+18667392777
+18667392784
+18667392787
+18667392792
+18667392798
+18667392800
+18667392815
+18667392816
+18667392825
+18667392828
+18667392833
+18667392834
+18667392837
+18667392841
+18667392848
+18667392854
+18667392866
+18667392867
+18667392868
+18667392873
+18667392874
+18667392877
+18667392878
+18667392881
+18667392882
+18667392883
+18667392884
+18667392886
+18667392888
+18667392889
+18667392891
+18667392892
+18667392893
+18667392896
+18667392897
+18667392898
+18667392899
+18667392900
+18667392901
+18667392905
+18667392910
+18667392911
+18667392915
+18667392920
+18667392922
+18667392925
+18667392929
+18667392936
+18667392938
+18667392942
+18667392946
+18667392949
+18667392950
+18667392952
+18667392955
+18667392962
+18667392964
+18667392966
+18667392968
+18667392989
+18667392999
+18667393016
+18667393017
+18667393025
+18667393027
+18667393028
+18667393029
+18667393031
+18667393032
+18667393033
+18667393034
+18667393038
+18667393039
+18667393040
+18667393044
+18667393045
+18667393046
+18667393047
+18667393048
+18667393053
+18667393055
+18667393061
+18667393065
+18667393066
+18667393067
+18667393071
+18667393073
+18667393077
+18667393092
+18667393093
+18667393095
+18667393096
+18667393097
+18667393098
+18667393101
+18667393102
+18667393103
+18667393104
+18667393117
+18667393124
+18667393128
+18667393130
+18667393131
+18667393136
+18667393140
+18667393150
+18667393152
+18667393153
+18667393182
+18667393194
+18667393217
+18667393223
+18667393224
+18667393228
+18667393232
+18667393233
+18667393237
+18667393238
+18667393239
+18667393240
+18667393241
+18667393245
+18667393247
+18667393253
+18667393255
+18667393259
+18667393262
+18667393263
+18667393264
+18667393265
+18667393266
+18667393268
+18667393272
+18667393274
+18667393275
+18667393276
+18667393278
+18667393279
+18667393280
+18667393281
+18667393282
+18667393283
+18667393284
+18667393285
+18667393286
+18667393289
+18667393322
+18667393324
+18667393325
+18667393327
+18667393328
+18667393329
+18667393335
+18667393337
+18667393338
+18667393340
+18667393341
+18667393342
+18667393343
+18667393344
+18667393345
+18667393346
+18667393347
+18667393350
+18667393355
+18667393358
+18667393361
+18667393362
+18667393366
+18667393367
+18667393373
+18667393374
+18667393376
+18667393377
+18667393378
+18667393381
+18667393382
+18667393384
+18667393386
+18667393389
+18667393390
+18667393393
+18667393394
+18667393395
+18667393396
+18667393398
+18667393399
+18667393401
+18667393418
+18667393419
+18667393420
+18667393421
+18667393422
+18667393423
+18667393425
+18667393426
+18667393427
+18667393428
+18667393429
+18667393433
+18667393434
+18667393436
+18667393437
+18667393439
+18667393440
+18667393444
+18667393446
+18667393448
+18667393450
+18667393451
+18667393453
+18667393455
+18667393456
+18667393459
+18667393460
+18667393464
+18667393466
+18667393467
+18667393471
+18667393474
+18667393476
+18667393477
+18667393478
+18667393479
+18667393481
+18667393482
+18667393484
+18667393485
+18667393488
+18667393493
+18667393498
+18667393500
+18667393502
+18667393518
+18667393523
+18667393524
+18667393526
+18667393527
+18667393532
+18667393533
+18667393537
+18667393539
+18667393541
+18667393542
+18667393543
+18667393544
+18667393546
+18667393547
+18667393548
+18667393549
+18667393556
+18667393559
+18667393564
+18667393565
+18667393567
+18667393569
+18667393575
+18667393582
+18667393585
+18667393598
+18667393600
+18667393604
+18667393608
+18667393624
+18667393625
+18667393626
+18667393627
+18667393628
+18667393636
+18667393642
+18667393643
+18667393645
+18667393647
+18667393649
+18667393655
+18667393656
+18667393662
+18667393663
+18667393664
+18667393665
+18667393666
+18667393668
+18667393671
+18667393674
+18667393677
+18667393678
+18667393679
+18667393682
+18667393689
+18667393693
+18667393696
+18667393697
+18667393699
+18667393709
+18667393710
+18667393718
+18667393724
+18667393726
+18667393727
+18667393728
+18667393730
+18667393731
+18667393735
+18667393736
+18667393737
+18667393738
+18667393739
+18667393740
+18667393742
+18667393743
+18667393744
+18667393745
+18667393747
+18667393748
+18667393749
+18667393752
+18667393757
+18667393759
+18667393761
+18667393762
+18667393765
+18667393766
+18667393768
+18667393769
+18667393772
+18667393774
+18667393775
+18667393776
+18667393778
+18667393780
+18667393781
+18667393782
+18667393783
+18667393785
+18667393786
+18667393789
+18667393790
+18667393792
+18667393793
+18667393794
+18667393796
+18667393798
+18667393799
+18667393801
+18667393802
+18667393803
+18667393804
+18667393805
+18667393806
+18667393807
+18667393808
+18667393809
+18667393810
+18667393820
+18667393821
+18667393822
+18667393825
+18667393826
+18667393827
+18667393828
+18667393829
+18667393833
+18667393834
+18667393835
+18667393836
+18667393838
+18667393840
+18667393841
+18667393843
+18667393847
+18667393855
+18667393856
+18667393857
+18667393858
+18667393859
+18667393861
+18667393862
+18667393864
+18667393865
+18667393866
+18667393867
+18667393869
+18667393871
+18667393877
+18667393882
+18667393884
+18667393886
+18667393887
+18667393888
+18667393889
+18667393890
+18667393891
+18667393892
+18667393894
+18667393895
+18667393896
+18667393897
+18667393900
+18667393923
+18667393924
+18667393926
+18667393927
+18667393928
+18667393931
+18667393938
+18667393941
+18667393951
+18667393952
+18667393961
+18667393963
+18667393964
+18667393967
+18667393968
+18667393969
+18667393970
+18667393973
+18667393974
+18667393975
+18667393977
+18667393982
+18667393983
+18667393987
+18667393988
+18667393995
+18667393998
+18667394003
+18667394004
+18667394005
+18667394006
+18667394008
+18667394009
+18667394017
+18667394022
+18667394028
+18667394029
+18667394037
+18667394042
+18667394048
+18667394049
+18667394050
+18667394055
+18667394060
+18667394067
+18667394072
+18667394076
+18667394077
+18667394078
+18667394079
+18667394082
+18667394083
+18667394084
+18667394085
+18667394088
+18667394089
+18667394095
+18667394097
+18667394100
+18667394103
+18667394111
+18667394119
+18667394120
+18667394121
+18667394125
+18667394151
+18667394158
+18667394177
+18667394192
+18667394194
+18667394195
+18667394196
+18667394198
+18667394199
+18667394200
+18667394201
+18667394203
+18667394204
+18667394205
+18667394206
+18667394207
+18667394208
+18667394209
+18667394215
+18667394218
+18667394221
+18667394223
+18667394225
+18667394228
+18667394229
+18667394233
+18667394234
+18667394240
+18667394247
+18667394248
+18667394249
+18667394250
+18667394253
+18667394255
+18667394256
+18667394257
+18667394259
+18667394260
+18667394262
+18667394263
+18667394264
+18667394266
+18667394267
+18667394268
+18667394273
+18667394275
+18667394276
+18667394277
+18667394283
+18667394292
+18667394294
+18667394295
+18667394296
+18667394297
+18667394298
+18667394299
+18667394300
+18667394305
+18667394318
+18667394320
+18667394321
+18667394322
+18667394324
+18667394325
+18667394327
+18667394328
+18667394329
+18667394330
+18667394332
+18667394335
+18667394338
+18667394340
+18667394343
+18667394347
+18667394348
+18667394349
+18667394355
+18667394358
+18667394361
+18667394363
+18667394364
+18667394365
+18667394366
+18667394368
+18667394369
+18667394370
+18667394373
+18667394376
+18667394378
+18667394382
+18667394383
+18667394385
+18667394386
+18667394388
+18667394393
+18667394395
+18667394400
+18667394407
+18667394411
+18667394412
+18667394425
+18667394436
+18667394437
+18667394438
+18667394439
+18667394440
+18667394442
+18667394443
+18667394445
+18667394446
+18667394447
+18667394450
+18667394451
+18667394453
+18667394454
+18667394457
+18667394458
+18667394459
+18667394460
+18667394462
+18667394464
+18667394465
+18667394466
+18667394468
+18667394470
+18667394472
+18667394475
+18667394477
+18667394480
+18667394481
+18667394500
+18667394503
+18667394508
+18667394510
+18667394513
+18667394515
+18667394523
+18667394524
+18667394527
+18667394530
+18667394537
+18667394552
+18667394557
+18667394562
+18667394572
+18667394575
+18667394576
+18667394578
+18667394584
+18667394588
+18667394591
+18667394597
+18667394599
+18667394602
+18667394616
+18667394618
+18667394619
+18667394620
+18667394621
+18667394624
+18667394625
+18667394626
+18667394627
+18667394628
+18667394629
+18667394630
+18667394631
+18667394633
+18667394634
+18667394635
+18667394637
+18667394638
+18667394639
+18667394641
+18667394644
+18667394645
+18667394646
+18667394647
+18667394648
+18667394649
+18667394653
+18667394654
+18667394655
+18667394658
+18667394661
+18667394665
+18667394666
+18667394672
+18667394673
+18667394675
+18667394676
+18667394677
+18667394678
+18667394681
+18667394682
+18667394683
+18667394684
+18667394685
+18667394686
+18667394687
+18667394688
+18667394689
+18667394693
+18667394695
+18667394702
+18667394711
+18667394713
+18667394724
+18667394725
+18667394726
+18667394727
+18667394728
+18667394729
+18667394730
+18667394731
+18667394732
+18667394734
+18667394736
+18667394738
+18667394739
+18667394742
+18667394747
+18667394748
+18667394749
+18667394766
+18667394767
+18667394776
+18667394777
+18667394800
+18667394801
+18667394823
+18667394824
+18667394825
+18667394827
+18667394828
+18667394837
+18667394839
+18667394843
+18667394848
+18667394850
+18667394854
+18667394855
+18667394863
+18667394865
+18667394866
+18667394867
+18667394868
+18667394872
+18667394873
+18667394878
+18667394891
+18667394892
+18667394896
+18667394897
+18667394899
+18667394900
+18667394908
+18667394912
+18667394913
+18667394914
+18667394917
+18667394925
+18667394927
+18667394932
+18667394933
+18667394938
+18667394942
+18667394944
+18667394946
+18667394947
+18667394949
+18667394961
+18667394966
+18667394968
+18667394975
+18667394977
+18667394981
+18667394983
+18667394986
+18667394994
+18667395004
+18667395005
+18667395009
+18667395011
+18667395018
+18667395022
+18667395025
+18667395027
+18667395030
+18667395031
+18667395032
+18667395035
+18667395039
+18667395040
+18667395042
+18667395043
+18667395044
+18667395050
+18667395053
+18667395054
+18667395056
+18667395059
+18667395069
+18667395074
+18667395075
+18667395076
+18667395077
+18667395078
+18667395079
+18667395080
+18667395081
+18667395082
+18667395083
+18667395084
+18667395085
+18667395086
+18667395087
+18667395088
+18667395089
+18667395090
+18667395091
+18667395093
+18667395094
+18667395095
+18667395096
+18667395097
+18667395100
+18667395103
+18667395108
+18667395110
+18667395111
+18667395112
+18667395115
+18667395117
+18667395119
+18667395122
+18667395123
+18667395137
+18667395138
+18667395142
+18667395143
+18667395144
+18667395145
+18667395148
+18667395149
+18667395150
+18667395152
+18667395153
+18667395154
+18667395155
+18667395156
+18667395158
+18667395159
+18667395160
+18667395162
+18667395163
+18667395164
+18667395165
+18667395166
+18667395167
+18667395168
+18667395169
+18667395170
+18667395183
+18667395188
+18667395190
+18667395191
+18667395192
+18667395193
+18667395194
+18667395198
+18667395200
+18667395208
+18667395214
+18667395222
+18667395223
+18667395225
+18667395226
+18667395234
+18667395235
+18667395239
+18667395243
+18667395245
+18667395253
+18667395255
+18667395260
+18667395262
+18667395267
+18667395269
+18667395272
+18667395273
+18667395274
+18667395275
+18667395276
+18667395277
+18667395278
+18667395282
+18667395283
+18667395287
+18667395290
+18667395291
+18667395292
+18667395293
+18667395294
+18667395299
+18667395323
+18667395325
+18667395327
+18667395328
+18667395330
+18667395331
+18667395335
+18667395342
+18667395345
+18667395347
+18667395348
+18667395350
+18667395353
+18667395357
+18667395359
+18667395360
+18667395364
+18667395366
+18667395370
+18667395372
+18667395376
+18667395382
+18667395387
+18667395388
+18667395389
+18667395390
+18667395391
+18667395393
+18667395397
+18667395398
+18667395399
+18667395400
+18667395401
+18667395403
+18667395405
+18667395406
+18667395407
+18667395410
+18667395411
+18667395412
+18667395414
+18667395417
+18667395420
+18667395421
+18667395422
+18667395424
+18667395425
+18667395427
+18667395428
+18667395429
+18667395432
+18667395433
+18667395438
+18667395439
+18667395440
+18667395444
+18667395445
+18667395447
+18667395454
+18667395455
+18667395462
+18667395463
+18667395464
+18667395465
+18667395466
+18667395467
+18667395476
+18667395477
+18667395478
+18667395479
+18667395483
+18667395484
+18667395487
+18667395488
+18667395491
+18667395494
+18667395495
+18667395496
+18667395499
+18667395504
+18667395516
+18667395517
+18667395518
+18667395525
+18667395526
+18667395527
+18667395528
+18667395532
+18667395539
+18667395540
+18667395541
+18667395543
+18667395545
+18667395546
+18667395547
+18667395549
+18667395553
+18667395557
+18667395559
+18667395560
+18667395567
+18667395577
+18667395579
+18667395582
+18667395599
+18667395601
+18667395611
+18667395617
+18667395619
+18667395621
+18667395622
+18667395623
+18667395625
+18667395626
+18667395627
+18667395641
+18667395643
+18667395644
+18667395646
+18667395648
+18667395652
+18667395653
+18667395654
+18667395656
+18667395657
+18667395663
+18667395665
+18667395667
+18667395669
+18667395674
+18667395676
+18667395678
+18667395682
+18667395683
+18667395693
+18667395697
+18667395718
+18667395722
+18667395726
+18667395736
+18667395741
+18667395744
+18667395746
+18667395751
+18667395755
+18667395756
+18667395757
+18667395759
+18667395763
+18667395764
+18667395769
+18667395771
+18667395777
+18667395780
+18667395783
+18667395784
+18667395787
+18667395792
+18667395796
+18667395799
+18667395800
+18667395804
+18667395806
+18667395807
+18667395812
+18667395814
+18667395815
+18667395816
+18667395820
+18667395822
+18667395823
+18667395825
+18667395827
+18667395829
+18667395835
+18667395836
+18667395837
+18667395838
+18667395839
+18667395840
+18667395842
+18667395846
+18667395847
+18667395848
+18667395849
+18667395854
+18667395860
+18667395865
+18667395868
+18667395873
+18667395875
+18667395877
+18667395878
+18667395880
+18667395884
+18667395885
+18667395887
+18667395888
+18667395889
+18667395890
+18667395892
+18667395893
+18667395894
+18667395895
+18667395896
+18667395897
+18667395898
+18667395899
+18667395901
+18667395902
+18667395904
+18667395920
+18667395922
+18667395925
+18667395930
+18667395932
+18667395939
+18667395940
+18667395941
+18667395945
+18667395948
+18667395952
+18667395954
+18667395960
+18667395963
+18667395965
+18667395966
+18667395967
+18667395980
+18667395982
+18667395985
+18667395986
+18667395987
+18667395988
+18667395990
+18667395991
+18667395992
+18667395993
+18667396003
+18667396007
+18667396009
+18667396010
+18667396020
+18667396021
+18667396024
+18667396025
+18667396028
+18667396029
+18667396038
+18667396046
+18667396048
+18667396062
+18667396063
+18667396069
+18667396070
+18667396071
+18667396072
+18667396073
+18667396074
+18667396075
+18667396076
+18667396077
+18667396078
+18667396079
+18667396086
+18667396088
+18667396110
+18667396116
+18667396120
+18667396124
+18667396129
+18667396131
+18667396133
+18667396134
+18667396135
+18667396136
+18667396137
+18667396138
+18667396139
+18667396140
+18667396141
+18667396142
+18667396159
+18667396160
+18667396162
+18667396163
+18667396183
+18667396193
+18667396196
+18667396200
+18667396203
+18667396210
+18667396211
+18667396212
+18667396214
+18667396216
+18667396219
+18667396220
+18667396221
+18667396222
+18667396224
+18667396226
+18667396227
+18667396229
+18667396232
+18667396237
+18667396239
+18667396242
+18667396243
+18667396244
+18667396247
+18667396248
+18667396252
+18667396253
+18667396255
+18667396258
+18667396259
+18667396261
+18667396262
+18667396263
+18667396264
+18667396265
+18667396266
+18667396267
+18667396268
+18667396275
+18667396277
+18667396282
+18667396284
+18667396288
+18667396291
+18667396292
+18667396327
+18667396328
+18667396331
+18667396332
+18667396333
+18667396334
+18667396336
+18667396337
+18667396338
+18667396341
+18667396342
+18667396353
+18667396359
+18667396362
+18667396367
+18667396369
+18667396372
+18667396374
+18667396375
+18667396377
+18667396379
+18667396381
+18667396383
+18667396385
+18667396387
+18667396389
+18667396391
+18667396392
+18667396394
+18667396395
+18667396397
+18667396400
+18667396411
+18667396417
+18667396422
+18667396425
+18667396427
+18667396429
+18667396434
+18667396435
+18667396437
+18667396441
+18667396443
+18667396444
+18667396451
+18667396453
+18667396454
+18667396455
+18667396457
+18667396458
+18667396462
+18667396463
+18667396464
+18667396469
+18667396477
+18667396483
+18667396487
+18667396500
+18667396522
+18667396525
+18667396527
+18667396528
+18667396529
+18667396531
+18667396532
+18667396533
+18667396536
+18667396539
+18667396551
+18667396552
+18667396554
+18667396563
+18667396565
+18667396569
+18667396570
+18667396573
+18667396587
+18667396589
+18667396592
+18667396600
+18667396606
+18667396611
+18667396615
+18667396620
+18667396623
+18667396624
+18667396629
+18667396633
+18667396634
+18667396636
+18667396637
+18667396642
+18667396646
+18667396647
+18667396649
+18667396653
+18667396654
+18667396657
+18667396659
+18667396661
+18667396662
+18667396663
+18667396667
+18667396669
+18667396670
+18667396671
+18667396673
+18667396674
+18667396683
+18667396684
+18667396686
+18667396691
+18667396700
+18667396704
+18667396711
+18667396712
+18667396715
+18667396724
+18667396725
+18667396728
+18667396731
+18667396732
+18667396733
+18667396734
+18667396736
+18667396737
+18667396742
+18667396743
+18667396744
+18667396746
+18667396747
+18667396749
+18667396750
+18667396751
+18667396752
+18667396754
+18667396756
+18667396757
+18667396759
+18667396761
+18667396764
+18667396765
+18667396767
+18667396768
+18667396769
+18667396772
+18667396773
+18667396780
+18667396783
+18667396788
+18667396789
+18667396791
+18667396792
+18667396794
+18667396795
+18667396798
+18667396800
+18667396810
+18667396821
+18667396823
+18667396825
+18667396826
+18667396827
+18667396828
+18667396829
+18667396833
+18667396834
+18667396838
+18667396841
+18667396843
+18667396844
+18667396854
+18667396855
+18667396856
+18667396857
+18667396862
+18667396863
+18667396864
+18667396874
+18667396878
+18667396879
+18667396880
+18667396881
+18667396883
+18667396885
+18667396886
+18667396887
+18667396890
+18667396891
+18667396893
+18667396903
+18667396911
+18667396913
+18667396914
+18667396915
+18667396916
+18667396917
+18667396918
+18667396919
+18667396920
+18667396922
+18667396926
+18667396932
+18667396933
+18667396937
+18667396938
+18667396939
+18667396941
+18667396956
+18667396963
+18667396965
+18667396966
+18667396967
+18667396968
+18667396970
+18667396971
+18667396972
+18667396973
+18667396984
+18667396986
+18667396988
+18667396993
+18667396996
+18667397001
+18667397005
+18667397006
+18667397007
+18667397008
+18667397009
+18667397011
+18667397013
+18667397015
+18667397021
+18667397022
+18667397023
+18667397024
+18667397025
+18667397026
+18667397027
+18667397028
+18667397029
+18667397030
+18667397032
+18667397035
+18667397038
+18667397040
+18667397054
+18667397055
+18667397069
+18667397071
+18667397072
+18667397073
+18667397074
+18667397075
+18667397076
+18667397078
+18667397079
+18667397080
+18667397086
+18667397090
+18667397093
+18667397097
+18667397100
+18667397103
+18667397104
+18667397106
+18667397108
+18667397109
+18667397110
+18667397113
+18667397115
+18667397119
+18667397121
+18667397124
+18667397125
+18667397126
+18667397127
+18667397129
+18667397133
+18667397134
+18667397160
+18667397163
+18667397170
+18667397171
+18667397172
+18667397173
+18667397177
+18667397192
+18667397200
+18667397207
+18667397208
+18667397209
+18667397211
+18667397212
+18667397222
+18667397223
+18667397225
+18667397226
+18667397227
+18667397232
+18667397233
+18667397234
+18667397236
+18667397239
+18667397240
+18667397242
+18667397244
+18667397246
+18667397251
+18667397252
+18667397253
+18667397255
+18667397256
+18667397257
+18667397259
+18667397262
+18667397263
+18667397264
+18667397266
+18667397267
+18667397268
+18667397272
+18667397274
+18667397275
+18667397276
+18667397278
+18667397282
+18667397283
+18667397284
+18667397286
+18667397287
+18667397288
+18667397289
+18667397297
+18667397298
+18667397300
+18667397301
+18667397302
+18667397303
+18667397314
+18667397318
+18667397320
+18667397321
+18667397322
+18667397323
+18667397325
+18667397326
+18667397327
+18667397329
+18667397330
+18667397331
+18667397332
+18667397333
+18667397334
+18667397335
+18667397337
+18667397338
+18667397346
+18667397352
+18667397353
+18667397354
+18667397362
+18667397363
+18667397366
+18667397367
+18667397368
+18667397373
+18667397375
+18667397376
+18667397378
+18667397383
+18667397387
+18667397388
+18667397392
+18667397396
+18667397397
+18667397399
+18667397401
+18667397405
+18667397406
+18667397407
+18667397408
+18667397409
+18667397410
+18667397415
+18667397418
+18667397424
+18667397427
+18667397428
+18667397433
+18667397436
+18667397443
+18667397444
+18667397446
+18667397447
+18667397448
+18667397449
+18667397451
+18667397454
+18667397455
+18667397457
+18667397463
+18667397464
+18667397465
+18667397468
+18667397471
+18667397473
+18667397475
+18667397477
+18667397478
+18667397482
+18667397487
+18667397488
+18667397499
+18667397500
+18667397509
+18667397522
+18667397525
+18667397526
+18667397527
+18667397528
+18667397529
+18667397532
+18667397536
+18667397537
+18667397538
+18667397539
+18667397542
+18667397543
+18667397545
+18667397548
+18667397549
+18667397553
+18667397554
+18667397555
+18667397557
+18667397559
+18667397564
+18667397568
+18667397569
+18667397571
+18667397575
+18667397584
+18667397585
+18667397586
+18667397587
+18667397588
+18667397589
+18667397590
+18667397595
+18667397600
+18667397608
+18667397609
+18667397610
+18667397611
+18667397622
+18667397623
+18667397624
+18667397625
+18667397626
+18667397627
+18667397628
+18667397629
+18667397632
+18667397633
+18667397636
+18667397637
+18667397638
+18667397645
+18667397648
+18667397651
+18667397652
+18667397655
+18667397656
+18667397663
+18667397665
+18667397666
+18667397667
+18667397668
+18667397669
+18667397672
+18667397673
+18667397674
+18667397675
+18667397676
+18667397678
+18667397682
+18667397683
+18667397685
+18667397687
+18667397688
+18667397689
+18667397693
+18667397694
+18667397696
+18667397700
+18667397711
+18667397718
+18667397719
+18667397722
+18667397723
+18667397724
+18667397725
+18667397726
+18667397727
+18667397733
+18667397738
+18667397740
+18667397742
+18667397744
+18667397746
+18667397747
+18667397767
+18667397768
+18667397779
+18667397782
+18667397784
+18667397786
+18667397787
+18667397788
+18667397789
+18667397790
+18667397791
+18667397792
+18667397793
+18667397794
+18667397795
+18667397797
+18667397799
+18667397802
+18667397806
+18667397807
+18667397815
+18667397816
+18667397820
+18667397822
+18667397823
+18667397824
+18667397825
+18667397827
+18667397832
+18667397835
+18667397838
+18667397842
+18667397843
+18667397847
+18667397848
+18667397849
+18667397851
+18667397852
+18667397853
+18667397854
+18667397855
+18667397857
+18667397858
+18667397859
+18667397861
+18667397862
+18667397863
+18667397864
+18667397865
+18667397866
+18667397867
+18667397868
+18667397869
+18667397870
+18667397871
+18667397872
+18667397873
+18667397874
+18667397876
+18667397877
+18667397878
+18667397879
+18667397881
+18667397882
+18667397883
+18667397885
+18667397886
+18667397895
+18667397896
+18667397900
+18667397901
+18667397906
+18667397910
+18667397912
+18667397916
+18667397918
+18667397920
+18667397926
+18667397927
+18667397928
+18667397929
+18667397930
+18667397939
+18667397944
+18667397946
+18667397949
+18667397950
+18667397951
+18667397952
+18667397953
+18667397954
+18667397955
+18667397956
+18667397957
+18667397958
+18667397959
+18667397960
+18667397961
+18667397962
+18667397967
+18667397973
+18667397974
+18667397975
+18667397978
+18667397979
+18667397981
+18667397984
+18667397992
+18667397993
+18667397997
+18667397999
+18667398002
+18667398004
+18667398005
+18667398007
+18667398008
+18667398010
+18667398014
+18667398018
+18667398021
+18667398024
+18667398026
+18667398028
+18667398029
+18667398030
+18667398031
+18667398032
+18667398033
+18667398036
+18667398039
+18667398040
+18667398042
+18667398045
+18667398055
+18667398070
+18667398082
+18667398091
+18667398095
+18667398096
+18667398097
+18667398100
+18667398104
+18667398105
+18667398114
+18667398118
+18667398125
+18667398126
+18667398130
+18667398131
+18667398132
+18667398133
+18667398135
+18667398138
+18667398139
+18667398140
+18667398141
+18667398142
+18667398146
+18667398147
+18667398148
+18667398149
+18667398150
+18667398152
+18667398153
+18667398154
+18667398155
+18667398156
+18667398157
+18667398163
+18667398166
+18667398167
+18667398170
+18667398171
+18667398172
+18667398173
+18667398174
+18667398175
+18667398176
+18667398177
+18667398178
+18667398184
+18667398185
+18667398186
+18667398187
+18667398188
+18667398190
+18667398191
+18667398192
+18667398194
+18667398195
+18667398196
+18667398198
+18667398200
+18667398201
+18667398202
+18667398207
+18667398209
+18667398211
+18667398212
+18667398215
+18667398222
+18667398223
+18667398224
+18667398225
+18667398226
+18667398229
+18667398230
+18667398232
+18667398233
+18667398234
+18667398235
+18667398236
+18667398237
+18667398239
+18667398244
+18667398245
+18667398247
+18667398249
+18667398250
+18667398252
+18667398253
+18667398255
+18667398256
+18667398257
+18667398258
+18667398259
+18667398265
+18667398266
+18667398267
+18667398272
+18667398273
+18667398276
+18667398278
+18667398282
+18667398294
+18667398300
+18667398303
+18667398309
+18667398310
+18667398314
+18667398318
+18667398324
+18667398325
+18667398326
+18667398327
+18667398328
+18667398333
+18667398336
+18667398338
+18667398339
+18667398342
+18667398347
+18667398353
+18667398354
+18667398356
+18667398358
+18667398360
+18667398361
+18667398363
+18667398365
+18667398366
+18667398370
+18667398371
+18667398372
+18667398373
+18667398376
+18667398377
+18667398378
+18667398381
+18667398383
+18667398385
+18667398386
+18667398387
+18667398397
+18667398398
+18667398400
+18667398413
+18667398421
+18667398423
+18667398424
+18667398425
+18667398432
+18667398433
+18667398436
+18667398437
+18667398439
+18667398440
+18667398441
+18667398442
+18667398443
+18667398444
+18667398446
+18667398450
+18667398452
+18667398454
+18667398455
+18667398457
+18667398459
+18667398461
+18667398463
+18667398464
+18667398466
+18667398468
+18667398469
+18667398470
+18667398472
+18667398473
+18667398474
+18667398476
+18667398477
+18667398482
+18667398483
+18667398485
+18667398487
+18667398489
+18667398493
+18667398494
+18667398499
+18667398500
+18667398513
+18667398515
+18667398519
+18667398521
+18667398522
+18667398524
+18667398525
+18667398526
+18667398532
+18667398543
+18667398546
+18667398548
+18667398554
+18667398557
+18667398562
+18667398566
+18667398570
+18667398571
+18667398574
+18667398581
+18667398586
+18667398587
+18667398591
+18667398594
+18667398596
+18667398598
+18667398600
+18667398601
+18667398602
+18667398610
+18667398623
+18667398624
+18667398632
+18667398637
+18667398640
+18667398642
+18667398647
+18667398648
+18667398661
+18667398662
+18667398663
+18667398664
+18667398665
+18667398666
+18667398668
+18667398669
+18667398674
+18667398681
+18667398682
+18667398684
+18667398686
+18667398690
+18667398691
+18667398692
+18667398693
+18667398694
+18667398695
+18667398696
+18667398697
+18667398698
+18667398699
+18667398705
+18667398706
+18667398708
+18667398714
+18667398715
+18667398717
+18667398723
+18667398724
+18667398725
+18667398726
+18667398727
+18667398729
+18667398730
+18667398733
+18667398734
+18667398735
+18667398736
+18667398737
+18667398738
+18667398739
+18667398740
+18667398741
+18667398743
+18667398745
+18667398746
+18667398751
+18667398762
+18667398766
+18667398768
+18667398772
+18667398782
+18667398788
+18667398794
+18667398796
+18667398797
+18667398805
+18667398811
+18667398816
+18667398817
+18667398819
+18667398823
+18667398825
+18667398827
+18667398842
+18667398854
+18667398858
+18667398866
+18667398868
+18667398872
+18667398877
+18667398885
+18667398886
+18667398887
+18667398894
+18667398896
+18667398899
+18667398900
+18667398905
+18667398906
+18667398913
+18667398914
+18667398915
+18667398916
+18667398921
+18667398924
+18667398927
+18667398928
+18667398932
+18667398935
+18667398944
+18667398951
+18667398959
+18667398960
+18667398972
+18667398973
+18667398974
+18667398976
+18667398977
+18667398978
+18667398979
+18667398980
+18667398981
+18667398983
+18667398984
+18667398986
+18667398988
+18667398989
+18667398993
+18667398995
+18667398997
+18667398999
+18667399000
+18667399001
+18667399002
+18667399003
+18667399004
+18667399009
+18667399012
+18667399034
+18667399038
+18667399046
+18667399053
+18667399069
+18667399079
+18667399081
+18667399089
+18667399090
+18667399095
+18667399100
+18667399103
+18667399106
+18667399107
+18667399108
+18667399109
+18667399111
+18667399112
+18667399114
+18667399115
+18667399117
+18667399118
+18667399119
+18667399121
+18667399123
+18667399127
+18667399129
+18667399131
+18667399132
+18667399133
+18667399134
+18667399135
+18667399136
+18667399141
+18667399143
+18667399151
+18667399152
+18667399153
+18667399155
+18667399165
+18667399166
+18667399168
+18667399170
+18667399173
+18667399174
+18667399175
+18667399182
+18667399186
+18667399189
+18667399192
+18667399199
+18667399201
+18667399203
+18667399205
+18667399211
+18667399216
+18667399220
+18667399222
+18667399223
+18667399225
+18667399227
+18667399229
+18667399230
+18667399231
+18667399232
+18667399233
+18667399234
+18667399235
+18667399237
+18667399238
+18667399239
+18667399241
+18667399242
+18667399243
+18667399244
+18667399247
+18667399248
+18667399251
+18667399252
+18667399253
+18667399254
+18667399255
+18667399256
+18667399260
+18667399262
+18667399263
+18667399266
+18667399267
+18667399268
+18667399269
+18667399272
+18667399273
+18667399274
+18667399275
+18667399276
+18667399277
+18667399278
+18667399282
+18667399283
+18667399285
+18667399286
+18667399287
+18667399288
+18667399292
+18667399293
+18667399296
+18667399299
+18667399300
+18667399303
+18667399315
+18667399321
+18667399322
+18667399323
+18667399324
+18667399326
+18667399327
+18667399328
+18667399329
+18667399331
+18667399332
+18667399333
+18667399334
+18667399335
+18667399336
+18667399337
+18667399338
+18667399340
+18667399342
+18667399343
+18667399344
+18667399345
+18667399346
+18667399347
+18667399348
+18667399349
+18667399353
+18667399354
+18667399359
+18667399361
+18667399362
+18667399364
+18667399365
+18667399366
+18667399367
+18667399369
+18667399371
+18667399372
+18667399373
+18667399374
+18667399375
+18667399376
+18667399377
+18667399378
+18667399379
+18667399380
+18667399381
+18667399382
+18667399383
+18667399385
+18667399386
+18667399387
+18667399388
+18667399389
+18667399392
+18667399393
+18667399395
+18667399399
+18667399403
+18667399404
+18667399405
+18667399407
+18667399408
+18667399414
+18667399421
+18667399422
+18667399423
+18667399424
+18667399425
+18667399426
+18667399427
+18667399428
+18667399429
+18667399432
+18667399433
+18667399434
+18667399437
+18667399440
+18667399441
+18667399442
+18667399443
+18667399444
+18667399449
+18667399450
+18667399452
+18667399453
+18667399454
+18667399456
+18667399460
+18667399463
+18667399464
+18667399465
+18667399467
+18667399468
+18667399470
+18667399471
+18667399473
+18667399474
+18667399475
+18667399476
+18667399482
+18667399483
+18667399484
+18667399485
+18667399486
+18667399487
+18667399489
+18667399494
+18667399495
+18667399496
+18667399499
+18667399500
+18667399502
+18667399508
+18667399515
+18667399518
+18667399522
+18667399523
+18667399525
+18667399528
+18667399529
+18667399530
+18667399531
+18667399532
+18667399534
+18667399537
+18667399539
+18667399542
+18667399543
+18667399544
+18667399545
+18667399546
+18667399547
+18667399548
+18667399556
+18667399557
+18667399562
+18667399564
+18667399565
+18667399566
+18667399567
+18667399568
+18667399569
+18667399582
+18667399583
+18667399584
+18667399585
+18667399587
+18667399588
+18667399591
+18667399592
+18667399593
+18667399594
+18667399595
+18667399600
+18667399602
+18667399606
+18667399609
+18667399611
+18667399614
+18667399624
+18667399625
+18667399626
+18667399628
+18667399629
+18667399632
+18667399633
+18667399635
+18667399636
+18667399637
+18667399638
+18667399639
+18667399641
+18667399642
+18667399644
+18667399645
+18667399646
+18667399648
+18667399649
+18667399653
+18667399654
+18667399661
+18667399662
+18667399663
+18667399664
+18667399665
+18667399666
+18667399667
+18667399668
+18667399669
+18667399672
+18667399673
+18667399674
+18667399675
+18667399683
+18667399685
+18667399686
+18667399687
+18667399688
+18667399689
+18667399692
+18667399693
+18667399695
+18667399696
+18667399697
+18667399700
+18667399703
+18667399705
+18667399707
+18667399722
+18667399723
+18667399724
+18667399725
+18667399726
+18667399727
+18667399728
+18667399732
+18667399735
+18667399736
+18667399737
+18667399738
+18667399739
+18667399742
+18667399743
+18667399744
+18667399745
+18667399746
+18667399747
+18667399748
+18667399749
+18667399752
+18667399754
+18667399755
+18667399758
+18667399762
+18667399763
+18667399766
+18667399767
+18667399772
+18667399774
+18667399776
+18667399777
+18667399778
+18667399782
+18667399783
+18667399784
+18667399786
+18667399787
+18667399788
+18667399790
+18667399793
+18667399795
+18667399798
+18667399800
+18667399801
+18667399803
+18667399804
+18667399818
+18667399819
+18667399821
+18667399822
+18667399823
+18667399825
+18667399826
+18667399832
+18667399833
+18667399835
+18667399836
+18667399837
+18667399839
+18667399843
+18667399844
+18667399845
+18667399846
+18667399847
+18667399848
+18667399849
+18667399863
+18667399864
+18667399866
+18667399867
+18667399868
+18667399869
+18667399872
+18667399876
+18667399878
+18667399879
+18667399880
+18667399881
+18667399882
+18667399886
+18667399887
+18667399888
+18667399889
+18667399890
+18667399891
+18667399892
+18667399894
+18667399900
+18667399901
+18667399906
+18667399917
+18667399924
+18667399929
+18667399932
+18667399937
+18667399938
+18667399940
+18667399942
+18667399943
+18667399944
+18667399946
+18667399948
+18667399966
+18667399967
+18667399968
+18667399969
+18667399972
+18667399973
+18667399974
+18667399975
+18667399983
+18667399986
+18667399987
+18667399994
+18667399995
+18667399997
+18667399998
+18667442939
+18667446288
+18667463373
+18667463445
+18667464507
+18667464531
+18667464532
+18667464533
+18667464535
+18667464537
+18667464544
+18667464553
+18667464555
+18667464557
+18667464563
+18667464577
+18667465277
+18667465547
+18667466374
+18667466378
+18667466379
+18667467223
+18667467244
+18667467255
+18667467386
+18667467425
+18667467437
+18667467438
+18667467446
+18667467468
+18667467489
+18667467666
+18667467669
+18667467739
+18667467932
+18667467999
+18667478022
+18667508045
+18667515333
+18667527842
+18667577325
+18667581531
+18667587739
+18667588223
+18667588225
+18667588244
+18667588255
+18667588323
+18667588386
+18667588425
+18667588438
+18667588468
+18667588489
+18667588666
+18667588669
+18667588739
+18667588999
+18667611725
+18667623562
+18667638277
+18667658249
+18667662623
+18667672321
+18667674023
+18667674294
+18667676061
+18667676082
+18667676239
+18667676253
+18667676283
+18667676286
+18667676309
+18667676316
+18667676338
+18667676375
+18667676382
+18667676383
+18667676404
+18667676422
+18667676428
+18667676429
+18667676442
+18667676472
+18667676481
+18667676482
+18667676483
+18667676485
+18667676486
+18667676487
+18667676488
+18667676492
+18667676496
+18667676669
+18667679589
+18667681746
+18667688223
+18667688244
+18667688323
+18667688386
+18667688425
+18667688437
+18667688438
+18667688446
+18667688468
+18667688489
+18667688666
+18667688669
+18667688739
+18667688866
+18667688924
+18667688932
+18667688999
+18667693699
+18667698374
+18667714707
+18667714708
+18667714759
+18667714913
+18667714976
+18667715019
+18667715044
+18667715194
+18667715202
+18667715359
+18667715393
+18667715653
+18667715756
+18667715820
+18667715919
+18667715936
+18667716011
+18667716045
+18667716119
+18667716182
+18667716371
+18667716557
+18667716750
+18667716754
+18667716801
+18667716839
+18667716940
+18667716949
+18667717069
+18667726059
+18667732473
+18667737273
+18667738368
+18667777286
+18667777550
+18667792442
+18667816839
+18667825633
+18667825848
+18667865268
+18667871079
+18667872427
+18667874763
+18667877928
+18667877929
+18667877936
+18667877938
+18667877944
+18667877946
+18667877948
+18667877954
+18667877963
+18667877964
+18667877966
+18667877974
+18667877975
+18667877977
+18667877987
+18667895259
+18667963749
+18667963988
+18667968333
+18667973464
+18667978125
+18667995463
+18668005282
+18668007739
+18668040228
+18668058700
+18668072437
+18668075566
+18668108108
+18668159697
+18668183904
+18668184322
+18668211417
+18668220891
+18668241152
+18668241839
+18668244627
+18668253688
+18668255263
+18668255709
+18668255739
+18668255966
+18668311212
+18668326739
+18668334527
+18668336277
+18668336739
+18668336905
+18668336937
+18668355755
+18668371602
+18668373456
+18668375096
+18668376102
+18668385612
+18668385613
+18668385616
+18668406423
+18668406814
+18668408487
+18668423546
+18668428252
+18668438255
+18668438493
+18668443615
+18668444075
+18668444765
+18668444846
+18668462277
+18668482548
+18668488336
+18668488929
+18668488936
+18668488948
+18668488963
+18668493628
+18668493653
+18668493672
+18668493678
+18668493699
+18668510318
+18668512456
+18668514466
+18668514606
+18668532968
+18668552229
+18668563434
+18668575133
+18668593357
+18668597355
+18668620412
+18668650565
+18668676686
+18668696356
+18668718633
+18668719307
+18668722265
+18668726729
+18668726736
+18668726739
+18668726746
+18668726748
+18668726763
+18668726765
+18668726787
+18668735463
+18668736102
+18668748836
+18668749650
+18668776539
+18668790238
+18668796874
+18668816365
+18668822513
+18668836641
+18668875391
+18668876636
+18668887399
+18668887739
+18668899096
+18668953494
+18668956809
+18668963673
+18669069631
+18669070303
+18669134040
+18669161090
+18669178328
+18669231419
+18669244765
+18669248463
+18669252438
+18669257488
+18669264168
+18669268968
+18669282448
+18669285687
+18669293655
+18669300101
+18669300749
+18669324642
+18669328894
+18669332928
+18669333464
+18669335363
+18669346645
+18669347687
+18669355598
+18669378376
+18669382262
+18669382539
+18669382540
+18669382541
+18669382542
+18669382544
+18669382545
+18669382546
+18669382547
+18669382548
+18669382549
+18669382552
+18669382554
+18669382888
+18669383063
+18669384475
+18669384653
+18669385282
+18669386292
+18669386833
+18669387783
+18669388336
+18669388487
+18669388874
+18669433420
+18669433739
+18669445544
+18669450058
+18669451536
+18669452334
+18669467223
+18669467255
+18669467346
+18669467348
+18669467365
+18669467386
+18669467425
+18669467437
+18669467438
+18669467468
+18669467489
+18669467666
+18669467669
+18669467739
+18669467866
+18669468277
+18669473537
+18669503840
+18669510726
+18669511473
+18669511726
+18669516227
+18669552742
+18669554624
+18669594442
+18669594446
+18669597883
+18669637792
+18669640300
+18669659011
+18669663640
+18669663647
+18669663654
+18669663660
+18669663661
+18669663665
+18669663671
+18669663689
+18669663699
+18669663731
+18669665425
+18669687277
+18669693494
+18669703083
+18669703500
+18669715161
+18669757825
+18669777265
+18669795925
+18669797883
+18669824622
+18669826324
+18669874675
+18669890823
+18669892868
+18669897883
+18669901094
+18669911537
+18669919388
+18669922929
+18669930813
+18669937588
+18669955331
+18669955684
+18669987447
+18669995463
+18669998336
+18672923067
+18676827221
+18704090705
+18706483333
+18706647098
+18706979565
+18708765759
+18709770485
+18709856856
+18722051285
+18722155392
+18722155405
+18722446508
+18722550255
+18723042685
+18723274912
+18723277207
+18723855179
+18726746890
+18728008000
+18733874351
+18737353295
+18764654594
+18767714707
+18768197788
+18772019388
+18772078487
+18772084254
+18772101010
+18772158847
+18772192473
+18772193355
+18772204805
+18772222625
+18772225483
+18772232777
+18772234848
+18772235748
+18772255739
+18772264429
+18772272739
+18772278368
+18772278666
+18772297399
+18772300752
+18772314466
+18772319932
+18772328885
+18772334373
+18772340916
+18772373999
+18772378222
+18772378739
+18772385818
+18772385821
+18772385824
+18772385827
+18772385833
+18772385837
+18772385838
+18772385844
+18772385846
+18772385847
+18772385854
+18772385856
+18772385862
+18772385866
+18772385869
+18772385870
+18772385873
+18772385874
+18772385877
+18772385878
+18772385879
+18772385880
+18772385882
+18772385883
+18772385893
+18772385899
+18772388278
+18772397897
+18772402631
+18772404305
+18772405433
+18772422874
+18772422878
+18772427788
+18772428002
+18772428047
+18772428238
+18772428255
+18772428269
+18772428363
+18772428365
+18772428373
+18772428397
+18772428440
+18772428445
+18772428546
+18772428548
+18772428568
+18772428669
+18772428739
+18772428793
+18772428810
+18772428815
+18772428825
+18772428872
+18772428999
+18772429253
+18772434625
+18772435029
+18772438213
+18772442625
+18772442888
+18772443425
+18772444653
+18772448487
+18772448888
+18772472769
+18772473742
+18772475463
+18772477967
+18772482429
+18772482436
+18772482446
+18772482448
+18772482463
+18772482465
+18772484936
+18772522534
+18772527742
+18772558647
+18772569457
+18772569562
+18772569739
+18772575757
+18772583359
+18772586749
+18772594900
+18772619030
+18772625223
+18772625244
+18772625286
+18772625323
+18772625386
+18772625425
+18772625437
+18772625438
+18772625446
+18772625468
+18772625489
+18772625666
+18772625669
+18772625739
+18772625866
+18772625924
+18772625932
+18772625999
+18772642084
+18772663243
+18772666626
+18772666972
+18772668463
+18772677672
+18772686221
+18772697399
+18772747655
+18772762392
+18772768738
+18772773825
+18772774653
+18772776359
+18772777399
+18772778336
+18772783425
+18772793838
+18772802062
+18772802254
+18772802519
+18772812382
+18772828472
+18772833846
+18772835952
+18772861579
+18772868669
+18772869422
+18772875342
+18772883277
+18772886668
+18772888739
+18772892559
+18772894252
+18772926969
+18772974711
+18772975484
+18772976666
+18773005624
+18773008375
+18773033825
+18773039435
+18773039945
+18773046635
+18773052240
+18773054937
+18773071390
+18773081442
+18773133533
+18773144273
+18773167248
+18773167569
+18773173726
+18773219046
+18773236032
+18773241831
+18773258714
+18773259793
+18773268273
+18773268274
+18773268279
+18773278074
+18773283278
+18773283338
+18773283546
+18773284475
+18773285239
+18773285347
+18773285373
+18773285477
+18773287399
+18773288238
+18773299786
+18773302668
+18773307699
+18773325293
+18773325523
+18773340908
+18773376666
+18773378462
+18773384736
+18773384746
+18773384748
+18773423784
+18773425223
+18773425244
+18773425255
+18773425323
+18773425386
+18773425425
+18773425437
+18773425438
+18773425446
+18773425489
+18773425666
+18773425669
+18773425739
+18773425866
+18773425924
+18773425932
+18773425999
+18773447398
+18773450434
+18773453223
+18773453255
+18773453386
+18773453425
+18773453437
+18773453446
+18773453489
+18773453666
+18773453669
+18773453739
+18773453866
+18773453924
+18773453932
+18773453999
+18773454125
+18773455918
+18773456969
+18773473836
+18773478973
+18773487449
+18773518665
+18773532876
+18773547812
+18773547818
+18773547824
+18773547825
+18773547833
+18773547837
+18773547843
+18773547846
+18773547851
+18773547860
+18773547871
+18773547873
+18773548207
+18773551664
+18773558984
+18773566746
+18773566800
+18773568665
+18773571110
+18773575555
+18773588973
+18773631875
+18773642740
+18773647757
+18773666245
+18773666248
+18773666253
+18773666329
+18773666336
+18773666344
+18773666346
+18773666348
+18773666363
+18773666365
+18773666387
+18773675333
+18773676846
+18773686824
+18773692973
+18773696324
+18773720605
+18773720669
+18773720718
+18773720784
+18773720872
+18773720945
+18773728328
+18773733222
+18773733739
+18773733782
+18773748464
+18773768422
+18773768427
+18773768429
+18773768436
+18773768446
+18773768448
+18773776633
+18773778597
+18773786776
+18773792543
+18773825223
+18773825225
+18773825233
+18773825244
+18773825255
+18773825269
+18773825277
+18773825286
+18773825323
+18773825377
+18773825386
+18773825425
+18773825427
+18773825428
+18773825429
+18773825437
+18773825438
+18773825446
+18773825464
+18773825468
+18773825484
+18773825489
+18773825565
+18773825633
+18773825636
+18773825666
+18773825669
+18773825692
+18773825739
+18773825848
+18773825852
+18773825863
+18773825866
+18773825878
+18773825924
+18773825932
+18773825968
+18773825999
+18773835728
+18773863283
+18773877924
+18773906677
+18773912260
+18773913434
+18773920571
+18773921209
+18773922761
+18773937241
+18773958449
+18773977678
+18773992023
+18774020400
+18774021212
+18774049900
+18774071608
+18774076842
+18774094480
+18774098881
+18774102474
+18774121268
+18774139000
+18774166156
+18774202298
+18774215613
+18774222378
+18774224592
+18774242697
+18774260114
+18774263296
+18774263562
+18774264226
+18774273286
+18774273739
+18774278378
+18774278944
+18774291234
+18774292428
+18774292662
+18774293283
+18774293284
+18774293661
+18774293733
+18774293825
+18774295459
+18774295463
+18774295465
+18774295483
+18774296253
+18774297399
+18774297666
+18774298487
+18774306626
+18774315059
+18774320686
+18774326829
+18774328377
+18774334103
+18774337088
+18774379731
+18774383478
+18774385239
+18774385243
+18774385600
+18774440000
+18774442424
+18774442428
+18774445564
+18774475739
+18774484765
+18774488934
+18774488935
+18774488942
+18774505897
+18774533654
+18774548243
+18774554664
+18774562866
+18774593580
+18774612286
+18774623649
+18774630091
+18774632399
+18774636266
+18774646968
+18774646969
+18774663787
+18774665877
+18774666253
+18774674944
+18774676911
+18774676921
+18774676924
+18774676926
+18774676939
+18774676940
+18774676943
+18774676944
+18774676948
+18774676950
+18774676954
+18774676956
+18774676962
+18774676965
+18774676966
+18774676967
+18774676969
+18774676973
+18774676987
+18774676991
+18774682229
+18774682428
+18774682432
+18774682439
+18774682625
+18774682663
+18774682668
+18774682888
+18774683283
+18774683338
+18774683425
+18774683825
+18774684257
+18774684297
+18774684377
+18774684438
+18774684475
+18774684653
+18774684669
+18774684673
+18774684676
+18774684747
+18774684897
+18774685239
+18774685347
+18774685394
+18774685433
+18774685463
+18774685465
+18774685477
+18774685683
+18774686253
+18774686833
+18774687394
+18774687397
+18774687398
+18774687399
+18774687666
+18774687883
+18774688223
+18774688244
+18774688255
+18774688286
+18774688305
+18774688323
+18774688325
+18774688326
+18774688327
+18774688328
+18774688333
+18774688336
+18774688337
+18774688342
+18774688346
+18774688348
+18774688353
+18774688380
+18774688382
+18774688386
+18774688399
+18774688425
+18774688437
+18774688438
+18774688468
+18774688489
+18774688666
+18774688669
+18774688739
+18774688866
+18774688874
+18774688932
+18774688999
+18774689433
+18774697638
+18774700577
+18774700713
+18774700758
+18774700952
+18774701182
+18774701716
+18774711765
+18774723338
+18774741474
+18774753165
+18774766976
+18774792589
+18774869888
+18774880424
+18774893798
+18774897446
+18774927448
+18774961914
+18775007664
+18775078283
+18775082653
+18775091536
+18775093425
+18775126111
+18775150693
+18775162245
+18775185239
+18775223078
+18775223767
+18775225633
+18775231864
+18775239739
+18775253226
+18775253689
+18775256366
+18775262746
+18775286654
+18775288555
+18775298900
+18775330339
+18775341065
+18775341135
+18775341269
+18775341409
+18775341466
+18775341542
+18775366673
+18775367691
+18775370366
+18775372426
+18775375633
+18775387739
+18775393223
+18775393244
+18775393323
+18775393425
+18775393437
+18775393438
+18775393468
+18775393489
+18775393669
+18775393866
+18775393932
+18775393999
+18775412525
+18775447111
+18775465922
+18775477277
+18775477437
+18775483546
+18775483739
+18775492488
+18775568796
+18775568984
+18775569252
+18775569255
+18775577739
+18775581859
+18775590166
+18775609241
+18775620424
+18775622573
+18775624266
+18775633786
+18775642677
+18775657529
+18775683269
+18775683277
+18775683739
+18775689388
+18775693779
+18775723440
+18775745566
+18775774354
+18775777764
+18775781676
+18775781682
+18775781752
+18775781997
+18775782137
+18775782507
+18775782689
+18775782694
+18775782823
+18775783027
+18775783404
+18775783434
+18775783530
+18775783534
+18775783601
+18775783610
+18775783784
+18775783893
+18775784177
+18775786862
+18775788845
+18775797382
+18775800381
+18775810473
+18775840868
+18775840904
+18775840906
+18775849779
+18775867948
+18775879255
+18775888461
+18775888462
+18775888463
+18775888889
+18775896974
+18775913878
+18775914565
+18775932781
+18775949863
+18775988336
+18775994785
+18776002323
+18776010271
+18776024185
+18776026241
+18776038887
+18776082539
+18776084908
+18776085102
+18776087083
+18776087631
+18776087843
+18776089587
+18776091888
+18776092670
+18776093888
+18776103555
+18776121298
+18776123995
+18776125972
+18776126932
+18776132127
+18776132539
+18776133598
+18776135203
+18776137434
+18776138006
+18776138021
+18776138490
+18776148560
+18776204801
+18776253322
+18776253327
+18776253331
+18776253336
+18776253342
+18776253344
+18776253348
+18776253362
+18776253363
+18776253373
+18776253383
+18776253739
+18776262749
+18776268194
+18776268303
+18776268580
+18776268635
+18776268825
+18776268985
+18776278372
+18776284489
+18776286705
+18776300349
+18776335609
+18776338464
+18776342628
+18776347829
+18776350254
+18776356283
+18776362739
+18776364636
+18776364739
+18776365463
+18776367399
+18776368688
+18776372426
+18776383549
+18776384684
+18776392495
+18776427624
+18776453223
+18776453255
+18776453323
+18776453386
+18776453437
+18776453438
+18776453468
+18776453489
+18776453666
+18776453669
+18776453739
+18776453825
+18776453866
+18776453932
+18776453999
+18776457739
+18776461783
+18776463271
+18776481414
+18776483434
+18776484838
+18776487182
+18776488389
+18776489450
+18776526094
+18776535900
+18776562491
+18776562493
+18776570400
+18776600013
+18776600920
+18776602462
+18776610311
+18776612388
+18776612633
+18776630739
+18776635433
+18776657399
+18776660000
+18776660255
+18776663825
+18776668336
+18776672689
+18776686746
+18776712742
+18776726437
+18776736534
+18776736537
+18776742767
+18776748069
+18776749223
+18776749244
+18776749255
+18776749386
+18776749425
+18776749426
+18776749437
+18776749438
+18776749446
+18776749489
+18776749666
+18776749669
+18776749739
+18776749866
+18776749924
+18776749999
+18776750086
+18776750186
+18776750781
+18776770538
+18776770545
+18776784667
+18776805740
+18776810186
+18776810224
+18776810540
+18776811453
+18776811554
+18776811585
+18776815825
+18776815954
+18776833429
+18776833447
+18776833523
+18776833636
+18776833739
+18776836000
+18776843154
+18776884448
+18776902126
+18776902866
+18776920578
+18776935500
+18776935759
+18776939477
+18776967429
+18776967436
+18776967446
+18776967448
+18776967463
+18776967465
+18776967487
+18776978779
+18776987294
+18776987838
+18776992358
+18777007399
+18777042746
+18777083048
+18777092225
+18777101277
+18777102625
+18777103407
+18777103606
+18777103930
+18777104015
+18777104069
+18777127061
+18777157340
+18777177612
+18777192000
+18777203981
+18777249222
+18777265847
+18777268437
+18777274757
+18777279307
+18777288435
+18777292773
+18777297626
+18777320057
+18777320143
+18777320351
+18777320423
+18777325739
+18777356228
+18777364737
+18777364739
+18777364782
+18777373385
+18777378377
+18777390000
+18777390002
+18777390003
+18777390004
+18777390006
+18777390010
+18777390011
+18777390012
+18777390013
+18777390014
+18777390015
+18777390017
+18777390020
+18777390027
+18777390028
+18777390029
+18777390031
+18777390034
+18777390035
+18777390037
+18777390039
+18777390043
+18777390047
+18777390049
+18777390050
+18777390051
+18777390055
+18777390058
+18777390059
+18777390061
+18777390062
+18777390063
+18777390065
+18777390066
+18777390088
+18777390096
+18777390100
+18777390103
+18777390112
+18777390113
+18777390115
+18777390117
+18777390123
+18777390136
+18777390137
+18777390139
+18777390140
+18777390143
+18777390147
+18777390148
+18777390149
+18777390152
+18777390154
+18777390156
+18777390157
+18777390159
+18777390161
+18777390163
+18777390164
+18777390166
+18777390178
+18777390179
+18777390180
+18777390181
+18777390184
+18777390188
+18777390189
+18777390200
+18777390202
+18777390203
+18777390204
+18777390206
+18777390211
+18777390212
+18777390216
+18777390220
+18777390233
+18777390239
+18777390253
+18777390255
+18777390296
+18777390300
+18777390313
+18777390314
+18777390315
+18777390316
+18777390318
+18777390320
+18777390321
+18777390322
+18777390324
+18777390325
+18777390333
+18777390336
+18777390341
+18777390352
+18777390361
+18777390362
+18777390374
+18777390376
+18777390377
+18777390390
+18777390393
+18777390400
+18777390403
+18777390409
+18777390414
+18777390415
+18777390417
+18777390419
+18777390420
+18777390421
+18777390422
+18777390430
+18777390439
+18777390453
+18777390457
+18777390460
+18777390463
+18777390464
+18777390467
+18777390468
+18777390469
+18777390475
+18777390483
+18777390489
+18777390495
+18777390496
+18777390497
+18777390500
+18777390501
+18777390504
+18777390505
+18777390511
+18777390522
+18777390529
+18777390545
+18777390554
+18777390556
+18777390557
+18777390558
+18777390560
+18777390561
+18777390562
+18777390565
+18777390566
+18777390568
+18777390569
+18777390590
+18777390592
+18777390595
+18777390596
+18777390597
+18777390598
+18777390599
+18777390600
+18777390601
+18777390602
+18777390603
+18777390610
+18777390611
+18777390612
+18777390613
+18777390616
+18777390619
+18777390620
+18777390626
+18777390631
+18777390632
+18777390634
+18777390646
+18777390653
+18777390655
+18777390659
+18777390660
+18777390679
+18777390681
+18777390682
+18777390686
+18777390691
+18777390692
+18777390694
+18777390695
+18777390697
+18777390700
+18777390703
+18777390705
+18777390707
+18777390710
+18777390711
+18777390714
+18777390718
+18777390719
+18777390720
+18777390722
+18777390723
+18777390725
+18777390728
+18777390729
+18777390730
+18777390733
+18777390734
+18777390737
+18777390738
+18777390740
+18777390742
+18777390743
+18777390746
+18777390757
+18777390760
+18777390765
+18777390777
+18777390779
+18777390780
+18777390782
+18777390785
+18777390787
+18777390788
+18777390789
+18777390790
+18777390796
+18777390797
+18777390800
+18777390803
+18777390808
+18777390812
+18777390817
+18777390818
+18777390821
+18777390830
+18777390833
+18777390839
+18777390841
+18777390842
+18777390844
+18777390845
+18777390849
+18777390852
+18777390857
+18777390858
+18777390864
+18777390865
+18777390866
+18777390867
+18777390870
+18777390873
+18777390875
+18777390903
+18777390906
+18777390909
+18777390921
+18777390924
+18777390929
+18777390931
+18777390935
+18777390937
+18777390939
+18777390943
+18777390950
+18777390952
+18777390954
+18777390959
+18777390966
+18777390969
+18777390976
+18777390977
+18777390980
+18777391000
+18777391003
+18777391011
+18777391015
+18777391016
+18777391026
+18777391034
+18777391035
+18777391038
+18777391049
+18777391050
+18777391055
+18777391061
+18777391064
+18777391078
+18777391079
+18777391081
+18777391083
+18777391094
+18777391100
+18777391111
+18777391115
+18777391118
+18777391124
+18777391127
+18777391133
+18777391134
+18777391137
+18777391142
+18777391145
+18777391155
+18777391183
+18777391188
+18777391191
+18777391192
+18777391193
+18777391197
+18777391199
+18777391200
+18777391209
+18777391211
+18777391212
+18777391216
+18777391221
+18777391227
+18777391233
+18777391234
+18777391244
+18777391251
+18777391252
+18777391264
+18777391267
+18777391273
+18777391274
+18777391276
+18777391304
+18777391312
+18777391314
+18777391320
+18777391322
+18777391329
+18777391330
+18777391331
+18777391333
+18777391354
+18777391356
+18777391360
+18777391361
+18777391372
+18777391373
+18777391374
+18777391375
+18777391376
+18777391377
+18777391378
+18777391379
+18777391383
+18777391388
+18777391389
+18777391391
+18777391400
+18777391414
+18777391442
+18777391461
+18777391473
+18777391489
+18777391500
+18777391503
+18777391515
+18777391517
+18777391520
+18777391546
+18777391547
+18777391551
+18777391553
+18777391556
+18777391557
+18777391563
+18777391564
+18777391573
+18777391593
+18777391598
+18777391600
+18777391601
+18777391608
+18777391612
+18777391615
+18777391618
+18777391621
+18777391628
+18777391636
+18777391637
+18777391659
+18777391660
+18777391661
+18777391697
+18777391715
+18777391718
+18777391725
+18777391730
+18777391735
+18777391737
+18777391743
+18777391745
+18777391751
+18777391755
+18777391757
+18777391760
+18777391761
+18777391762
+18777391763
+18777391765
+18777391766
+18777391769
+18777391770
+18777391771
+18777391774
+18777391776
+18777391777
+18777391778
+18777391779
+18777391780
+18777391782
+18777391784
+18777391793
+18777391805
+18777391811
+18777391812
+18777391818
+18777391820
+18777391833
+18777391835
+18777391836
+18777391837
+18777391838
+18777391843
+18777391845
+18777391861
+18777391872
+18777391897
+18777391900
+18777391904
+18777391909
+18777391914
+18777391920
+18777391922
+18777391926
+18777391928
+18777391932
+18777391936
+18777391937
+18777391938
+18777391941
+18777391942
+18777391943
+18777391950
+18777391955
+18777391960
+18777391963
+18777391965
+18777391970
+18777391978
+18777391982
+18777391983
+18777391984
+18777391987
+18777391988
+18777391989
+18777391990
+18777391993
+18777391997
+18777391999
+18777392001
+18777392005
+18777392019
+18777392020
+18777392025
+18777392026
+18777392030
+18777392031
+18777392033
+18777392036
+18777392037
+18777392039
+18777392040
+18777392042
+18777392043
+18777392044
+18777392046
+18777392047
+18777392048
+18777392050
+18777392054
+18777392063
+18777392064
+18777392066
+18777392067
+18777392069
+18777392072
+18777392078
+18777392080
+18777392082
+18777392094
+18777392097
+18777392100
+18777392107
+18777392121
+18777392138
+18777392146
+18777392148
+18777392149
+18777392150
+18777392154
+18777392164
+18777392165
+18777392178
+18777392199
+18777392201
+18777392206
+18777392207
+18777392214
+18777392221
+18777392222
+18777392223
+18777392224
+18777392225
+18777392227
+18777392229
+18777392231
+18777392232
+18777392233
+18777392237
+18777392239
+18777392243
+18777392245
+18777392247
+18777392248
+18777392250
+18777392252
+18777392253
+18777392254
+18777392255
+18777392258
+18777392261
+18777392263
+18777392264
+18777392265
+18777392266
+18777392267
+18777392268
+18777392269
+18777392271
+18777392272
+18777392273
+18777392277
+18777392278
+18777392284
+18777392287
+18777392297
+18777392301
+18777392303
+18777392310
+18777392313
+18777392319
+18777392322
+18777392323
+18777392327
+18777392329
+18777392332
+18777392333
+18777392334
+18777392337
+18777392338
+18777392341
+18777392343
+18777392344
+18777392349
+18777392358
+18777392363
+18777392365
+18777392366
+18777392374
+18777392376
+18777392377
+18777392378
+18777392379
+18777392382
+18777392383
+18777392384
+18777392385
+18777392386
+18777392387
+18777392388
+18777392396
+18777392399
+18777392421
+18777392422
+18777392424
+18777392425
+18777392426
+18777392427
+18777392428
+18777392429
+18777392430
+18777392432
+18777392434
+18777392435
+18777392437
+18777392439
+18777392441
+18777392442
+18777392443
+18777392444
+18777392445
+18777392446
+18777392452
+18777392453
+18777392455
+18777392458
+18777392463
+18777392464
+18777392466
+18777392469
+18777392471
+18777392472
+18777392475
+18777392477
+18777392482
+18777392483
+18777392488
+18777392489
+18777392494
+18777392496
+18777392498
+18777392500
+18777392506
+18777392522
+18777392524
+18777392525
+18777392527
+18777392528
+18777392532
+18777392533
+18777392537
+18777392538
+18777392544
+18777392546
+18777392548
+18777392552
+18777392553
+18777392556
+18777392558
+18777392559
+18777392561
+18777392564
+18777392565
+18777392566
+18777392568
+18777392569
+18777392582
+18777392583
+18777392587
+18777392588
+18777392591
+18777392592
+18777392598
+18777392600
+18777392622
+18777392623
+18777392624
+18777392625
+18777392627
+18777392628
+18777392631
+18777392633
+18777392634
+18777392636
+18777392637
+18777392638
+18777392639
+18777392643
+18777392646
+18777392651
+18777392655
+18777392661
+18777392662
+18777392663
+18777392664
+18777392666
+18777392667
+18777392668
+18777392672
+18777392673
+18777392674
+18777392675
+18777392676
+18777392677
+18777392679
+18777392682
+18777392683
+18777392693
+18777392697
+18777392699
+18777392700
+18777392707
+18777392710
+18777392717
+18777392718
+18777392722
+18777392726
+18777392728
+18777392729
+18777392731
+18777392732
+18777392734
+18777392735
+18777392736
+18777392739
+18777392741
+18777392742
+18777392744
+18777392746
+18777392747
+18777392756
+18777392760
+18777392761
+18777392762
+18777392763
+18777392764
+18777392765
+18777392766
+18777392767
+18777392770
+18777392771
+18777392773
+18777392774
+18777392777
+18777392778
+18777392779
+18777392780
+18777392781
+18777392786
+18777392800
+18777392802
+18777392804
+18777392810
+18777392816
+18777392822
+18777392825
+18777392826
+18777392827
+18777392828
+18777392829
+18777392830
+18777392831
+18777392832
+18777392833
+18777392834
+18777392836
+18777392844
+18777392846
+18777392853
+18777392854
+18777392861
+18777392866
+18777392867
+18777392868
+18777392872
+18777392873
+18777392874
+18777392876
+18777392877
+18777392878
+18777392879
+18777392882
+18777392883
+18777392886
+18777392887
+18777392888
+18777392889
+18777392893
+18777392896
+18777392897
+18777392900
+18777392902
+18777392913
+18777392916
+18777392919
+18777392923
+18777392924
+18777392927
+18777392929
+18777392932
+18777392935
+18777392936
+18777392937
+18777392938
+18777392939
+18777392940
+18777392941
+18777392943
+18777392944
+18777392945
+18777392947
+18777392950
+18777392951
+18777392953
+18777392954
+18777392956
+18777392960
+18777392962
+18777392963
+18777392964
+18777392965
+18777392966
+18777392967
+18777392968
+18777392969
+18777392970
+18777392972
+18777392975
+18777392979
+18777392985
+18777392986
+18777392990
+18777392993
+18777393000
+18777393009
+18777393026
+18777393028
+18777393035
+18777393061
+18777393066
+18777393067
+18777393068
+18777393074
+18777393098
+18777393106
+18777393107
+18777393115
+18777393119
+18777393120
+18777393122
+18777393123
+18777393124
+18777393127
+18777393130
+18777393131
+18777393132
+18777393138
+18777393147
+18777393148
+18777393200
+18777393223
+18777393224
+18777393227
+18777393228
+18777393231
+18777393233
+18777393237
+18777393241
+18777393244
+18777393246
+18777393247
+18777393261
+18777393262
+18777393263
+18777393264
+18777393266
+18777393268
+18777393273
+18777393276
+18777393278
+18777393279
+18777393280
+18777393281
+18777393282
+18777393283
+18777393286
+18777393287
+18777393288
+18777393297
+18777393300
+18777393305
+18777393308
+18777393325
+18777393331
+18777393332
+18777393333
+18777393334
+18777393335
+18777393337
+18777393338
+18777393355
+18777393362
+18777393366
+18777393369
+18777393376
+18777393377
+18777393378
+18777393382
+18777393391
+18777393416
+18777393425
+18777393427
+18777393436
+18777393438
+18777393443
+18777393444
+18777393449
+18777393451
+18777393453
+18777393456
+18777393458
+18777393463
+18777393464
+18777393466
+18777393467
+18777393468
+18777393469
+18777393470
+18777393474
+18777393475
+18777393477
+18777393478
+18777393480
+18777393482
+18777393484
+18777393486
+18777393487
+18777393488
+18777393496
+18777393498
+18777393499
+18777393500
+18777393503
+18777393506
+18777393507
+18777393511
+18777393513
+18777393516
+18777393524
+18777393526
+18777393527
+18777393532
+18777393533
+18777393534
+18777393536
+18777393537
+18777393538
+18777393539
+18777393542
+18777393544
+18777393546
+18777393547
+18777393548
+18777393549
+18777393550
+18777393551
+18777393552
+18777393553
+18777393554
+18777393555
+18777393556
+18777393557
+18777393558
+18777393559
+18777393560
+18777393561
+18777393562
+18777393563
+18777393564
+18777393567
+18777393573
+18777393575
+18777393576
+18777393580
+18777393583
+18777393587
+18777393599
+18777393600
+18777393619
+18777393621
+18777393622
+18777393623
+18777393624
+18777393627
+18777393628
+18777393629
+18777393630
+18777393633
+18777393634
+18777393636
+18777393637
+18777393638
+18777393642
+18777393647
+18777393648
+18777393649
+18777393650
+18777393655
+18777393656
+18777393659
+18777393660
+18777393661
+18777393662
+18777393663
+18777393664
+18777393665
+18777393666
+18777393667
+18777393668
+18777393669
+18777393671
+18777393672
+18777393675
+18777393676
+18777393677
+18777393678
+18777393679
+18777393684
+18777393685
+18777393688
+18777393693
+18777393697
+18777393698
+18777393699
+18777393700
+18777393704
+18777393705
+18777393708
+18777393718
+18777393725
+18777393726
+18777393727
+18777393728
+18777393729
+18777393730
+18777393732
+18777393733
+18777393735
+18777393736
+18777393737
+18777393738
+18777393740
+18777393743
+18777393745
+18777393747
+18777393748
+18777393749
+18777393750
+18777393753
+18777393756
+18777393757
+18777393758
+18777393762
+18777393766
+18777393767
+18777393768
+18777393769
+18777393771
+18777393773
+18777393774
+18777393778
+18777393784
+18777393786
+18777393787
+18777393790
+18777393791
+18777393798
+18777393799
+18777393810
+18777393812
+18777393814
+18777393817
+18777393821
+18777393822
+18777393824
+18777393825
+18777393826
+18777393827
+18777393829
+18777393830
+18777393831
+18777393832
+18777393833
+18777393834
+18777393836
+18777393839
+18777393843
+18777393844
+18777393845
+18777393846
+18777393847
+18777393850
+18777393855
+18777393856
+18777393857
+18777393861
+18777393862
+18777393863
+18777393864
+18777393865
+18777393866
+18777393868
+18777393873
+18777393877
+18777393887
+18777393888
+18777393891
+18777393898
+18777393902
+18777393907
+18777393908
+18777393919
+18777393920
+18777393922
+18777393923
+18777393924
+18777393925
+18777393929
+18777393930
+18777393938
+18777393942
+18777393945
+18777393947
+18777393949
+18777393953
+18777393957
+18777393958
+18777393959
+18777393962
+18777393966
+18777393968
+18777393971
+18777393973
+18777393975
+18777393976
+18777393977
+18777393978
+18777393979
+18777393980
+18777393981
+18777393982
+18777393984
+18777393986
+18777393987
+18777393988
+18777394000
+18777394002
+18777394006
+18777394008
+18777394010
+18777394011
+18777394012
+18777394016
+18777394026
+18777394036
+18777394041
+18777394044
+18777394045
+18777394048
+18777394049
+18777394050
+18777394056
+18777394060
+18777394062
+18777394065
+18777394067
+18777394069
+18777394074
+18777394076
+18777394087
+18777394088
+18777394092
+18777394100
+18777394114
+18777394115
+18777394116
+18777394117
+18777394118
+18777394119
+18777394125
+18777394135
+18777394139
+18777394141
+18777394144
+18777394145
+18777394151
+18777394166
+18777394169
+18777394190
+18777394200
+18777394202
+18777394222
+18777394223
+18777394224
+18777394225
+18777394227
+18777394228
+18777394232
+18777394233
+18777394234
+18777394238
+18777394239
+18777394240
+18777394241
+18777394242
+18777394243
+18777394244
+18777394245
+18777394246
+18777394247
+18777394248
+18777394249
+18777394252
+18777394255
+18777394256
+18777394257
+18777394260
+18777394263
+18777394264
+18777394273
+18777394275
+18777394277
+18777394283
+18777394284
+18777394286
+18777394289
+18777394292
+18777394299
+18777394300
+18777394304
+18777394305
+18777394307
+18777394321
+18777394323
+18777394325
+18777394327
+18777394328
+18777394329
+18777394332
+18777394335
+18777394338
+18777394342
+18777394343
+18777394345
+18777394347
+18777394348
+18777394349
+18777394357
+18777394363
+18777394365
+18777394368
+18777394369
+18777394371
+18777394373
+18777394376
+18777394378
+18777394380
+18777394382
+18777394385
+18777394386
+18777394390
+18777394392
+18777394395
+18777394400
+18777394401
+18777394407
+18777394411
+18777394422
+18777394425
+18777394426
+18777394429
+18777394437
+18777394438
+18777394442
+18777394444
+18777394446
+18777394447
+18777394453
+18777394454
+18777394456
+18777394457
+18777394465
+18777394466
+18777394468
+18777394471
+18777394474
+18777394475
+18777394477
+18777394481
+18777394483
+18777394489
+18777394490
+18777394491
+18777394492
+18777394494
+18777394497
+18777394499
+18777394500
+18777394507
+18777394520
+18777394521
+18777394526
+18777394527
+18777394537
+18777394548
+18777394549
+18777394552
+18777394554
+18777394555
+18777394558
+18777394559
+18777394560
+18777394563
+18777394565
+18777394566
+18777394567
+18777394568
+18777394584
+18777394586
+18777394587
+18777394588
+18777394589
+18777394590
+18777394591
+18777394594
+18777394596
+18777394600
+18777394601
+18777394617
+18777394618
+18777394621
+18777394623
+18777394624
+18777394625
+18777394626
+18777394627
+18777394628
+18777394629
+18777394630
+18777394631
+18777394633
+18777394634
+18777394637
+18777394638
+18777394639
+18777394641
+18777394643
+18777394645
+18777394646
+18777394647
+18777394652
+18777394653
+18777394654
+18777394655
+18777394656
+18777394657
+18777394658
+18777394661
+18777394662
+18777394663
+18777394664
+18777394665
+18777394666
+18777394667
+18777394668
+18777394669
+18777394673
+18777394674
+18777394675
+18777394676
+18777394678
+18777394679
+18777394680
+18777394681
+18777394682
+18777394683
+18777394684
+18777394685
+18777394686
+18777394687
+18777394688
+18777394689
+18777394696
+18777394702
+18777394708
+18777394709
+18777394723
+18777394724
+18777394725
+18777394727
+18777394729
+18777394731
+18777394734
+18777394736
+18777394739
+18777394742
+18777394745
+18777394746
+18777394747
+18777394748
+18777394749
+18777394750
+18777394752
+18777394753
+18777394758
+18777394763
+18777394764
+18777394766
+18777394767
+18777394768
+18777394769
+18777394770
+18777394772
+18777394774
+18777394775
+18777394776
+18777394777
+18777394778
+18777394779
+18777394781
+18777394788
+18777394790
+18777394793
+18777394800
+18777394801
+18777394802
+18777394803
+18777394805
+18777394806
+18777394807
+18777394818
+18777394822
+18777394824
+18777394825
+18777394827
+18777394830
+18777394831
+18777394832
+18777394833
+18777394836
+18777394837
+18777394843
+18777394844
+18777394846
+18777394849
+18777394854
+18777394862
+18777394863
+18777394865
+18777394866
+18777394867
+18777394872
+18777394874
+18777394877
+18777394878
+18777394883
+18777394887
+18777394889
+18777394891
+18777394892
+18777394894
+18777394896
+18777394897
+18777394899
+18777394900
+18777394906
+18777394908
+18777394910
+18777394912
+18777394915
+18777394916
+18777394917
+18777394918
+18777394925
+18777394928
+18777394929
+18777394933
+18777394935
+18777394936
+18777394937
+18777394938
+18777394949
+18777394952
+18777394966
+18777394967
+18777394968
+18777394986
+18777394999
+18777395000
+18777395016
+18777395022
+18777395025
+18777395036
+18777395040
+18777395044
+18777395048
+18777395050
+18777395053
+18777395056
+18777395064
+18777395083
+18777395085
+18777395086
+18777395087
+18777395096
+18777395100
+18777395118
+18777395119
+18777395121
+18777395145
+18777395165
+18777395176
+18777395181
+18777395188
+18777395190
+18777395200
+18777395203
+18777395207
+18777395219
+18777395223
+18777395225
+18777395226
+18777395227
+18777395239
+18777395242
+18777395243
+18777395244
+18777395245
+18777395246
+18777395248
+18777395249
+18777395250
+18777395251
+18777395263
+18777395265
+18777395266
+18777395269
+18777395270
+18777395272
+18777395273
+18777395277
+18777395278
+18777395279
+18777395281
+18777395282
+18777395283
+18777395287
+18777395296
+18777395298
+18777395299
+18777395300
+18777395308
+18777395317
+18777395323
+18777395324
+18777395325
+18777395328
+18777395329
+18777395330
+18777395332
+18777395333
+18777395337
+18777395339
+18777395341
+18777395342
+18777395343
+18777395344
+18777395345
+18777395347
+18777395349
+18777395350
+18777395351
+18777395352
+18777395355
+18777395356
+18777395362
+18777395363
+18777395365
+18777395366
+18777395367
+18777395372
+18777395374
+18777395375
+18777395388
+18777395389
+18777395393
+18777395399
+18777395400
+18777395411
+18777395416
+18777395418
+18777395421
+18777395423
+18777395424
+18777395425
+18777395426
+18777395427
+18777395428
+18777395429
+18777395430
+18777395431
+18777395432
+18777395433
+18777395436
+18777395437
+18777395438
+18777395444
+18777395448
+18777395453
+18777395455
+18777395463
+18777395464
+18777395465
+18777395466
+18777395472
+18777395476
+18777395477
+18777395478
+18777395479
+18777395482
+18777395483
+18777395484
+18777395487
+18777395488
+18777395489
+18777395495
+18777395496
+18777395501
+18777395502
+18777395521
+18777395522
+18777395533
+18777395538
+18777395541
+18777395551
+18777395552
+18777395554
+18777395555
+18777395558
+18777395559
+18777395566
+18777395577
+18777395597
+18777395598
+18777395602
+18777395603
+18777395612
+18777395621
+18777395622
+18777395625
+18777395626
+18777395627
+18777395635
+18777395638
+18777395645
+18777395647
+18777395648
+18777395649
+18777395650
+18777395651
+18777395652
+18777395653
+18777395654
+18777395655
+18777395657
+18777395658
+18777395659
+18777395660
+18777395661
+18777395662
+18777395665
+18777395666
+18777395679
+18777395680
+18777395681
+18777395682
+18777395683
+18777395685
+18777395686
+18777395687
+18777395688
+18777395690
+18777395691
+18777395696
+18777395697
+18777395698
+18777395699
+18777395700
+18777395711
+18777395720
+18777395725
+18777395731
+18777395735
+18777395736
+18777395737
+18777395738
+18777395747
+18777395753
+18777395756
+18777395761
+18777395762
+18777395764
+18777395765
+18777395769
+18777395770
+18777395771
+18777395783
+18777395784
+18777395786
+18777395787
+18777395789
+18777395800
+18777395810
+18777395817
+18777395820
+18777395821
+18777395825
+18777395829
+18777395831
+18777395832
+18777395839
+18777395841
+18777395842
+18777395843
+18777395847
+18777395849
+18777395850
+18777395851
+18777395852
+18777395853
+18777395854
+18777395855
+18777395856
+18777395857
+18777395858
+18777395862
+18777395864
+18777395865
+18777395866
+18777395868
+18777395870
+18777395872
+18777395873
+18777395875
+18777395876
+18777395877
+18777395878
+18777395880
+18777395882
+18777395883
+18777395884
+18777395885
+18777395886
+18777395888
+18777395889
+18777395890
+18777395891
+18777395892
+18777395894
+18777395895
+18777395910
+18777395911
+18777395915
+18777395920
+18777395932
+18777395933
+18777395947
+18777395949
+18777395950
+18777395960
+18777395969
+18777395984
+18777395988
+18777396000
+18777396006
+18777396026
+18777396031
+18777396053
+18777396056
+18777396060
+18777396063
+18777396067
+18777396069
+18777396072
+18777396073
+18777396083
+18777396084
+18777396091
+18777396110
+18777396114
+18777396118
+18777396120
+18777396121
+18777396123
+18777396124
+18777396125
+18777396126
+18777396134
+18777396153
+18777396155
+18777396159
+18777396160
+18777396161
+18777396188
+18777396189
+18777396190
+18777396200
+18777396224
+18777396228
+18777396229
+18777396231
+18777396232
+18777396233
+18777396239
+18777396240
+18777396242
+18777396243
+18777396245
+18777396246
+18777396247
+18777396252
+18777396253
+18777396255
+18777396258
+18777396261
+18777396262
+18777396263
+18777396264
+18777396266
+18777396267
+18777396268
+18777396272
+18777396274
+18777396276
+18777396277
+18777396278
+18777396282
+18777396283
+18777396284
+18777396286
+18777396287
+18777396289
+18777396291
+18777396292
+18777396294
+18777396295
+18777396296
+18777396299
+18777396300
+18777396301
+18777396326
+18777396328
+18777396331
+18777396332
+18777396333
+18777396334
+18777396337
+18777396338
+18777396342
+18777396346
+18777396349
+18777396350
+18777396352
+18777396361
+18777396362
+18777396366
+18777396367
+18777396368
+18777396372
+18777396373
+18777396374
+18777396375
+18777396377
+18777396381
+18777396383
+18777396387
+18777396388
+18777396389
+18777396391
+18777396394
+18777396397
+18777396412
+18777396421
+18777396425
+18777396434
+18777396436
+18777396444
+18777396448
+18777396451
+18777396453
+18777396455
+18777396456
+18777396457
+18777396463
+18777396467
+18777396476
+18777396477
+18777396482
+18777396483
+18777396487
+18777396500
+18777396509
+18777396531
+18777396535
+18777396539
+18777396547
+18777396552
+18777396554
+18777396564
+18777396576
+18777396583
+18777396595
+18777396600
+18777396618
+18777396619
+18777396622
+18777396623
+18777396624
+18777396625
+18777396626
+18777396629
+18777396633
+18777396634
+18777396637
+18777396646
+18777396647
+18777396653
+18777396654
+18777396659
+18777396661
+18777396663
+18777396664
+18777396665
+18777396666
+18777396667
+18777396669
+18777396671
+18777396672
+18777396673
+18777396674
+18777396675
+18777396676
+18777396679
+18777396682
+18777396683
+18777396684
+18777396687
+18777396688
+18777396691
+18777396697
+18777396727
+18777396731
+18777396732
+18777396733
+18777396735
+18777396736
+18777396738
+18777396740
+18777396742
+18777396743
+18777396744
+18777396749
+18777396752
+18777396753
+18777396754
+18777396762
+18777396765
+18777396767
+18777396768
+18777396774
+18777396775
+18777396780
+18777396782
+18777396784
+18777396792
+18777396793
+18777396797
+18777396800
+18777396810
+18777396814
+18777396815
+18777396818
+18777396831
+18777396832
+18777396833
+18777396835
+18777396836
+18777396837
+18777396838
+18777396843
+18777396844
+18777396845
+18777396848
+18777396849
+18777396853
+18777396854
+18777396856
+18777396859
+18777396862
+18777396863
+18777396868
+18777396872
+18777396873
+18777396874
+18777396877
+18777396884
+18777396885
+18777396886
+18777396887
+18777396888
+18777396889
+18777396899
+18777396900
+18777396901
+18777396919
+18777396922
+18777396927
+18777396928
+18777396929
+18777396930
+18777396933
+18777396934
+18777396936
+18777396937
+18777396942
+18777396952
+18777396955
+18777396956
+18777396963
+18777396964
+18777396967
+18777396969
+18777396970
+18777396973
+18777396978
+18777396983
+18777396984
+18777396986
+18777396989
+18777396994
+18777397000
+18777397009
+18777397011
+18777397014
+18777397021
+18777397024
+18777397026
+18777397027
+18777397031
+18777397034
+18777397038
+18777397041
+18777397043
+18777397044
+18777397045
+18777397052
+18777397053
+18777397058
+18777397059
+18777397062
+18777397064
+18777397065
+18777397067
+18777397068
+18777397073
+18777397076
+18777397092
+18777397093
+18777397094
+18777397099
+18777397100
+18777397102
+18777397105
+18777397110
+18777397114
+18777397116
+18777397118
+18777397120
+18777397122
+18777397123
+18777397130
+18777397138
+18777397144
+18777397150
+18777397151
+18777397155
+18777397159
+18777397165
+18777397170
+18777397177
+18777397179
+18777397182
+18777397189
+18777397191
+18777397200
+18777397222
+18777397223
+18777397225
+18777397226
+18777397227
+18777397228
+18777397229
+18777397232
+18777397233
+18777397236
+18777397237
+18777397238
+18777397245
+18777397246
+18777397250
+18777397253
+18777397255
+18777397256
+18777397257
+18777397266
+18777397267
+18777397268
+18777397272
+18777397273
+18777397275
+18777397277
+18777397278
+18777397283
+18777397284
+18777397286
+18777397287
+18777397294
+18777397296
+18777397300
+18777397314
+18777397322
+18777397323
+18777397324
+18777397325
+18777397326
+18777397328
+18777397332
+18777397334
+18777397335
+18777397336
+18777397337
+18777397339
+18777397340
+18777397342
+18777397343
+18777397344
+18777397347
+18777397350
+18777397352
+18777397353
+18777397354
+18777397355
+18777397360
+18777397361
+18777397363
+18777397364
+18777397365
+18777397367
+18777397368
+18777397369
+18777397371
+18777397373
+18777397375
+18777397376
+18777397378
+18777397382
+18777397384
+18777397386
+18777397387
+18777397388
+18777397393
+18777397394
+18777397395
+18777397396
+18777397397
+18777397399
+18777397400
+18777397401
+18777397403
+18777397404
+18777397406
+18777397407
+18777397408
+18777397409
+18777397416
+18777397418
+18777397420
+18777397422
+18777397423
+18777397424
+18777397425
+18777397426
+18777397427
+18777397428
+18777397433
+18777397443
+18777397447
+18777397450
+18777397451
+18777397455
+18777397457
+18777397458
+18777397461
+18777397462
+18777397463
+18777397464
+18777397465
+18777397466
+18777397467
+18777397468
+18777397469
+18777397471
+18777397472
+18777397474
+18777397475
+18777397476
+18777397477
+18777397478
+18777397479
+18777397480
+18777397481
+18777397482
+18777397483
+18777397485
+18777397486
+18777397487
+18777397490
+18777397492
+18777397499
+18777397500
+18777397501
+18777397507
+18777397508
+18777397509
+18777397520
+18777397522
+18777397524
+18777397526
+18777397527
+18777397528
+18777397529
+18777397532
+18777397545
+18777397546
+18777397548
+18777397566
+18777397567
+18777397568
+18777397569
+18777397570
+18777397575
+18777397583
+18777397584
+18777397586
+18777397587
+18777397588
+18777397600
+18777397601
+18777397602
+18777397603
+18777397606
+18777397607
+18777397608
+18777397610
+18777397616
+18777397623
+18777397624
+18777397625
+18777397626
+18777397627
+18777397628
+18777397632
+18777397633
+18777397634
+18777397636
+18777397637
+18777397638
+18777397645
+18777397646
+18777397649
+18777397652
+18777397653
+18777397655
+18777397663
+18777397664
+18777397665
+18777397666
+18777397667
+18777397668
+18777397669
+18777397673
+18777397674
+18777397675
+18777397676
+18777397678
+18777397683
+18777397685
+18777397687
+18777397688
+18777397697
+18777397700
+18777397707
+18777397708
+18777397720
+18777397722
+18777397724
+18777397726
+18777397727
+18777397728
+18777397732
+18777397733
+18777397734
+18777397737
+18777397738
+18777397740
+18777397742
+18777397746
+18777397747
+18777397748
+18777397750
+18777397753
+18777397754
+18777397757
+18777397760
+18777397762
+18777397763
+18777397764
+18777397767
+18777397768
+18777397769
+18777397772
+18777397776
+18777397777
+18777397783
+18777397785
+18777397787
+18777397789
+18777397790
+18777397792
+18777397794
+18777397795
+18777397796
+18777397800
+18777397807
+18777397809
+18777397811
+18777397815
+18777397818
+18777397821
+18777397822
+18777397823
+18777397824
+18777397825
+18777397827
+18777397832
+18777397837
+18777397838
+18777397840
+18777397842
+18777397843
+18777397846
+18777397847
+18777397849
+18777397852
+18777397853
+18777397855
+18777397856
+18777397858
+18777397862
+18777397864
+18777397865
+18777397867
+18777397872
+18777397873
+18777397876
+18777397877
+18777397878
+18777397879
+18777397882
+18777397883
+18777397884
+18777397887
+18777397888
+18777397890
+18777397891
+18777397892
+18777397894
+18777397895
+18777397899
+18777397900
+18777397901
+18777397902
+18777397906
+18777397907
+18777397910
+18777397911
+18777397914
+18777397916
+18777397918
+18777397922
+18777397923
+18777397924
+18777397927
+18777397928
+18777397929
+18777397932
+18777397933
+18777397935
+18777397936
+18777397939
+18777397940
+18777397942
+18777397946
+18777397947
+18777397948
+18777397950
+18777397958
+18777397960
+18777397965
+18777397966
+18777397967
+18777397969
+18777397976
+18777397978
+18777397979
+18777398000
+18777398002
+18777398003
+18777398004
+18777398005
+18777398006
+18777398007
+18777398008
+18777398009
+18777398010
+18777398011
+18777398012
+18777398013
+18777398014
+18777398015
+18777398016
+18777398017
+18777398018
+18777398020
+18777398021
+18777398022
+18777398024
+18777398025
+18777398026
+18777398027
+18777398028
+18777398029
+18777398030
+18777398031
+18777398032
+18777398033
+18777398034
+18777398035
+18777398036
+18777398037
+18777398038
+18777398039
+18777398040
+18777398041
+18777398042
+18777398043
+18777398044
+18777398046
+18777398047
+18777398048
+18777398050
+18777398051
+18777398052
+18777398053
+18777398054
+18777398055
+18777398056
+18777398057
+18777398058
+18777398059
+18777398060
+18777398061
+18777398062
+18777398063
+18777398064
+18777398065
+18777398066
+18777398067
+18777398069
+18777398070
+18777398071
+18777398072
+18777398073
+18777398074
+18777398075
+18777398076
+18777398077
+18777398078
+18777398079
+18777398080
+18777398081
+18777398082
+18777398083
+18777398084
+18777398085
+18777398086
+18777398087
+18777398088
+18777398089
+18777398090
+18777398091
+18777398092
+18777398093
+18777398094
+18777398095
+18777398096
+18777398097
+18777398098
+18777398099
+18777398100
+18777398101
+18777398102
+18777398103
+18777398104
+18777398105
+18777398106
+18777398107
+18777398108
+18777398109
+18777398110
+18777398111
+18777398112
+18777398113
+18777398115
+18777398116
+18777398117
+18777398119
+18777398120
+18777398121
+18777398122
+18777398124
+18777398125
+18777398126
+18777398127
+18777398128
+18777398129
+18777398131
+18777398133
+18777398134
+18777398136
+18777398137
+18777398138
+18777398139
+18777398140
+18777398141
+18777398142
+18777398143
+18777398146
+18777398147
+18777398148
+18777398149
+18777398150
+18777398151
+18777398153
+18777398154
+18777398155
+18777398156
+18777398157
+18777398158
+18777398159
+18777398160
+18777398161
+18777398164
+18777398165
+18777398166
+18777398167
+18777398168
+18777398169
+18777398170
+18777398171
+18777398182
+18777398183
+18777398184
+18777398185
+18777398186
+18777398187
+18777398188
+18777398189
+18777398190
+18777398191
+18777398194
+18777398195
+18777398196
+18777398200
+18777398207
+18777398222
+18777398223
+18777398226
+18777398230
+18777398232
+18777398233
+18777398238
+18777398243
+18777398244
+18777398247
+18777398249
+18777398250
+18777398252
+18777398253
+18777398255
+18777398258
+18777398261
+18777398264
+18777398267
+18777398268
+18777398273
+18777398276
+18777398278
+18777398282
+18777398285
+18777398286
+18777398297
+18777398298
+18777398300
+18777398303
+18777398322
+18777398325
+18777398326
+18777398327
+18777398328
+18777398331
+18777398333
+18777398335
+18777398336
+18777398337
+18777398339
+18777398341
+18777398342
+18777398345
+18777398349
+18777398353
+18777398355
+18777398356
+18777398367
+18777398368
+18777398369
+18777398371
+18777398372
+18777398375
+18777398377
+18777398378
+18777398386
+18777398387
+18777398391
+18777398392
+18777398393
+18777398397
+18777398398
+18777398399
+18777398402
+18777398404
+18777398405
+18777398410
+18777398411
+18777398417
+18777398419
+18777398420
+18777398421
+18777398423
+18777398424
+18777398425
+18777398427
+18777398428
+18777398431
+18777398432
+18777398433
+18777398437
+18777398438
+18777398439
+18777398440
+18777398441
+18777398442
+18777398443
+18777398444
+18777398445
+18777398446
+18777398447
+18777398448
+18777398449
+18777398451
+18777398453
+18777398454
+18777398456
+18777398457
+18777398458
+18777398459
+18777398462
+18777398463
+18777398464
+18777398466
+18777398468
+18777398469
+18777398472
+18777398474
+18777398476
+18777398477
+18777398478
+18777398481
+18777398482
+18777398484
+18777398485
+18777398486
+18777398487
+18777398488
+18777398489
+18777398491
+18777398493
+18777398494
+18777398495
+18777398499
+18777398500
+18777398501
+18777398502
+18777398503
+18777398506
+18777398521
+18777398523
+18777398525
+18777398526
+18777398528
+18777398531
+18777398534
+18777398535
+18777398536
+18777398537
+18777398538
+18777398541
+18777398544
+18777398557
+18777398558
+18777398559
+18777398563
+18777398566
+18777398576
+18777398577
+18777398581
+18777398587
+18777398588
+18777398589
+18777398594
+18777398595
+18777398600
+18777398607
+18777398617
+18777398622
+18777398632
+18777398633
+18777398637
+18777398641
+18777398642
+18777398643
+18777398644
+18777398645
+18777398646
+18777398647
+18777398648
+18777398653
+18777398657
+18777398659
+18777398661
+18777398663
+18777398665
+18777398666
+18777398669
+18777398674
+18777398675
+18777398676
+18777398677
+18777398678
+18777398679
+18777398682
+18777398686
+18777398687
+18777398690
+18777398691
+18777398692
+18777398693
+18777398694
+18777398695
+18777398696
+18777398697
+18777398698
+18777398699
+18777398700
+18777398705
+18777398708
+18777398709
+18777398722
+18777398723
+18777398725
+18777398726
+18777398728
+18777398732
+18777398734
+18777398735
+18777398736
+18777398737
+18777398738
+18777398739
+18777398741
+18777398742
+18777398743
+18777398744
+18777398745
+18777398746
+18777398747
+18777398752
+18777398753
+18777398755
+18777398761
+18777398762
+18777398765
+18777398767
+18777398768
+18777398769
+18777398770
+18777398771
+18777398777
+18777398778
+18777398781
+18777398782
+18777398787
+18777398788
+18777398789
+18777398791
+18777398792
+18777398794
+18777398796
+18777398797
+18777398800
+18777398801
+18777398822
+18777398823
+18777398827
+18777398832
+18777398833
+18777398841
+18777398843
+18777398851
+18777398853
+18777398854
+18777398856
+18777398859
+18777398863
+18777398866
+18777398867
+18777398874
+18777398875
+18777398877
+18777398878
+18777398887
+18777398888
+18777398889
+18777398890
+18777398897
+18777398900
+18777398913
+18777398924
+18777398928
+18777398930
+18777398932
+18777398934
+18777398946
+18777398947
+18777398948
+18777398960
+18777398961
+18777398963
+18777398965
+18777398967
+18777398968
+18777398971
+18777398972
+18777398973
+18777398982
+18777398985
+18777398997
+18777398999
+18777399000
+18777399001
+18777399003
+18777399006
+18777399015
+18777399017
+18777399018
+18777399022
+18777399024
+18777399025
+18777399031
+18777399032
+18777399033
+18777399053
+18777399054
+18777399068
+18777399074
+18777399080
+18777399090
+18777399095
+18777399101
+18777399103
+18777399106
+18777399111
+18777399121
+18777399123
+18777399133
+18777399151
+18777399165
+18777399166
+18777399168
+18777399170
+18777399171
+18777399173
+18777399174
+18777399175
+18777399178
+18777399182
+18777399192
+18777399193
+18777399199
+18777399200
+18777399201
+18777399203
+18777399211
+18777399213
+18777399215
+18777399216
+18777399220
+18777399222
+18777399223
+18777399225
+18777399226
+18777399227
+18777399228
+18777399229
+18777399231
+18777399232
+18777399233
+18777399235
+18777399237
+18777399242
+18777399243
+18777399244
+18777399246
+18777399247
+18777399248
+18777399251
+18777399252
+18777399254
+18777399255
+18777399258
+18777399260
+18777399262
+18777399263
+18777399265
+18777399266
+18777399267
+18777399268
+18777399269
+18777399271
+18777399272
+18777399273
+18777399274
+18777399276
+18777399277
+18777399278
+18777399279
+18777399282
+18777399283
+18777399284
+18777399285
+18777399286
+18777399287
+18777399288
+18777399289
+18777399296
+18777399300
+18777399303
+18777399304
+18777399305
+18777399321
+18777399322
+18777399326
+18777399327
+18777399328
+18777399329
+18777399331
+18777399333
+18777399334
+18777399335
+18777399336
+18777399337
+18777399338
+18777399342
+18777399343
+18777399345
+18777399347
+18777399348
+18777399349
+18777399350
+18777399352
+18777399354
+18777399355
+18777399359
+18777399362
+18777399364
+18777399365
+18777399366
+18777399369
+18777399372
+18777399373
+18777399374
+18777399375
+18777399376
+18777399377
+18777399378
+18777399379
+18777399380
+18777399382
+18777399383
+18777399386
+18777399387
+18777399388
+18777399389
+18777399392
+18777399393
+18777399397
+18777399399
+18777399400
+18777399404
+18777399405
+18777399407
+18777399408
+18777399410
+18777399414
+18777399422
+18777399423
+18777399424
+18777399425
+18777399426
+18777399427
+18777399429
+18777399432
+18777399433
+18777399434
+18777399440
+18777399441
+18777399443
+18777399444
+18777399447
+18777399448
+18777399450
+18777399452
+18777399453
+18777399454
+18777399460
+18777399463
+18777399464
+18777399465
+18777399467
+18777399468
+18777399469
+18777399470
+18777399473
+18777399474
+18777399475
+18777399476
+18777399478
+18777399482
+18777399483
+18777399484
+18777399485
+18777399486
+18777399487
+18777399489
+18777399492
+18777399495
+18777399496
+18777399497
+18777399499
+18777399500
+18777399502
+18777399514
+18777399515
+18777399518
+18777399523
+18777399525
+18777399528
+18777399529
+18777399530
+18777399532
+18777399534
+18777399535
+18777399536
+18777399537
+18777399539
+18777399541
+18777399542
+18777399543
+18777399544
+18777399545
+18777399546
+18777399547
+18777399548
+18777399555
+18777399556
+18777399558
+18777399561
+18777399562
+18777399563
+18777399564
+18777399565
+18777399566
+18777399567
+18777399568
+18777399569
+18777399579
+18777399582
+18777399583
+18777399584
+18777399585
+18777399586
+18777399587
+18777399588
+18777399596
+18777399598
+18777399600
+18777399602
+18777399606
+18777399609
+18777399622
+18777399624
+18777399625
+18777399627
+18777399628
+18777399629
+18777399632
+18777399633
+18777399635
+18777399636
+18777399637
+18777399638
+18777399639
+18777399642
+18777399643
+18777399644
+18777399645
+18777399647
+18777399648
+18777399653
+18777399662
+18777399663
+18777399665
+18777399666
+18777399667
+18777399668
+18777399669
+18777399672
+18777399673
+18777399674
+18777399675
+18777399681
+18777399683
+18777399686
+18777399687
+18777399688
+18777399692
+18777399696
+18777399697
+18777399700
+18777399703
+18777399704
+18777399705
+18777399710
+18777399712
+18777399713
+18777399719
+18777399723
+18777399724
+18777399725
+18777399726
+18777399727
+18777399729
+18777399731
+18777399736
+18777399737
+18777399738
+18777399739
+18777399742
+18777399744
+18777399745
+18777399746
+18777399747
+18777399748
+18777399749
+18777399751
+18777399752
+18777399754
+18777399755
+18777399756
+18777399757
+18777399758
+18777399759
+18777399760
+18777399762
+18777399763
+18777399764
+18777399765
+18777399766
+18777399767
+18777399769
+18777399771
+18777399772
+18777399777
+18777399782
+18777399783
+18777399784
+18777399786
+18777399787
+18777399790
+18777399793
+18777399794
+18777399797
+18777399799
+18777399812
+18777399813
+18777399816
+18777399818
+18777399824
+18777399825
+18777399826
+18777399829
+18777399831
+18777399832
+18777399833
+18777399842
+18777399844
+18777399846
+18777399848
+18777399850
+18777399852
+18777399853
+18777399854
+18777399855
+18777399856
+18777399859
+18777399861
+18777399862
+18777399863
+18777399864
+18777399866
+18777399868
+18777399869
+18777399872
+18777399873
+18777399876
+18777399879
+18777399884
+18777399885
+18777399886
+18777399888
+18777399889
+18777399892
+18777399894
+18777399896
+18777399897
+18777399898
+18777399901
+18777399903
+18777399906
+18777399929
+18777399931
+18777399932
+18777399935
+18777399936
+18777399937
+18777399938
+18777399939
+18777399940
+18777399941
+18777399942
+18777399943
+18777399944
+18777399945
+18777399946
+18777399947
+18777399948
+18777399956
+18777399963
+18777399968
+18777399975
+18777399980
+18777399981
+18777399984
+18777399985
+18777399986
+18777399990
+18777399991
+18777399993
+18777399994
+18777399995
+18777399996
+18777399998
+18777399999
+18777400466
+18777409099
+18777424273
+18777427622
+18777433849
+18777463373
+18777464507
+18777464531
+18777464532
+18777464533
+18777464535
+18777464537
+18777464544
+18777464553
+18777464555
+18777464557
+18777464563
+18777464577
+18777465547
+18777465647
+18777465739
+18777466373
+18777466374
+18777466378
+18777466379
+18777467223
+18777467244
+18777467255
+18777467286
+18777467386
+18777467425
+18777467437
+18777467438
+18777467446
+18777467468
+18777467489
+18777467666
+18777467669
+18777467739
+18777467932
+18777467999
+18777475061
+18777478022
+18777508045
+18777527277
+18777537720
+18777546637
+18777572083
+18777578298
+18777579447
+18777588223
+18777588244
+18777588255
+18777588277
+18777588323
+18777588386
+18777588425
+18777588438
+18777588468
+18777588489
+18777588548
+18777588666
+18777588669
+18777588739
+18777588999
+18777607292
+18777639810
+18777662623
+18777663537
+18777673324
+18777676061
+18777676082
+18777676239
+18777676253
+18777676283
+18777676286
+18777676309
+18777676316
+18777676338
+18777676375
+18777676382
+18777676383
+18777676404
+18777676422
+18777676428
+18777676429
+18777676442
+18777676472
+18777676481
+18777676482
+18777676483
+18777676485
+18777676486
+18777676487
+18777676488
+18777676492
+18777676496
+18777676669
+18777676767
+18777677779
+18777678377
+18777688223
+18777688244
+18777688323
+18777688386
+18777688425
+18777688437
+18777688438
+18777688446
+18777688468
+18777688489
+18777688666
+18777688669
+18777688739
+18777688866
+18777688924
+18777688932
+18777688999
+18777693699
+18777714255
+18777714256
+18777733377
+18777735483
+18777737273
+18777767077
+18777769880
+18777773825
+18777777286
+18777777448
+18777777777
+18777779719
+18777780669
+18777783686
+18777792442
+18777825377
+18777825633
+18777825848
+18777826327
+18777829750
+18777858594
+18777862574
+18777867282
+18777867437
+18777877437
+18777877929
+18777877936
+18777877938
+18777877946
+18777877948
+18777877963
+18777877964
+18777877967
+18777877973
+18777877982
+18777877987
+18777877993
+18777878291
+18777894748
+18777895259
+18777988363
+18777990537
+18777995463
+18778005282
+18778005572
+18778108108
+18778112237
+18778141520
+18778162092
+18778244621
+18778244627
+18778254158
+18778255263
+18778255709
+18778255739
+18778255966
+18778262256
+18778292753
+18778311212
+18778312873
+18778317908
+18778322668
+18778328369
+18778336286
+18778336937
+18778341044
+18778344044
+18778355375
+18778377282
+18778385613
+18778385616
+18778392746
+18778393753
+18778408487
+18778423546
+18778437279
+18778438255
+18778444765
+18778462277
+18778472911
+18778487739
+18778488929
+18778488936
+18778488948
+18778488963
+18778493628
+18778493653
+18778493672
+18778493678
+18778493699
+18778510318
+18778532254
+18778539190
+18778544542
+18778552229
+18778574975
+18778575133
+18778587268
+18778593202
+18778597355
+18778627504
+18778642637
+18778649125
+18778653338
+18778666031
+18778696356
+18778703164
+18778712228
+18778726729
+18778726736
+18778726746
+18778726748
+18778726763
+18778726765
+18778726787
+18778735463
+18778735783
+18778748836
+18778776539
+18778808351
+18778822011
+18778831363
+18778833372
+18778835310
+18778838179
+18778857290
+18778870133
+18778875391
+18778876636
+18778887739
+18778891209
+18778898209
+18778914277
+18778922894
+18778930883
+18778990542
+18779069631
+18779070303
+18779091382
+18779134040
+18779151030
+18779161090
+18779161100
+18779178328
+18779244765
+18779248463
+18779252438
+18779259030
+18779268968
+18779282448
+18779291008
+18779293483
+18779293655
+18779300101
+18779327483
+18779355598
+18779355637
+18779381249
+18779381475
+18779382262
+18779382539
+18779382540
+18779382541
+18779382542
+18779382544
+18779382545
+18779382546
+18779382547
+18779382548
+18779382549
+18779382552
+18779382554
+18779383063
+18779383825
+18779384137
+18779386292
+18779386833
+18779387783
+18779387825
+18779399908
+18779400978
+18779401706
+18779433739
+18779467223
+18779467255
+18779467346
+18779467348
+18779467365
+18779467386
+18779467425
+18779467437
+18779467438
+18779467468
+18779467489
+18779467666
+18779467669
+18779467739
+18779467866
+18779493528
+18779502866
+18779534164
+18779552742
+18779570588
+18779572897
+18779594442
+18779594446
+18779597883
+18779610019
+18779610161
+18779610330
+18779610345
+18779610349
+18779610391
+18779610456
+18779610461
+18779611157
+18779636688
+18779637792
+18779640300
+18779642237
+18779663640
+18779663647
+18779663654
+18779663660
+18779663661
+18779663665
+18779663671
+18779663689
+18779663699
+18779665584
+18779670345
+18779687277
+18779750588
+18779795925
+18779824622
+18779874675
+18779924425
+18779925298
+18779930813
+18779944832
+18779995463
+18779995850
+18779998336
+18782329202
+18782409975
+18782831426
+18785000411
+18846748172
+18846875888
+18858830574
+18863983312
+18874961914
+18878845743
+18882016918
+18882030054
+18882030116
+18882078487
+18882096057
+18882101010
+18882108445
+18882114668
+18882127293
+18882133879
+18882143488
+18882207732
+18882214373
+18882223825
+18882224227
+18882225483
+18882226948
+18882228957
+18882229739
+18882232777
+18882255302
+18882255432
+18882255739
+18882260331
+18882264565
+18882266453
+18882267464
+18882273739
+18882278464
+18882278708
+18882282074
+18882294021
+18882300752
+18882325543
+18882327910
+18882327919
+18882328885
+18882334373
+18882335325
+18882337130
+18882340916
+18882346963
+18882347243
+18882358995
+18882362678
+18882363678
+18882364403
+18882371580
+18882373523
+18882376342
+18882377291
+18882378222
+18882378739
+18882385818
+18882385821
+18882385824
+18882385827
+18882385833
+18882385837
+18882385838
+18882385844
+18882385846
+18882385847
+18882385854
+18882385856
+18882385862
+18882385866
+18882385869
+18882385870
+18882385873
+18882385874
+18882385877
+18882385878
+18882385879
+18882385880
+18882385882
+18882385883
+18882385893
+18882385899
+18882388533
+18882392527
+18882392704
+18882405433
+18882409849
+18882422874
+18882422878
+18882425784
+18882427788
+18882428002
+18882428047
+18882428156
+18882428238
+18882428255
+18882428363
+18882428365
+18882428373
+18882428386
+18882428397
+18882428428
+18882428440
+18882428445
+18882428546
+18882428548
+18882428561
+18882428568
+18882428669
+18882428793
+18882428825
+18882428872
+18882428999
+18882432773
+18882434625
+18882442625
+18882442662
+18882442888
+18882443425
+18882443454
+18882444653
+18882445847
+18882448487
+18882449597
+18882472428
+18882472769
+18882473982
+18882475541
+18882482429
+18882482436
+18882482446
+18882482448
+18882482463
+18882482465
+18882491484
+18882493011
+18882508152
+18882518003
+18882522534
+18882522544
+18882522573
+18882522576
+18882522578
+18882557398
+18882569562
+18882573613
+18882575757
+18882586327
+18882588591
+18882594900
+18882595973
+18882622265
+18882625223
+18882625244
+18882625323
+18882625386
+18882625425
+18882625437
+18882625438
+18882625446
+18882625468
+18882625489
+18882625666
+18882625669
+18882625739
+18882625746
+18882625866
+18882625924
+18882625932
+18882625999
+18882636543
+18882639416
+18882642084
+18882642913
+18882644046
+18882646486
+18882647765
+18882658378
+18882661712
+18882662225
+18882662437
+18882663739
+18882665452
+18882666626
+18882678438
+18882684475
+18882690640
+18882691541
+18882691712
+18882694450
+18882694550
+18882694564
+18882705285
+18882726453
+18882732408
+18882732787
+18882750203
+18882757468
+18882768284
+18882768738
+18882773825
+18882774653
+18882776359
+18882777399
+18882778487
+18882806805
+18882812382
+18882813850
+18882818350
+18882818351
+18882827154
+18882837489
+18882858873
+18882866663
+18882868669
+18882869422
+18882888286
+18882888739
+18882895533
+18882912427
+18882920153
+18882923345
+18882931398
+18882951593
+18882952424
+18882976666
+18882978213
+18882984856
+18882985533
+18882989800
+18883003825
+18883020021
+18883038378
+18883039945
+18883046635
+18883046667
+18883055014
+18883071390
+18883074328
+18883101056
+18883101367
+18883101970
+18883102158
+18883102367
+18883102960
+18883103230
+18883103616
+18883103706
+18883104513
+18883104941
+18883125319
+18883137155
+18883140744
+18883144273
+18883152297
+18883157644
+18883173123
+18883175746
+18883181446
+18883192622
+18883213825
+18883217399
+18883226152
+18883230570
+18883258714
+18883267796
+18883268273
+18883268274
+18883268279
+18883278074
+18883278458
+18883283338
+18883283464
+18883283546
+18883283825
+18883284475
+18883285239
+18883285347
+18883285477
+18883286999
+18883287399
+18883288487
+18883306397
+18883307699
+18883319099
+18883325276
+18883327591
+18883332662
+18883333195
+18883335347
+18883344022
+18883348674
+18883367574
+18883372428
+18883372508
+18883378462
+18883379753
+18883382515
+18883384736
+18883384746
+18883384748
+18883423784
+18883425223
+18883425225
+18883425244
+18883425255
+18883425323
+18883425386
+18883425425
+18883425437
+18883425438
+18883425446
+18883425489
+18883425666
+18883425669
+18883425739
+18883425866
+18883425924
+18883425932
+18883425999
+18883426202
+18883428865
+18883446953
+18883447409
+18883449175
+18883453223
+18883453255
+18883453386
+18883453425
+18883453437
+18883453446
+18883453489
+18883453666
+18883453669
+18883453739
+18883453866
+18883453924
+18883453932
+18883453999
+18883463333
+18883469202
+18883469935
+18883473283
+18883478918
+18883497443
+18883502028
+18883518665
+18883520626
+18883536662
+18883547462
+18883547812
+18883547824
+18883547825
+18883547837
+18883547846
+18883547847
+18883547860
+18883547871
+18883547873
+18883551664
+18883571110
+18883574577
+18883575555
+18883582265
+18883588973
+18883642740
+18883647757
+18883657269
+18883657588
+18883666245
+18883666248
+18883666253
+18883666329
+18883666336
+18883666346
+18883666348
+18883666363
+18883666365
+18883666387
+18883667954
+18883673425
+18883675333
+18883676846
+18883677399
+18883680844
+18883684081
+18883687985
+18883691483
+18883711957
+18883728328
+18883733739
+18883764463
+18883768422
+18883768427
+18883768429
+18883768436
+18883768446
+18883768448
+18883782837
+18883784223
+18883786776
+18883788955
+18883792676
+18883797939
+18883806318
+18883808349
+18883822669
+18883825106
+18883825223
+18883825225
+18883825244
+18883825253
+18883825255
+18883825277
+18883825323
+18883825382
+18883825386
+18883825425
+18883825429
+18883825437
+18883825438
+18883825446
+18883825464
+18883825468
+18883825484
+18883825489
+18883825499
+18883825530
+18883825633
+18883825636
+18883825638
+18883825655
+18883825666
+18883825669
+18883825717
+18883825739
+18883825769
+18883825827
+18883825848
+18883825866
+18883825872
+18883825924
+18883825932
+18883825968
+18883825999
+18883835728
+18883838300
+18883863825
+18883864475
+18883867588
+18883873777
+18883875537
+18883877924
+18883880910
+18883886113
+18883888605
+18883892789
+18883903985
+18883906966
+18883919597
+18883923616
+18883923626
+18883924304
+18883924345
+18883924353
+18883937241
+18883965463
+18883967759
+18883985904
+18883997283
+18884003287
+18884005297
+18884008992
+18884021212
+18884042183
+18884048531
+18884049900
+18884052950
+18884071608
+18884073048
+18884076842
+18884087327
+18884088534
+18884105522
+18884120081
+18884126366
+18884135974
+18884139000
+18884158637
+18884158964
+18884162401
+18884181677
+18884183884
+18884200909
+18884215270
+18884219492
+18884222378
+18884224592
+18884232533
+18884232838
+18884242697
+18884260114
+18884262537
+18884263848
+18884268044
+18884273277
+18884273564
+18884273636
+18884273739
+18884275628
+18884278944
+18884283739
+18884285105
+18884291234
+18884292428
+18884292662
+18884293283
+18884293284
+18884293733
+18884293825
+18884294042
+18884295459
+18884295463
+18884295465
+18884295483
+18884296253
+18884297399
+18884297666
+18884298255
+18884298487
+18884323573
+18884326517
+18884331466
+18884334811
+18884335144
+18884337088
+18884345335
+18884347688
+18884353094
+18884354399
+18884361107
+18884371423
+18884383478
+18884384273
+18884385239
+18884385243
+18884385600
+18884387399
+18884409021
+18884436474
+18884438385
+18884440000
+18884442424
+18884442428
+18884442883
+18884443000
+18884444475
+18884457353
+18884464676
+18884468785
+18884475277
+18884475718
+18884475739
+18884475833
+18884480469
+18884482033
+18884483408
+18884484765
+18884487137
+18884488935
+18884489777
+18884492428
+18884598333
+18884612286
+18884612867
+18884623649
+18884626197
+18884630091
+18884632399
+18884646968
+18884646969
+18884665877
+18884666253
+18884669962
+18884674944
+18884676911
+18884676921
+18884676924
+18884676926
+18884676939
+18884676940
+18884676943
+18884676944
+18884676948
+18884676950
+18884676954
+18884676956
+18884676962
+18884676965
+18884676966
+18884676967
+18884676969
+18884676973
+18884676987
+18884676991
+18884677683
+18884682225
+18884682229
+18884682428
+18884682432
+18884682439
+18884682548
+18884682663
+18884682668
+18884682888
+18884683283
+18884683338
+18884683825
+18884684475
+18884684653
+18884684673
+18884684676
+18884684747
+18884685239
+18884685347
+18884685397
+18884685463
+18884685465
+18884685477
+18884685683
+18884685878
+18884686253
+18884686833
+18884687394
+18884687397
+18884687398
+18884687399
+18884687448
+18884687588
+18884687666
+18884687676
+18884687879
+18884687883
+18884688223
+18884688244
+18884688255
+18884688305
+18884688323
+18884688325
+18884688326
+18884688327
+18884688328
+18884688333
+18884688336
+18884688337
+18884688342
+18884688346
+18884688348
+18884688353
+18884688380
+18884688382
+18884688386
+18884688399
+18884688425
+18884688437
+18884688438
+18884688468
+18884688487
+18884688489
+18884688666
+18884688669
+18884688739
+18884688866
+18884688932
+18884688999
+18884689433
+18884697638
+18884712474
+18884722560
+18884727161
+18884736825
+18884739244
+18884746769
+18884751247
+18884774761
+18884780090
+18884784371
+18884797883
+18884803511
+18884804276
+18884814913
+18884831110
+18884835872
+18884856206
+18884874726
+18884878537
+18884884618
+18884893825
+18884897446
+18884907529
+18884979140
+18884981244
+18884992582
+18885005050
+18885005500
+18885014324
+18885021408
+18885021441
+18885021595
+18885040808
+18885041603
+18885056969
+18885065460
+18885077825
+18885078283
+18885092398
+18885093425
+18885132189
+18885162245
+18885169943
+18885171603
+18885185239
+18885207511
+18885223767
+18885225633
+18885239669
+18885256366
+18885258927
+18885263280
+18885272731
+18885276327
+18885281285
+18885282159
+18885288555
+18885298555
+18885298900
+18885303844
+18885325362
+18885326407
+18885337062
+18885347399
+18885350148
+18885352548
+18885357661
+18885367691
+18885372426
+18885372739
+18885377422
+18885380629
+18885383825
+18885387739
+18885393223
+18885393244
+18885393323
+18885393425
+18885393437
+18885393438
+18885393468
+18885393489
+18885393669
+18885393866
+18885393932
+18885393999
+18885398038
+18885420277
+18885425277
+18885433391
+18885442715
+18885449375
+18885452742
+18885465922
+18885477277
+18885483546
+18885483739
+18885488267
+18885501661
+18885504259
+18885527588
+18885528669
+18885530755
+18885535493
+18885545288
+18885545549
+18885562930
+18885566648
+18885581209
+18885609997
+18885620424
+18885622573
+18885633786
+18885657529
+18885666072
+18885683277
+18885683739
+18885683848
+18885701071
+18885712075
+18885747467
+18885758731
+18885765825
+18885774369
+18885777677
+18885777764
+18885788873
+18885791221
+18885795688
+18885807070
+18885841372
+18885851057
+18885853074
+18885855974
+18885858193
+18885860363
+18885866765
+18885873825
+18885888461
+18885888462
+18885888463
+18885894999
+18885899794
+18885922753
+18885932232
+18885932742
+18885948080
+18885955566
+18885956833
+18885965664
+18885973734
+18885983927
+18885988336
+18885995910
+18886007777
+18886008888
+18886009999
+18886010404
+18886020505
+18886031422
+18886037399
+18886038887
+18886048458
+18886064648
+18886067008
+18886083106
+18886116725
+18886163025
+18886164327
+18886172633
+18886196253
+18886208059
+18886220922
+18886222263
+18886239376
+18886252384
+18886252580
+18886253322
+18886253327
+18886253331
+18886253336
+18886253342
+18886253344
+18886253348
+18886253362
+18886253363
+18886253373
+18886253383
+18886253739
+18886263825
+18886274637
+18886279569
+18886284489
+18886305797
+18886335609
+18886339453
+18886341168
+18886342628
+18886347829
+18886354772
+18886358365
+18886362636
+18886362739
+18886363825
+18886364636
+18886364739
+18886365463
+18886367399
+18886367666
+18886383549
+18886384684
+18886413422
+18886422323
+18886423277
+18886427624
+18886445465
+18886453223
+18886453255
+18886453286
+18886453323
+18886453386
+18886453437
+18886453438
+18886453468
+18886453489
+18886453666
+18886453669
+18886453739
+18886453825
+18886453866
+18886453932
+18886453999
+18886459739
+18886462696
+18886463271
+18886477537
+18886478553
+18886478575
+18886502223
+18886504997
+18886523054
+18886523736
+18886535931
+18886537424
+18886541961
+18886542633
+18886542796
+18886545555
+18886549666
+18886552509
+18886553312
+18886556331
+18886556366
+18886559669
+18886561565
+18886569739
+18886572234
+18886614688
+18886626548
+18886645138
+18886650481
+18886663825
+18886665683
+18886667399
+18886667792
+18886673739
+18886684604
+18886712742
+18886717211
+18886718742
+18886732669
+18886736534
+18886738777
+18886748069
+18886748553
+18886748887
+18886749223
+18886749244
+18886749255
+18886749277
+18886749386
+18886749425
+18886749437
+18886749438
+18886749446
+18886749489
+18886749666
+18886749669
+18886749739
+18886749866
+18886749924
+18886749999
+18886750781
+18886755078
+18886770538
+18886770545
+18886774475
+18886783674
+18886790686
+18886825249
+18886827437
+18886833429
+18886833447
+18886833523
+18886833636
+18886833739
+18886833833
+18886843154
+18886851763
+18886872068
+18886875259
+18886877795
+18886884448
+18886885428
+18886889135
+18886896741
+18886902866
+18886935500
+18886940603
+18886941796
+18886953559
+18886964000
+18886964766
+18886966766
+18886967429
+18886967436
+18886967446
+18886967448
+18886967463
+18886967465
+18886967487
+18886972739
+18886974621
+18886974948
+18886992423
+18887007399
+18887010707
+18887028887
+18887076651
+18887083048
+18887092225
+18887100227
+18887102542
+18887102625
+18887106818
+18887112774
+18887166348
+18887192000
+18887203100
+18887212298
+18887225286
+18887245464
+18887246475
+18887247240
+18887249222
+18887262893
+18887263739
+18887268437
+18887270863
+18887287687
+18887292773
+18887300606
+18887311259
+18887323222
+18887329253
+18887334247
+18887334425
+18887338284
+18887344331
+18887354179
+18887362511
+18887364737
+18887364739
+18887364782
+18887368257
+18887378287
+18887383261
+18887384227
+18887390000
+18887390001
+18887390002
+18887390004
+18887390005
+18887390006
+18887390007
+18887390009
+18887390012
+18887390013
+18887390014
+18887390015
+18887390017
+18887390022
+18887390024
+18887390025
+18887390027
+18887390032
+18887390034
+18887390036
+18887390041
+18887390044
+18887390045
+18887390046
+18887390050
+18887390051
+18887390055
+18887390056
+18887390057
+18887390058
+18887390059
+18887390060
+18887390062
+18887390064
+18887390065
+18887390066
+18887390067
+18887390068
+18887390069
+18887390070
+18887390071
+18887390072
+18887390076
+18887390078
+18887390081
+18887390083
+18887390084
+18887390086
+18887390090
+18887390092
+18887390093
+18887390095
+18887390099
+18887390100
+18887390101
+18887390102
+18887390103
+18887390104
+18887390106
+18887390109
+18887390121
+18887390122
+18887390123
+18887390127
+18887390129
+18887390130
+18887390133
+18887390138
+18887390144
+18887390147
+18887390153
+18887390156
+18887390157
+18887390163
+18887390164
+18887390165
+18887390166
+18887390167
+18887390168
+18887390169
+18887390170
+18887390171
+18887390172
+18887390175
+18887390177
+18887390178
+18887390194
+18887390199
+18887390200
+18887390202
+18887390203
+18887390217
+18887390222
+18887390232
+18887390238
+18887390239
+18887390240
+18887390244
+18887390249
+18887390251
+18887390252
+18887390253
+18887390254
+18887390256
+18887390257
+18887390258
+18887390259
+18887390265
+18887390268
+18887390270
+18887390275
+18887390277
+18887390284
+18887390291
+18887390295
+18887390298
+18887390299
+18887390300
+18887390304
+18887390306
+18887390313
+18887390316
+18887390321
+18887390328
+18887390333
+18887390336
+18887390341
+18887390345
+18887390346
+18887390348
+18887390349
+18887390351
+18887390353
+18887390355
+18887390359
+18887390360
+18887390362
+18887390363
+18887390364
+18887390365
+18887390368
+18887390370
+18887390371
+18887390390
+18887390395
+18887390396
+18887390398
+18887390400
+18887390401
+18887390403
+18887390405
+18887390407
+18887390408
+18887390410
+18887390414
+18887390415
+18887390418
+18887390420
+18887390421
+18887390423
+18887390424
+18887390425
+18887390429
+18887390430
+18887390432
+18887390434
+18887390436
+18887390437
+18887390439
+18887390441
+18887390451
+18887390452
+18887390457
+18887390459
+18887390487
+18887390500
+18887390504
+18887390529
+18887390533
+18887390546
+18887390600
+18887390608
+18887390609
+18887390610
+18887390622
+18887390626
+18887390654
+18887390659
+18887390699
+18887390700
+18887390705
+18887390706
+18887390707
+18887390708
+18887390709
+18887390711
+18887390712
+18887390718
+18887390725
+18887390726
+18887390728
+18887390731
+18887390735
+18887390739
+18887390742
+18887390743
+18887390748
+18887390749
+18887390751
+18887390754
+18887390757
+18887390758
+18887390759
+18887390763
+18887390769
+18887390770
+18887390771
+18887390773
+18887390778
+18887390780
+18887390782
+18887390785
+18887390799
+18887390800
+18887390804
+18887390814
+18887390828
+18887390829
+18887390830
+18887390832
+18887390837
+18887390841
+18887390842
+18887390855
+18887390858
+18887390861
+18887390862
+18887390863
+18887390864
+18887390865
+18887390867
+18887390869
+18887390875
+18887390876
+18887390888
+18887390900
+18887390918
+18887390919
+18887390921
+18887390923
+18887390924
+18887390925
+18887390926
+18887390927
+18887390936
+18887390939
+18887390940
+18887390953
+18887390957
+18887390959
+18887390960
+18887390963
+18887390964
+18887390969
+18887390972
+18887390974
+18887390975
+18887390989
+18887390990
+18887390991
+18887390992
+18887390993
+18887390994
+18887390995
+18887390997
+18887390998
+18887391000
+18887391002
+18887391003
+18887391007
+18887391009
+18887391010
+18887391013
+18887391020
+18887391022
+18887391033
+18887391040
+18887391042
+18887391053
+18887391060
+18887391061
+18887391068
+18887391069
+18887391072
+18887391075
+18887391078
+18887391079
+18887391081
+18887391083
+18887391086
+18887391089
+18887391092
+18887391100
+18887391104
+18887391105
+18887391108
+18887391111
+18887391114
+18887391116
+18887391117
+18887391119
+18887391120
+18887391122
+18887391131
+18887391137
+18887391141
+18887391151
+18887391156
+18887391161
+18887391162
+18887391165
+18887391171
+18887391181
+18887391188
+18887391190
+18887391191
+18887391199
+18887391200
+18887391203
+18887391207
+18887391212
+18887391215
+18887391216
+18887391217
+18887391219
+18887391222
+18887391228
+18887391233
+18887391234
+18887391237
+18887391238
+18887391239
+18887391242
+18887391243
+18887391251
+18887391258
+18887391260
+18887391271
+18887391277
+18887391283
+18887391284
+18887391286
+18887391300
+18887391301
+18887391332
+18887391333
+18887391338
+18887391341
+18887391398
+18887391400
+18887391414
+18887391437
+18887391447
+18887391474
+18887391480
+18887391515
+18887391600
+18887391661
+18887391712
+18887391716
+18887391717
+18887391718
+18887391719
+18887391721
+18887391724
+18887391727
+18887391732
+18887391738
+18887391748
+18887391749
+18887391750
+18887391751
+18887391755
+18887391757
+18887391762
+18887391773
+18887391776
+18887391777
+18887391779
+18887391782
+18887391784
+18887391785
+18887391787
+18887391796
+18887391798
+18887391799
+18887391800
+18887391804
+18887391815
+18887391817
+18887391818
+18887391819
+18887391820
+18887391821
+18887391823
+18887391825
+18887391826
+18887391827
+18887391831
+18887391832
+18887391836
+18887391839
+18887391841
+18887391842
+18887391844
+18887391845
+18887391847
+18887391848
+18887391849
+18887391850
+18887391852
+18887391866
+18887391867
+18887391870
+18887391874
+18887391877
+18887391878
+18887391879
+18887391882
+18887391884
+18887391885
+18887391887
+18887391889
+18887391890
+18887391891
+18887391897
+18887391899
+18887391900
+18887391903
+18887391907
+18887391911
+18887391912
+18887391914
+18887391918
+18887391919
+18887391925
+18887391932
+18887391935
+18887391939
+18887391940
+18887391941
+18887391942
+18887391944
+18887391945
+18887391948
+18887391949
+18887391950
+18887391953
+18887391954
+18887391956
+18887391957
+18887391958
+18887391959
+18887391960
+18887391961
+18887391963
+18887391965
+18887391968
+18887391970
+18887391971
+18887391974
+18887391976
+18887391980
+18887391983
+18887391987
+18887391988
+18887391989
+18887391990
+18887391992
+18887391995
+18887391997
+18887391999
+18887392000
+18887392002
+18887392003
+18887392004
+18887392005
+18887392006
+18887392007
+18887392008
+18887392009
+18887392013
+18887392020
+18887392025
+18887392027
+18887392030
+18887392032
+18887392033
+18887392034
+18887392036
+18887392038
+18887392039
+18887392040
+18887392041
+18887392042
+18887392043
+18887392044
+18887392048
+18887392049
+18887392051
+18887392053
+18887392054
+18887392057
+18887392058
+18887392060
+18887392061
+18887392062
+18887392063
+18887392064
+18887392066
+18887392067
+18887392068
+18887392072
+18887392074
+18887392075
+18887392076
+18887392077
+18887392078
+18887392079
+18887392080
+18887392084
+18887392086
+18887392087
+18887392088
+18887392090
+18887392092
+18887392097
+18887392099
+18887392101
+18887392102
+18887392103
+18887392105
+18887392106
+18887392108
+18887392109
+18887392110
+18887392111
+18887392116
+18887392117
+18887392118
+18887392121
+18887392126
+18887392129
+18887392133
+18887392134
+18887392140
+18887392141
+18887392144
+18887392156
+18887392157
+18887392158
+18887392159
+18887392161
+18887392165
+18887392167
+18887392169
+18887392170
+18887392172
+18887392173
+18887392174
+18887392176
+18887392177
+18887392179
+18887392182
+18887392183
+18887392184
+18887392188
+18887392189
+18887392190
+18887392192
+18887392193
+18887392196
+18887392200
+18887392202
+18887392204
+18887392211
+18887392212
+18887392222
+18887392223
+18887392224
+18887392225
+18887392227
+18887392229
+18887392231
+18887392232
+18887392233
+18887392234
+18887392237
+18887392242
+18887392243
+18887392248
+18887392249
+18887392251
+18887392253
+18887392254
+18887392255
+18887392261
+18887392262
+18887392263
+18887392264
+18887392265
+18887392266
+18887392267
+18887392268
+18887392269
+18887392270
+18887392271
+18887392272
+18887392273
+18887392274
+18887392276
+18887392277
+18887392278
+18887392281
+18887392282
+18887392283
+18887392284
+18887392285
+18887392286
+18887392287
+18887392289
+18887392290
+18887392291
+18887392292
+18887392293
+18887392294
+18887392295
+18887392296
+18887392297
+18887392298
+18887392300
+18887392303
+18887392304
+18887392305
+18887392307
+18887392310
+18887392313
+18887392315
+18887392319
+18887392321
+18887392322
+18887392324
+18887392326
+18887392327
+18887392328
+18887392329
+18887392331
+18887392332
+18887392333
+18887392334
+18887392337
+18887392347
+18887392360
+18887392363
+18887392366
+18887392369
+18887392378
+18887392382
+18887392384
+18887392386
+18887392388
+18887392393
+18887392394
+18887392395
+18887392396
+18887392399
+18887392400
+18887392401
+18887392404
+18887392405
+18887392406
+18887392407
+18887392408
+18887392409
+18887392410
+18887392411
+18887392412
+18887392413
+18887392416
+18887392417
+18887392420
+18887392421
+18887392422
+18887392423
+18887392424
+18887392425
+18887392426
+18887392427
+18887392428
+18887392429
+18887392431
+18887392432
+18887392434
+18887392436
+18887392437
+18887392439
+18887392441
+18887392442
+18887392443
+18887392446
+18887392447
+18887392448
+18887392449
+18887392450
+18887392451
+18887392452
+18887392453
+18887392454
+18887392455
+18887392456
+18887392457
+18887392458
+18887392463
+18887392464
+18887392465
+18887392466
+18887392468
+18887392469
+18887392470
+18887392471
+18887392472
+18887392473
+18887392474
+18887392475
+18887392476
+18887392478
+18887392480
+18887392481
+18887392482
+18887392483
+18887392484
+18887392486
+18887392487
+18887392488
+18887392489
+18887392490
+18887392491
+18887392492
+18887392493
+18887392494
+18887392495
+18887392496
+18887392497
+18887392498
+18887392499
+18887392500
+18887392503
+18887392504
+18887392506
+18887392517
+18887392518
+18887392519
+18887392521
+18887392522
+18887392523
+18887392524
+18887392526
+18887392527
+18887392528
+18887392529
+18887392533
+18887392535
+18887392537
+18887392544
+18887392545
+18887392546
+18887392547
+18887392548
+18887392549
+18887392552
+18887392553
+18887392556
+18887392557
+18887392558
+18887392559
+18887392560
+18887392562
+18887392565
+18887392566
+18887392569
+18887392573
+18887392575
+18887392579
+18887392581
+18887392582
+18887392583
+18887392584
+18887392585
+18887392588
+18887392591
+18887392592
+18887392593
+18887392604
+18887392606
+18887392607
+18887392609
+18887392618
+18887392622
+18887392624
+18887392625
+18887392626
+18887392627
+18887392628
+18887392630
+18887392631
+18887392633
+18887392634
+18887392635
+18887392636
+18887392637
+18887392638
+18887392639
+18887392644
+18887392646
+18887392647
+18887392648
+18887392649
+18887392650
+18887392653
+18887392654
+18887392655
+18887392658
+18887392661
+18887392662
+18887392663
+18887392665
+18887392666
+18887392667
+18887392668
+18887392671
+18887392672
+18887392674
+18887392675
+18887392676
+18887392677
+18887392678
+18887392682
+18887392683
+18887392686
+18887392687
+18887392691
+18887392692
+18887392693
+18887392694
+18887392695
+18887392696
+18887392697
+18887392702
+18887392705
+18887392708
+18887392709
+18887392710
+18887392713
+18887392715
+18887392717
+18887392719
+18887392720
+18887392721
+18887392723
+18887392724
+18887392725
+18887392727
+18887392728
+18887392729
+18887392731
+18887392732
+18887392733
+18887392734
+18887392735
+18887392736
+18887392737
+18887392738
+18887392739
+18887392740
+18887392741
+18887392742
+18887392743
+18887392744
+18887392745
+18887392746
+18887392748
+18887392751
+18887392754
+18887392756
+18887392758
+18887392761
+18887392762
+18887392763
+18887392764
+18887392765
+18887392767
+18887392768
+18887392769
+18887392770
+18887392772
+18887392773
+18887392775
+18887392776
+18887392777
+18887392779
+18887392780
+18887392781
+18887392782
+18887392783
+18887392784
+18887392785
+18887392786
+18887392788
+18887392789
+18887392790
+18887392791
+18887392792
+18887392794
+18887392797
+18887392799
+18887392801
+18887392803
+18887392805
+18887392806
+18887392809
+18887392812
+18887392814
+18887392817
+18887392822
+18887392828
+18887392831
+18887392833
+18887392834
+18887392835
+18887392836
+18887392838
+18887392840
+18887392841
+18887392842
+18887392843
+18887392844
+18887392846
+18887392847
+18887392849
+18887392854
+18887392855
+18887392858
+18887392861
+18887392862
+18887392863
+18887392864
+18887392865
+18887392866
+18887392867
+18887392868
+18887392873
+18887392874
+18887392876
+18887392877
+18887392878
+18887392882
+18887392883
+18887392884
+18887392885
+18887392886
+18887392887
+18887392888
+18887392890
+18887392892
+18887392893
+18887392896
+18887392897
+18887392898
+18887392899
+18887392900
+18887392905
+18887392906
+18887392907
+18887392908
+18887392912
+18887392914
+18887392915
+18887392918
+18887392919
+18887392923
+18887392924
+18887392925
+18887392929
+18887392930
+18887392933
+18887392936
+18887392938
+18887392939
+18887392944
+18887392946
+18887392947
+18887392954
+18887392956
+18887392958
+18887392962
+18887392963
+18887392967
+18887392968
+18887392971
+18887392972
+18887392974
+18887392975
+18887392977
+18887392978
+18887392980
+18887392983
+18887392984
+18887392985
+18887392995
+18887392997
+18887392999
+18887393000
+18887393001
+18887393004
+18887393005
+18887393007
+18887393008
+18887393016
+18887393021
+18887393027
+18887393028
+18887393030
+18887393032
+18887393040
+18887393043
+18887393044
+18887393046
+18887393047
+18887393048
+18887393049
+18887393050
+18887393053
+18887393054
+18887393055
+18887393058
+18887393060
+18887393061
+18887393064
+18887393065
+18887393068
+18887393069
+18887393071
+18887393072
+18887393075
+18887393077
+18887393079
+18887393083
+18887393088
+18887393089
+18887393093
+18887393094
+18887393099
+18887393100
+18887393104
+18887393109
+18887393110
+18887393111
+18887393112
+18887393113
+18887393115
+18887393119
+18887393120
+18887393123
+18887393124
+18887393125
+18887393126
+18887393131
+18887393132
+18887393134
+18887393142
+18887393144
+18887393145
+18887393147
+18887393151
+18887393155
+18887393161
+18887393162
+18887393163
+18887393169
+18887393173
+18887393174
+18887393175
+18887393178
+18887393179
+18887393187
+18887393188
+18887393190
+18887393192
+18887393195
+18887393200
+18887393206
+18887393207
+18887393208
+18887393209
+18887393210
+18887393211
+18887393212
+18887393216
+18887393217
+18887393219
+18887393221
+18887393222
+18887393223
+18887393224
+18887393225
+18887393227
+18887393228
+18887393229
+18887393230
+18887393231
+18887393233
+18887393236
+18887393237
+18887393238
+18887393239
+18887393240
+18887393241
+18887393244
+18887393245
+18887393246
+18887393247
+18887393250
+18887393255
+18887393256
+18887393257
+18887393260
+18887393262
+18887393263
+18887393264
+18887393265
+18887393266
+18887393267
+18887393268
+18887393272
+18887393273
+18887393274
+18887393275
+18887393276
+18887393278
+18887393279
+18887393280
+18887393281
+18887393282
+18887393283
+18887393284
+18887393285
+18887393286
+18887393287
+18887393288
+18887393289
+18887393291
+18887393292
+18887393294
+18887393295
+18887393296
+18887393297
+18887393298
+18887393299
+18887393300
+18887393303
+18887393307
+18887393311
+18887393314
+18887393318
+18887393320
+18887393322
+18887393323
+18887393324
+18887393325
+18887393326
+18887393327
+18887393328
+18887393330
+18887393331
+18887393332
+18887393333
+18887393334
+18887393335
+18887393336
+18887393337
+18887393338
+18887393339
+18887393340
+18887393343
+18887393344
+18887393345
+18887393347
+18887393348
+18887393350
+18887393351
+18887393352
+18887393353
+18887393355
+18887393358
+18887393360
+18887393362
+18887393366
+18887393369
+18887393374
+18887393376
+18887393377
+18887393382
+18887393383
+18887393384
+18887393386
+18887393387
+18887393388
+18887393397
+18887393400
+18887393422
+18887393423
+18887393425
+18887393426
+18887393427
+18887393428
+18887393432
+18887393433
+18887393435
+18887393436
+18887393438
+18887393442
+18887393444
+18887393447
+18887393448
+18887393453
+18887393455
+18887393456
+18887393462
+18887393463
+18887393464
+18887393466
+18887393467
+18887393473
+18887393474
+18887393475
+18887393476
+18887393478
+18887393479
+18887393480
+18887393482
+18887393483
+18887393486
+18887393487
+18887393488
+18887393493
+18887393504
+18887393511
+18887393524
+18887393526
+18887393527
+18887393530
+18887393532
+18887393534
+18887393537
+18887393539
+18887393542
+18887393544
+18887393545
+18887393546
+18887393548
+18887393549
+18887393550
+18887393551
+18887393553
+18887393554
+18887393556
+18887393558
+18887393559
+18887393564
+18887393566
+18887393567
+18887393569
+18887393574
+18887393578
+18887393583
+18887393587
+18887393600
+18887393602
+18887393617
+18887393621
+18887393622
+18887393624
+18887393625
+18887393627
+18887393628
+18887393633
+18887393636
+18887393637
+18887393638
+18887393641
+18887393642
+18887393644
+18887393645
+18887393647
+18887393648
+18887393649
+18887393650
+18887393655
+18887393656
+18887393662
+18887393663
+18887393664
+18887393665
+18887393666
+18887393667
+18887393668
+18887393671
+18887393672
+18887393673
+18887393674
+18887393675
+18887393676
+18887393677
+18887393678
+18887393679
+18887393683
+18887393685
+18887393686
+18887393689
+18887393692
+18887393693
+18887393696
+18887393697
+18887393699
+18887393700
+18887393702
+18887393708
+18887393710
+18887393711
+18887393713
+18887393714
+18887393716
+18887393718
+18887393721
+18887393722
+18887393725
+18887393726
+18887393727
+18887393730
+18887393731
+18887393732
+18887393733
+18887393736
+18887393738
+18887393739
+18887393741
+18887393742
+18887393743
+18887393745
+18887393746
+18887393747
+18887393748
+18887393753
+18887393755
+18887393757
+18887393760
+18887393767
+18887393768
+18887393771
+18887393772
+18887393773
+18887393774
+18887393775
+18887393776
+18887393777
+18887393778
+18887393779
+18887393780
+18887393784
+18887393785
+18887393786
+18887393787
+18887393788
+18887393789
+18887393792
+18887393793
+18887393794
+18887393798
+18887393800
+18887393802
+18887393805
+18887393807
+18887393810
+18887393815
+18887393816
+18887393817
+18887393820
+18887393821
+18887393822
+18887393824
+18887393825
+18887393826
+18887393827
+18887393829
+18887393832
+18887393834
+18887393835
+18887393836
+18887393837
+18887393838
+18887393843
+18887393845
+18887393846
+18887393848
+18887393849
+18887393852
+18887393853
+18887393854
+18887393855
+18887393857
+18887393861
+18887393862
+18887393863
+18887393864
+18887393866
+18887393867
+18887393877
+18887393878
+18887393883
+18887393887
+18887393888
+18887393889
+18887393891
+18887393893
+18887393897
+18887393898
+18887393899
+18887393903
+18887393904
+18887393906
+18887393907
+18887393908
+18887393909
+18887393914
+18887393917
+18887393918
+18887393922
+18887393924
+18887393925
+18887393926
+18887393927
+18887393929
+18887393932
+18887393933
+18887393935
+18887393936
+18887393939
+18887393945
+18887393953
+18887393964
+18887393965
+18887393967
+18887393968
+18887393970
+18887393971
+18887393973
+18887393975
+18887393976
+18887393977
+18887393984
+18887393987
+18887393990
+18887393993
+18887393994
+18887393997
+18887393999
+18887394000
+18887394003
+18887394006
+18887394007
+18887394008
+18887394009
+18887394010
+18887394011
+18887394012
+18887394013
+18887394014
+18887394015
+18887394016
+18887394018
+18887394019
+18887394021
+18887394022
+18887394024
+18887394025
+18887394028
+18887394031
+18887394032
+18887394034
+18887394037
+18887394038
+18887394040
+18887394041
+18887394043
+18887394044
+18887394045
+18887394051
+18887394052
+18887394053
+18887394055
+18887394056
+18887394058
+18887394060
+18887394062
+18887394063
+18887394065
+18887394066
+18887394069
+18887394072
+18887394073
+18887394076
+18887394078
+18887394081
+18887394082
+18887394085
+18887394086
+18887394087
+18887394088
+18887394092
+18887394093
+18887394094
+18887394097
+18887394099
+18887394100
+18887394103
+18887394106
+18887394107
+18887394109
+18887394118
+18887394120
+18887394121
+18887394122
+18887394126
+18887394127
+18887394130
+18887394133
+18887394135
+18887394137
+18887394140
+18887394145
+18887394150
+18887394154
+18887394155
+18887394156
+18887394166
+18887394175
+18887394178
+18887394179
+18887394181
+18887394182
+18887394192
+18887394193
+18887394200
+18887394201
+18887394202
+18887394207
+18887394209
+18887394210
+18887394212
+18887394214
+18887394216
+18887394219
+18887394221
+18887394222
+18887394223
+18887394224
+18887394225
+18887394226
+18887394227
+18887394228
+18887394229
+18887394233
+18887394234
+18887394237
+18887394238
+18887394240
+18887394242
+18887394243
+18887394244
+18887394245
+18887394246
+18887394247
+18887394248
+18887394249
+18887394250
+18887394251
+18887394252
+18887394253
+18887394254
+18887394255
+18887394256
+18887394257
+18887394258
+18887394261
+18887394262
+18887394263
+18887394264
+18887394265
+18887394266
+18887394269
+18887394270
+18887394271
+18887394272
+18887394273
+18887394274
+18887394275
+18887394276
+18887394277
+18887394278
+18887394282
+18887394283
+18887394284
+18887394286
+18887394291
+18887394292
+18887394294
+18887394296
+18887394297
+18887394299
+18887394300
+18887394302
+18887394303
+18887394305
+18887394306
+18887394311
+18887394313
+18887394314
+18887394316
+18887394317
+18887394320
+18887394321
+18887394323
+18887394325
+18887394326
+18887394327
+18887394328
+18887394329
+18887394332
+18887394333
+18887394334
+18887394335
+18887394336
+18887394339
+18887394340
+18887394342
+18887394343
+18887394354
+18887394355
+18887394357
+18887394359
+18887394363
+18887394366
+18887394368
+18887394369
+18887394371
+18887394373
+18887394376
+18887394377
+18887394381
+18887394382
+18887394384
+18887394385
+18887394386
+18887394387
+18887394388
+18887394389
+18887394394
+18887394396
+18887394399
+18887394401
+18887394406
+18887394409
+18887394413
+18887394415
+18887394416
+18887394417
+18887394418
+18887394423
+18887394425
+18887394426
+18887394429
+18887394432
+18887394433
+18887394436
+18887394437
+18887394438
+18887394441
+18887394444
+18887394446
+18887394447
+18887394449
+18887394452
+18887394453
+18887394454
+18887394455
+18887394456
+18887394457
+18887394458
+18887394462
+18887394463
+18887394464
+18887394466
+18887394468
+18887394471
+18887394474
+18887394475
+18887394477
+18887394478
+18887394480
+18887394481
+18887394482
+18887394483
+18887394484
+18887394485
+18887394486
+18887394487
+18887394488
+18887394489
+18887394500
+18887394508
+18887394524
+18887394526
+18887394527
+18887394529
+18887394537
+18887394539
+18887394542
+18887394543
+18887394545
+18887394546
+18887394548
+18887394549
+18887394550
+18887394562
+18887394567
+18887394568
+18887394575
+18887394587
+18887394588
+18887394600
+18887394609
+18887394618
+18887394622
+18887394624
+18887394625
+18887394626
+18887394627
+18887394629
+18887394630
+18887394631
+18887394633
+18887394634
+18887394635
+18887394638
+18887394641
+18887394643
+18887394644
+18887394645
+18887394646
+18887394647
+18887394648
+18887394649
+18887394652
+18887394653
+18887394655
+18887394656
+18887394658
+18887394659
+18887394661
+18887394665
+18887394666
+18887394667
+18887394668
+18887394669
+18887394672
+18887394673
+18887394674
+18887394675
+18887394676
+18887394677
+18887394678
+18887394681
+18887394682
+18887394683
+18887394684
+18887394685
+18887394686
+18887394687
+18887394688
+18887394689
+18887394699
+18887394700
+18887394702
+18887394708
+18887394709
+18887394710
+18887394711
+18887394715
+18887394716
+18887394717
+18887394718
+18887394720
+18887394723
+18887394724
+18887394725
+18887394726
+18887394727
+18887394728
+18887394729
+18887394731
+18887394733
+18887394734
+18887394736
+18887394737
+18887394738
+18887394739
+18887394740
+18887394741
+18887394742
+18887394743
+18887394744
+18887394745
+18887394746
+18887394747
+18887394748
+18887394754
+18887394755
+18887394756
+18887394758
+18887394761
+18887394762
+18887394763
+18887394764
+18887394766
+18887394767
+18887394768
+18887394769
+18887394770
+18887394771
+18887394772
+18887394774
+18887394775
+18887394776
+18887394779
+18887394781
+18887394786
+18887394788
+18887394789
+18887394792
+18887394794
+18887394795
+18887394796
+18887394797
+18887394800
+18887394802
+18887394804
+18887394805
+18887394806
+18887394807
+18887394821
+18887394822
+18887394824
+18887394825
+18887394827
+18887394828
+18887394835
+18887394836
+18887394837
+18887394838
+18887394843
+18887394844
+18887394845
+18887394847
+18887394848
+18887394850
+18887394851
+18887394853
+18887394855
+18887394859
+18887394860
+18887394862
+18887394864
+18887394866
+18887394867
+18887394869
+18887394870
+18887394871
+18887394872
+18887394874
+18887394875
+18887394877
+18887394878
+18887394881
+18887394882
+18887394883
+18887394884
+18887394885
+18887394887
+18887394888
+18887394890
+18887394891
+18887394892
+18887394895
+18887394896
+18887394897
+18887394898
+18887394899
+18887394900
+18887394901
+18887394902
+18887394906
+18887394908
+18887394909
+18887394917
+18887394919
+18887394920
+18887394922
+18887394924
+18887394927
+18887394929
+18887394932
+18887394933
+18887394937
+18887394938
+18887394939
+18887394943
+18887394944
+18887394949
+18887394950
+18887394951
+18887394952
+18887394957
+18887394960
+18887394961
+18887394963
+18887394964
+18887394965
+18887394966
+18887394967
+18887394968
+18887394974
+18887394985
+18887394986
+18887394987
+18887394992
+18887394995
+18887394999
+18887395000
+18887395001
+18887395003
+18887395007
+18887395009
+18887395015
+18887395016
+18887395019
+18887395020
+18887395022
+18887395023
+18887395025
+18887395026
+18887395027
+18887395028
+18887395031
+18887395033
+18887395047
+18887395049
+18887395050
+18887395055
+18887395064
+18887395065
+18887395066
+18887395068
+18887395069
+18887395075
+18887395076
+18887395079
+18887395082
+18887395085
+18887395091
+18887395092
+18887395096
+18887395097
+18887395099
+18887395100
+18887395103
+18887395105
+18887395109
+18887395111
+18887395116
+18887395117
+18887395118
+18887395122
+18887395125
+18887395126
+18887395129
+18887395132
+18887395140
+18887395141
+18887395142
+18887395151
+18887395153
+18887395154
+18887395155
+18887395156
+18887395157
+18887395158
+18887395162
+18887395163
+18887395165
+18887395166
+18887395167
+18887395169
+18887395170
+18887395171
+18887395173
+18887395175
+18887395176
+18887395177
+18887395181
+18887395184
+18887395185
+18887395186
+18887395188
+18887395200
+18887395209
+18887395210
+18887395215
+18887395217
+18887395220
+18887395222
+18887395223
+18887395224
+18887395225
+18887395229
+18887395230
+18887395233
+18887395234
+18887395237
+18887395239
+18887395243
+18887395245
+18887395247
+18887395253
+18887395255
+18887395257
+18887395260
+18887395263
+18887395264
+18887395266
+18887395267
+18887395272
+18887395273
+18887395274
+18887395275
+18887395277
+18887395278
+18887395282
+18887395284
+18887395286
+18887395287
+18887395291
+18887395292
+18887395296
+18887395297
+18887395299
+18887395304
+18887395323
+18887395324
+18887395327
+18887395328
+18887395331
+18887395333
+18887395335
+18887395342
+18887395343
+18887395347
+18887395355
+18887395358
+18887395362
+18887395363
+18887395364
+18887395366
+18887395369
+18887395372
+18887395375
+18887395377
+18887395384
+18887395388
+18887395391
+18887395393
+18887395394
+18887395397
+18887395399
+18887395400
+18887395424
+18887395425
+18887395433
+18887395437
+18887395438
+18887395439
+18887395444
+18887395453
+18887395454
+18887395455
+18887395460
+18887395463
+18887395464
+18887395465
+18887395466
+18887395472
+18887395474
+18887395476
+18887395477
+18887395478
+18887395481
+18887395482
+18887395483
+18887395486
+18887395487
+18887395488
+18887395489
+18887395496
+18887395505
+18887395506
+18887395507
+18887395508
+18887395510
+18887395511
+18887395512
+18887395514
+18887395515
+18887395516
+18887395518
+18887395520
+18887395533
+18887395536
+18887395542
+18887395551
+18887395553
+18887395555
+18887395558
+18887395559
+18887395560
+18887395561
+18887395566
+18887395577
+18887395582
+18887395588
+18887395600
+18887395612
+18887395621
+18887395622
+18887395623
+18887395625
+18887395626
+18887395627
+18887395635
+18887395638
+18887395643
+18887395652
+18887395653
+18887395654
+18887395655
+18887395656
+18887395658
+18887395660
+18887395662
+18887395664
+18887395665
+18887395666
+18887395673
+18887395674
+18887395677
+18887395678
+18887395683
+18887395684
+18887395686
+18887395693
+18887395697
+18887395699
+18887395700
+18887395701
+18887395702
+18887395703
+18887395704
+18887395705
+18887395706
+18887395707
+18887395708
+18887395709
+18887395710
+18887395714
+18887395723
+18887395732
+18887395733
+18887395734
+18887395736
+18887395742
+18887395747
+18887395748
+18887395751
+18887395755
+18887395758
+18887395759
+18887395760
+18887395761
+18887395764
+18887395767
+18887395768
+18887395770
+18887395774
+18887395778
+18887395779
+18887395783
+18887395788
+18887395789
+18887395793
+18887395795
+18887395802
+18887395823
+18887395824
+18887395825
+18887395826
+18887395827
+18887395828
+18887395829
+18887395838
+18887395841
+18887395842
+18887395843
+18887395844
+18887395847
+18887395848
+18887395850
+18887395854
+18887395857
+18887395860
+18887395862
+18887395863
+18887395865
+18887395868
+18887395869
+18887395870
+18887395873
+18887395874
+18887395875
+18887395878
+18887395880
+18887395881
+18887395883
+18887395885
+18887395887
+18887395888
+18887395891
+18887395896
+18887395898
+18887395900
+18887395901
+18887395907
+18887395911
+18887395916
+18887395929
+18887395944
+18887395945
+18887395946
+18887395949
+18887395955
+18887395956
+18887395957
+18887395959
+18887395960
+18887395964
+18887395970
+18887395972
+18887395985
+18887395994
+18887395995
+18887395996
+18887395999
+18887396000
+18887396003
+18887396004
+18887396007
+18887396009
+18887396011
+18887396024
+18887396026
+18887396032
+18887396033
+18887396036
+18887396037
+18887396038
+18887396045
+18887396046
+18887396047
+18887396048
+18887396053
+18887396054
+18887396055
+18887396056
+18887396057
+18887396060
+18887396061
+18887396062
+18887396063
+18887396064
+18887396065
+18887396066
+18887396067
+18887396068
+18887396073
+18887396077
+18887396078
+18887396079
+18887396080
+18887396083
+18887396084
+18887396086
+18887396087
+18887396088
+18887396090
+18887396091
+18887396096
+18887396097
+18887396098
+18887396100
+18887396105
+18887396107
+18887396114
+18887396115
+18887396120
+18887396125
+18887396127
+18887396138
+18887396139
+18887396140
+18887396153
+18887396155
+18887396160
+18887396161
+18887396162
+18887396163
+18887396164
+18887396166
+18887396169
+18887396170
+18887396176
+18887396177
+18887396178
+18887396180
+18887396183
+18887396187
+18887396188
+18887396190
+18887396191
+18887396192
+18887396194
+18887396195
+18887396199
+18887396200
+18887396209
+18887396212
+18887396223
+18887396224
+18887396225
+18887396228
+18887396229
+18887396232
+18887396233
+18887396239
+18887396241
+18887396242
+18887396243
+18887396244
+18887396245
+18887396247
+18887396248
+18887396252
+18887396253
+18887396255
+18887396258
+18887396261
+18887396262
+18887396264
+18887396265
+18887396266
+18887396267
+18887396268
+18887396269
+18887396274
+18887396276
+18887396277
+18887396278
+18887396279
+18887396281
+18887396282
+18887396283
+18887396285
+18887396288
+18887396289
+18887396292
+18887396293
+18887396294
+18887396295
+18887396299
+18887396300
+18887396324
+18887396325
+18887396326
+18887396327
+18887396328
+18887396329
+18887396331
+18887396332
+18887396333
+18887396334
+18887396335
+18887396337
+18887396338
+18887396339
+18887396345
+18887396347
+18887396350
+18887396353
+18887396356
+18887396358
+18887396361
+18887396362
+18887396366
+18887396367
+18887396368
+18887396369
+18887396373
+18887396374
+18887396375
+18887396377
+18887396381
+18887396382
+18887396383
+18887396384
+18887396385
+18887396387
+18887396388
+18887396389
+18887396391
+18887396394
+18887396397
+18887396398
+18887396400
+18887396404
+18887396416
+18887396422
+18887396423
+18887396424
+18887396425
+18887396426
+18887396434
+18887396437
+18887396444
+18887396446
+18887396453
+18887396455
+18887396457
+18887396459
+18887396463
+18887396468
+18887396469
+18887396472
+18887396478
+18887396487
+18887396488
+18887396491
+18887396500
+18887396501
+18887396526
+18887396529
+18887396531
+18887396533
+18887396535
+18887396547
+18887396555
+18887396562
+18887396564
+18887396600
+18887396601
+18887396618
+18887396619
+18887396623
+18887396624
+18887396626
+18887396627
+18887396629
+18887396633
+18887396634
+18887396637
+18887396638
+18887396646
+18887396647
+18887396653
+18887396654
+18887396655
+18887396659
+18887396660
+18887396661
+18887396662
+18887396663
+18887396664
+18887396665
+18887396666
+18887396667
+18887396668
+18887396669
+18887396672
+18887396673
+18887396674
+18887396676
+18887396678
+18887396683
+18887396684
+18887396685
+18887396687
+18887396688
+18887396691
+18887396696
+18887396699
+18887396700
+18887396706
+18887396710
+18887396711
+18887396714
+18887396715
+18887396720
+18887396721
+18887396722
+18887396723
+18887396725
+18887396727
+18887396728
+18887396729
+18887396730
+18887396731
+18887396733
+18887396735
+18887396736
+18887396737
+18887396738
+18887396740
+18887396742
+18887396743
+18887396744
+18887396747
+18887396748
+18887396749
+18887396751
+18887396752
+18887396753
+18887396754
+18887396756
+18887396762
+18887396767
+18887396770
+18887396772
+18887396774
+18887396775
+18887396777
+18887396778
+18887396780
+18887396781
+18887396782
+18887396785
+18887396787
+18887396788
+18887396790
+18887396799
+18887396809
+18887396813
+18887396819
+18887396824
+18887396825
+18887396826
+18887396827
+18887396828
+18887396832
+18887396833
+18887396835
+18887396837
+18887396838
+18887396842
+18887396845
+18887396848
+18887396857
+18887396859
+18887396861
+18887396862
+18887396869
+18887396872
+18887396873
+18887396874
+18887396877
+18887396883
+18887396885
+18887396887
+18887396888
+18887396890
+18887396897
+18887396899
+18887396900
+18887396913
+18887396915
+18887396916
+18887396921
+18887396926
+18887396927
+18887396928
+18887396932
+18887396938
+18887396939
+18887396942
+18887396946
+18887396955
+18887396956
+18887396961
+18887396962
+18887396965
+18887396966
+18887396967
+18887396969
+18887396971
+18887396973
+18887396974
+18887396975
+18887396976
+18887396977
+18887396978
+18887396980
+18887396982
+18887396983
+18887396984
+18887396986
+18887396988
+18887396989
+18887396990
+18887396992
+18887396993
+18887396994
+18887396996
+18887396999
+18887397000
+18887397001
+18887397003
+18887397005
+18887397006
+18887397007
+18887397009
+18887397016
+18887397020
+18887397021
+18887397022
+18887397024
+18887397025
+18887397027
+18887397028
+18887397029
+18887397030
+18887397031
+18887397032
+18887397036
+18887397037
+18887397038
+18887397048
+18887397050
+18887397052
+18887397053
+18887397055
+18887397056
+18887397057
+18887397064
+18887397065
+18887397067
+18887397070
+18887397072
+18887397073
+18887397075
+18887397076
+18887397077
+18887397086
+18887397088
+18887397089
+18887397090
+18887397092
+18887397093
+18887397095
+18887397099
+18887397100
+18887397101
+18887397102
+18887397104
+18887397106
+18887397110
+18887397114
+18887397118
+18887397120
+18887397121
+18887397122
+18887397123
+18887397124
+18887397126
+18887397127
+18887397128
+18887397129
+18887397130
+18887397149
+18887397150
+18887397152
+18887397156
+18887397157
+18887397158
+18887397159
+18887397160
+18887397161
+18887397163
+18887397176
+18887397178
+18887397180
+18887397183
+18887397184
+18887397185
+18887397189
+18887397193
+18887397194
+18887397203
+18887397207
+18887397208
+18887397209
+18887397210
+18887397216
+18887397218
+18887397219
+18887397220
+18887397222
+18887397223
+18887397224
+18887397225
+18887397226
+18887397228
+18887397229
+18887397232
+18887397233
+18887397234
+18887397235
+18887397236
+18887397237
+18887397240
+18887397241
+18887397243
+18887397245
+18887397246
+18887397247
+18887397248
+18887397250
+18887397253
+18887397255
+18887397256
+18887397257
+18887397260
+18887397262
+18887397263
+18887397264
+18887397265
+18887397266
+18887397267
+18887397268
+18887397271
+18887397272
+18887397273
+18887397274
+18887397275
+18887397277
+18887397278
+18887397280
+18887397281
+18887397283
+18887397284
+18887397285
+18887397286
+18887397287
+18887397293
+18887397296
+18887397297
+18887397298
+18887397299
+18887397300
+18887397302
+18887397303
+18887397308
+18887397311
+18887397312
+18887397316
+18887397317
+18887397318
+18887397320
+18887397322
+18887397323
+18887397325
+18887397326
+18887397327
+18887397328
+18887397330
+18887397331
+18887397332
+18887397334
+18887397335
+18887397336
+18887397337
+18887397338
+18887397340
+18887397341
+18887397342
+18887397344
+18887397345
+18887397349
+18887397352
+18887397353
+18887397354
+18887397355
+18887397359
+18887397361
+18887397363
+18887397364
+18887397366
+18887397367
+18887397368
+18887397370
+18887397371
+18887397372
+18887397375
+18887397376
+18887397377
+18887397378
+18887397379
+18887397381
+18887397382
+18887397384
+18887397385
+18887397386
+18887397387
+18887397388
+18887397389
+18887397390
+18887397391
+18887397392
+18887397393
+18887397394
+18887397397
+18887397399
+18887397400
+18887397402
+18887397403
+18887397404
+18887397406
+18887397407
+18887397408
+18887397409
+18887397415
+18887397416
+18887397418
+18887397419
+18887397422
+18887397423
+18887397424
+18887397425
+18887397426
+18887397427
+18887397428
+18887397429
+18887397430
+18887397433
+18887397437
+18887397441
+18887397443
+18887397444
+18887397446
+18887397447
+18887397448
+18887397455
+18887397464
+18887397465
+18887397466
+18887397467
+18887397468
+18887397469
+18887397473
+18887397475
+18887397477
+18887397478
+18887397482
+18887397484
+18887397493
+18887397499
+18887397500
+18887397509
+18887397516
+18887397520
+18887397521
+18887397522
+18887397523
+18887397524
+18887397526
+18887397527
+18887397528
+18887397529
+18887397532
+18887397533
+18887397534
+18887397535
+18887397538
+18887397543
+18887397545
+18887397548
+18887397557
+18887397562
+18887397567
+18887397568
+18887397569
+18887397584
+18887397586
+18887397587
+18887397588
+18887397589
+18887397590
+18887397591
+18887397592
+18887397593
+18887397594
+18887397595
+18887397596
+18887397597
+18887397598
+18887397600
+18887397604
+18887397605
+18887397613
+18887397622
+18887397623
+18887397624
+18887397625
+18887397626
+18887397627
+18887397628
+18887397629
+18887397632
+18887397633
+18887397634
+18887397635
+18887397636
+18887397637
+18887397638
+18887397639
+18887397643
+18887397644
+18887397645
+18887397646
+18887397647
+18887397651
+18887397652
+18887397653
+18887397654
+18887397655
+18887397656
+18887397658
+18887397662
+18887397663
+18887397664
+18887397666
+18887397667
+18887397668
+18887397669
+18887397672
+18887397673
+18887397674
+18887397675
+18887397676
+18887397678
+18887397681
+18887397683
+18887397684
+18887397685
+18887397686
+18887397687
+18887397688
+18887397693
+18887397699
+18887397700
+18887397701
+18887397702
+18887397703
+18887397704
+18887397705
+18887397707
+18887397708
+18887397711
+18887397712
+18887397717
+18887397719
+18887397722
+18887397723
+18887397724
+18887397726
+18887397727
+18887397728
+18887397729
+18887397730
+18887397733
+18887397735
+18887397738
+18887397742
+18887397745
+18887397746
+18887397747
+18887397748
+18887397752
+18887397754
+18887397755
+18887397758
+18887397762
+18887397763
+18887397766
+18887397767
+18887397768
+18887397769
+18887397771
+18887397772
+18887397773
+18887397774
+18887397775
+18887397776
+18887397777
+18887397780
+18887397782
+18887397783
+18887397786
+18887397787
+18887397792
+18887397797
+18887397799
+18887397800
+18887397804
+18887397806
+18887397807
+18887397809
+18887397810
+18887397811
+18887397813
+18887397814
+18887397815
+18887397817
+18887397818
+18887397820
+18887397821
+18887397822
+18887397823
+18887397824
+18887397825
+18887397827
+18887397828
+18887397830
+18887397831
+18887397832
+18887397836
+18887397838
+18887397840
+18887397842
+18887397843
+18887397844
+18887397845
+18887397848
+18887397850
+18887397851
+18887397853
+18887397854
+18887397855
+18887397858
+18887397867
+18887397870
+18887397871
+18887397872
+18887397873
+18887397874
+18887397876
+18887397877
+18887397878
+18887397879
+18887397880
+18887397882
+18887397883
+18887397884
+18887397887
+18887397888
+18887397890
+18887397892
+18887397895
+18887397897
+18887397898
+18887397899
+18887397900
+18887397911
+18887397915
+18887397919
+18887397920
+18887397925
+18887397927
+18887397928
+18887397931
+18887397932
+18887397933
+18887397934
+18887397936
+18887397938
+18887397939
+18887397940
+18887397942
+18887397943
+18887397944
+18887397946
+18887397947
+18887397949
+18887397962
+18887397966
+18887397969
+18887397970
+18887397971
+18887397972
+18887397974
+18887397976
+18887397977
+18887397978
+18887397979
+18887397986
+18887397993
+18887397998
+18887397999
+18887398000
+18887398001
+18887398005
+18887398006
+18887398009
+18887398020
+18887398021
+18887398022
+18887398027
+18887398036
+18887398037
+18887398040
+18887398043
+18887398044
+18887398047
+18887398057
+18887398058
+18887398060
+18887398061
+18887398062
+18887398063
+18887398064
+18887398066
+18887398067
+18887398069
+18887398070
+18887398072
+18887398074
+18887398076
+18887398077
+18887398078
+18887398080
+18887398082
+18887398085
+18887398087
+18887398091
+18887398092
+18887398093
+18887398095
+18887398096
+18887398097
+18887398100
+18887398104
+18887398105
+18887398106
+18887398110
+18887398111
+18887398126
+18887398130
+18887398131
+18887398134
+18887398137
+18887398138
+18887398150
+18887398154
+18887398157
+18887398159
+18887398160
+18887398162
+18887398165
+18887398175
+18887398176
+18887398177
+18887398178
+18887398180
+18887398181
+18887398185
+18887398187
+18887398194
+18887398195
+18887398199
+18887398200
+18887398202
+18887398203
+18887398204
+18887398207
+18887398209
+18887398212
+18887398216
+18887398217
+18887398220
+18887398222
+18887398223
+18887398225
+18887398226
+18887398227
+18887398228
+18887398230
+18887398232
+18887398233
+18887398234
+18887398244
+18887398245
+18887398247
+18887398249
+18887398251
+18887398252
+18887398253
+18887398255
+18887398256
+18887398258
+18887398259
+18887398261
+18887398263
+18887398265
+18887398266
+18887398267
+18887398269
+18887398272
+18887398273
+18887398274
+18887398275
+18887398276
+18887398277
+18887398278
+18887398279
+18887398281
+18887398283
+18887398285
+18887398286
+18887398292
+18887398295
+18887398298
+18887398300
+18887398301
+18887398302
+18887398303
+18887398304
+18887398305
+18887398306
+18887398307
+18887398308
+18887398309
+18887398311
+18887398319
+18887398322
+18887398326
+18887398327
+18887398328
+18887398329
+18887398330
+18887398333
+18887398336
+18887398337
+18887398338
+18887398340
+18887398342
+18887398352
+18887398355
+18887398357
+18887398358
+18887398360
+18887398363
+18887398366
+18887398367
+18887398372
+18887398373
+18887398377
+18887398378
+18887398379
+18887398380
+18887398381
+18887398382
+18887398386
+18887398387
+18887398389
+18887398391
+18887398392
+18887398396
+18887398397
+18887398398
+18887398399
+18887398401
+18887398417
+18887398423
+18887398424
+18887398425
+18887398428
+18887398432
+18887398433
+18887398434
+18887398436
+18887398437
+18887398438
+18887398439
+18887398440
+18887398442
+18887398443
+18887398444
+18887398445
+18887398446
+18887398447
+18887398448
+18887398450
+18887398451
+18887398453
+18887398455
+18887398456
+18887398459
+18887398460
+18887398462
+18887398463
+18887398464
+18887398465
+18887398466
+18887398467
+18887398468
+18887398469
+18887398472
+18887398473
+18887398474
+18887398475
+18887398476
+18887398477
+18887398478
+18887398481
+18887398485
+18887398486
+18887398487
+18887398488
+18887398489
+18887398493
+18887398494
+18887398497
+18887398499
+18887398500
+18887398512
+18887398515
+18887398516
+18887398518
+18887398520
+18887398525
+18887398526
+18887398530
+18887398531
+18887398532
+18887398533
+18887398534
+18887398535
+18887398536
+18887398542
+18887398548
+18887398557
+18887398568
+18887398577
+18887398585
+18887398600
+18887398628
+18887398632
+18887398633
+18887398637
+18887398642
+18887398645
+18887398646
+18887398647
+18887398648
+18887398651
+18887398655
+18887398659
+18887398663
+18887398664
+18887398665
+18887398666
+18887398667
+18887398668
+18887398669
+18887398671
+18887398674
+18887398675
+18887398677
+18887398678
+18887398679
+18887398680
+18887398682
+18887398683
+18887398684
+18887398686
+18887398687
+18887398690
+18887398692
+18887398693
+18887398694
+18887398695
+18887398696
+18887398697
+18887398698
+18887398699
+18887398709
+18887398710
+18887398714
+18887398722
+18887398723
+18887398724
+18887398725
+18887398726
+18887398727
+18887398728
+18887398732
+18887398733
+18887398735
+18887398736
+18887398737
+18887398739
+18887398740
+18887398741
+18887398742
+18887398743
+18887398746
+18887398754
+18887398760
+18887398761
+18887398765
+18887398766
+18887398767
+18887398768
+18887398769
+18887398770
+18887398773
+18887398774
+18887398776
+18887398777
+18887398778
+18887398782
+18887398783
+18887398787
+18887398788
+18887398789
+18887398792
+18887398796
+18887398797
+18887398799
+18887398800
+18887398805
+18887398807
+18887398820
+18887398823
+18887398824
+18887398825
+18887398827
+18887398833
+18887398836
+18887398839
+18887398852
+18887398853
+18887398854
+18887398855
+18887398856
+18887398857
+18887398858
+18887398859
+18887398860
+18887398866
+18887398867
+18887398870
+18887398871
+18887398873
+18887398874
+18887398875
+18887398876
+18887398877
+18887398878
+18887398881
+18887398882
+18887398886
+18887398887
+18887398888
+18887398892
+18887398895
+18887398896
+18887398898
+18887398899
+18887398901
+18887398902
+18887398903
+18887398904
+18887398905
+18887398906
+18887398907
+18887398910
+18887398911
+18887398912
+18887398913
+18887398919
+18887398921
+18887398924
+18887398928
+18887398929
+18887398932
+18887398933
+18887398937
+18887398940
+18887398941
+18887398942
+18887398943
+18887398944
+18887398946
+18887398948
+18887398950
+18887398951
+18887398952
+18887398953
+18887398954
+18887398955
+18887398957
+18887398959
+18887398961
+18887398962
+18887398964
+18887398965
+18887398966
+18887398967
+18887398972
+18887398974
+18887398983
+18887398989
+18887398990
+18887398991
+18887398992
+18887398994
+18887398995
+18887398996
+18887398997
+18887398999
+18887399000
+18887399001
+18887399002
+18887399003
+18887399005
+18887399006
+18887399011
+18887399012
+18887399013
+18887399015
+18887399016
+18887399026
+18887399027
+18887399030
+18887399031
+18887399032
+18887399035
+18887399036
+18887399037
+18887399040
+18887399042
+18887399044
+18887399045
+18887399046
+18887399052
+18887399055
+18887399059
+18887399061
+18887399062
+18887399063
+18887399064
+18887399069
+18887399072
+18887399074
+18887399075
+18887399077
+18887399080
+18887399088
+18887399089
+18887399090
+18887399091
+18887399092
+18887399097
+18887399100
+18887399101
+18887399102
+18887399103
+18887399104
+18887399106
+18887399107
+18887399108
+18887399110
+18887399111
+18887399121
+18887399123
+18887399129
+18887399130
+18887399132
+18887399133
+18887399135
+18887399137
+18887399139
+18887399142
+18887399143
+18887399149
+18887399152
+18887399157
+18887399158
+18887399160
+18887399161
+18887399162
+18887399165
+18887399166
+18887399168
+18887399170
+18887399173
+18887399174
+18887399175
+18887399177
+18887399179
+18887399180
+18887399182
+18887399189
+18887399191
+18887399194
+18887399197
+18887399199
+18887399200
+18887399203
+18887399204
+18887399205
+18887399206
+18887399207
+18887399209
+18887399211
+18887399216
+18887399220
+18887399222
+18887399223
+18887399224
+18887399225
+18887399226
+18887399227
+18887399228
+18887399229
+18887399230
+18887399231
+18887399232
+18887399233
+18887399234
+18887399235
+18887399237
+18887399241
+18887399242
+18887399243
+18887399244
+18887399245
+18887399246
+18887399247
+18887399248
+18887399250
+18887399251
+18887399252
+18887399253
+18887399254
+18887399255
+18887399256
+18887399258
+18887399259
+18887399260
+18887399262
+18887399263
+18887399266
+18887399267
+18887399268
+18887399269
+18887399272
+18887399273
+18887399274
+18887399276
+18887399277
+18887399278
+18887399279
+18887399280
+18887399282
+18887399283
+18887399285
+18887399286
+18887399287
+18887399288
+18887399289
+18887399291
+18887399292
+18887399293
+18887399296
+18887399297
+18887399298
+18887399299
+18887399300
+18887399301
+18887399303
+18887399305
+18887399312
+18887399313
+18887399314
+18887399315
+18887399316
+18887399319
+18887399320
+18887399321
+18887399322
+18887399323
+18887399324
+18887399325
+18887399326
+18887399327
+18887399328
+18887399329
+18887399330
+18887399332
+18887399333
+18887399334
+18887399335
+18887399336
+18887399338
+18887399339
+18887399340
+18887399342
+18887399343
+18887399344
+18887399345
+18887399346
+18887399347
+18887399348
+18887399349
+18887399350
+18887399351
+18887399353
+18887399354
+18887399355
+18887399357
+18887399358
+18887399359
+18887399360
+18887399361
+18887399362
+18887399364
+18887399365
+18887399366
+18887399367
+18887399369
+18887399370
+18887399371
+18887399372
+18887399373
+18887399374
+18887399376
+18887399377
+18887399378
+18887399379
+18887399380
+18887399381
+18887399382
+18887399383
+18887399384
+18887399385
+18887399386
+18887399387
+18887399388
+18887399389
+18887399392
+18887399393
+18887399395
+18887399399
+18887399400
+18887399401
+18887399403
+18887399404
+18887399405
+18887399406
+18887399407
+18887399408
+18887399410
+18887399411
+18887399412
+18887399414
+18887399417
+18887399418
+18887399420
+18887399421
+18887399422
+18887399423
+18887399424
+18887399425
+18887399426
+18887399427
+18887399429
+18887399431
+18887399432
+18887399433
+18887399434
+18887399435
+18887399436
+18887399440
+18887399441
+18887399442
+18887399443
+18887399444
+18887399446
+18887399447
+18887399448
+18887399450
+18887399452
+18887399453
+18887399454
+18887399455
+18887399456
+18887399460
+18887399461
+18887399462
+18887399463
+18887399464
+18887399465
+18887399467
+18887399468
+18887399469
+18887399470
+18887399471
+18887399472
+18887399473
+18887399474
+18887399475
+18887399476
+18887399477
+18887399478
+18887399479
+18887399481
+18887399482
+18887399483
+18887399484
+18887399485
+18887399486
+18887399487
+18887399489
+18887399490
+18887399491
+18887399492
+18887399493
+18887399494
+18887399495
+18887399496
+18887399498
+18887399499
+18887399500
+18887399502
+18887399503
+18887399504
+18887399505
+18887399506
+18887399507
+18887399508
+18887399509
+18887399515
+18887399518
+18887399521
+18887399522
+18887399523
+18887399525
+18887399527
+18887399529
+18887399530
+18887399531
+18887399532
+18887399533
+18887399534
+18887399535
+18887399538
+18887399539
+18887399540
+18887399542
+18887399543
+18887399544
+18887399545
+18887399546
+18887399547
+18887399548
+18887399550
+18887399551
+18887399552
+18887399553
+18887399554
+18887399556
+18887399558
+18887399559
+18887399560
+18887399562
+18887399564
+18887399565
+18887399566
+18887399567
+18887399568
+18887399569
+18887399576
+18887399577
+18887399579
+18887399580
+18887399582
+18887399583
+18887399584
+18887399585
+18887399586
+18887399587
+18887399588
+18887399589
+18887399591
+18887399592
+18887399594
+18887399595
+18887399596
+18887399597
+18887399598
+18887399599
+18887399600
+18887399602
+18887399603
+18887399604
+18887399605
+18887399606
+18887399608
+18887399609
+18887399615
+18887399620
+18887399621
+18887399623
+18887399624
+18887399625
+18887399626
+18887399627
+18887399628
+18887399629
+18887399630
+18887399631
+18887399632
+18887399633
+18887399634
+18887399635
+18887399636
+18887399637
+18887399638
+18887399639
+18887399640
+18887399642
+18887399643
+18887399644
+18887399645
+18887399646
+18887399647
+18887399648
+18887399649
+18887399651
+18887399652
+18887399653
+18887399654
+18887399656
+18887399657
+18887399659
+18887399660
+18887399661
+18887399662
+18887399663
+18887399664
+18887399666
+18887399667
+18887399668
+18887399669
+18887399671
+18887399672
+18887399673
+18887399674
+18887399675
+18887399676
+18887399678
+18887399680
+18887399681
+18887399683
+18887399684
+18887399686
+18887399687
+18887399688
+18887399690
+18887399691
+18887399692
+18887399693
+18887399694
+18887399696
+18887399697
+18887399698
+18887399699
+18887399700
+18887399702
+18887399703
+18887399704
+18887399705
+18887399707
+18887399708
+18887399712
+18887399716
+18887399718
+18887399719
+18887399722
+18887399723
+18887399724
+18887399725
+18887399726
+18887399727
+18887399728
+18887399729
+18887399730
+18887399731
+18887399732
+18887399733
+18887399734
+18887399735
+18887399737
+18887399738
+18887399739
+18887399740
+18887399742
+18887399743
+18887399744
+18887399745
+18887399746
+18887399747
+18887399748
+18887399749
+18887399750
+18887399751
+18887399752
+18887399754
+18887399755
+18887399756
+18887399757
+18887399758
+18887399759
+18887399761
+18887399762
+18887399763
+18887399764
+18887399766
+18887399767
+18887399768
+18887399769
+18887399770
+18887399771
+18887399772
+18887399774
+18887399775
+18887399776
+18887399777
+18887399778
+18887399780
+18887399781
+18887399782
+18887399783
+18887399784
+18887399785
+18887399786
+18887399787
+18887399788
+18887399789
+18887399790
+18887399792
+18887399793
+18887399794
+18887399798
+18887399800
+18887399801
+18887399802
+18887399803
+18887399804
+18887399805
+18887399807
+18887399808
+18887399809
+18887399811
+18887399816
+18887399818
+18887399820
+18887399823
+18887399824
+18887399825
+18887399827
+18887399832
+18887399833
+18887399835
+18887399839
+18887399843
+18887399844
+18887399846
+18887399848
+18887399849
+18887399851
+18887399853
+18887399854
+18887399855
+18887399856
+18887399860
+18887399863
+18887399864
+18887399865
+18887399866
+18887399867
+18887399868
+18887399869
+18887399871
+18887399872
+18887399873
+18887399874
+18887399876
+18887399878
+18887399880
+18887399882
+18887399883
+18887399884
+18887399885
+18887399886
+18887399887
+18887399888
+18887399890
+18887399891
+18887399892
+18887399894
+18887399895
+18887399896
+18887399897
+18887399900
+18887399901
+18887399903
+18887399904
+18887399906
+18887399909
+18887399910
+18887399911
+18887399917
+18887399921
+18887399923
+18887399925
+18887399927
+18887399928
+18887399929
+18887399931
+18887399932
+18887399933
+18887399934
+18887399936
+18887399938
+18887399939
+18887399940
+18887399942
+18887399943
+18887399944
+18887399945
+18887399946
+18887399947
+18887399948
+18887399949
+18887399951
+18887399952
+18887399953
+18887399954
+18887399955
+18887399957
+18887399958
+18887399960
+18887399961
+18887399962
+18887399963
+18887399965
+18887399967
+18887399968
+18887399969
+18887399970
+18887399971
+18887399972
+18887399974
+18887399979
+18887399981
+18887399983
+18887399985
+18887399986
+18887399987
+18887399988
+18887399990
+18887399995
+18887399998
+18887399999
+18887402240
+18887403297
+18887408868
+18887415358
+18887417265
+18887428182
+18887433849
+18887436253
+18887444092
+18887445619
+18887447082
+18887454872
+18887462489
+18887463373
+18887464507
+18887464531
+18887464532
+18887464533
+18887464535
+18887464537
+18887464544
+18887464553
+18887464555
+18887464557
+18887464563
+18887464577
+18887465547
+18887466373
+18887466374
+18887466378
+18887466379
+18887467223
+18887467244
+18887467255
+18887467386
+18887467425
+18887467437
+18887467438
+18887467446
+18887467468
+18887467489
+18887467537
+18887467666
+18887467669
+18887467739
+18887467932
+18887467999
+18887468489
+18887478022
+18887507399
+18887508045
+18887516521
+18887528550
+18887538274
+18887540578
+18887547661
+18887570861
+18887570985
+18887574912
+18887577325
+18887587739
+18887588223
+18887588244
+18887588255
+18887588277
+18887588323
+18887588386
+18887588425
+18887588438
+18887588468
+18887588489
+18887588666
+18887588669
+18887588739
+18887588999
+18887595026
+18887623562
+18887624159
+18887644157
+18887647911
+18887650949
+18887656407
+18887656860
+18887657535
+18887662623
+18887663869
+18887665656
+18887666048
+18887673324
+18887676061
+18887676082
+18887676239
+18887676253
+18887676283
+18887676286
+18887676309
+18887676316
+18887676338
+18887676375
+18887676382
+18887676383
+18887676404
+18887676422
+18887676427
+18887676428
+18887676429
+18887676442
+18887676472
+18887676481
+18887676482
+18887676483
+18887676485
+18887676486
+18887676487
+18887676488
+18887676492
+18887676496
+18887676739
+18887678744
+18887688223
+18887688244
+18887688323
+18887688386
+18887688425
+18887688437
+18887688438
+18887688446
+18887688468
+18887688489
+18887688526
+18887688562
+18887688666
+18887688669
+18887688739
+18887688866
+18887688924
+18887688932
+18887688999
+18887690383
+18887693699
+18887701194
+18887705021
+18887728465
+18887735483
+18887741535
+18887744302
+18887757833
+18887777286
+18887792442
+18887794487
+18887797979
+18887824623
+18887825848
+18887827872
+18887828718
+18887866923
+18887872427
+18887872623
+18887877927
+18887877929
+18887877932
+18887877936
+18887877946
+18887877948
+18887877963
+18887877965
+18887877966
+18887877978
+18887877985
+18887877987
+18887877988
+18887878291
+18887895259
+18887926198
+18887945411
+18887946848
+18887962657
+18887971044
+18887977041
+18887995463
+18887996668
+18888002200
+18888004400
+18888005282
+18888005500
+18888007739
+18888008080
+18888032298
+18888046893
+18888084878
+18888108108
+18888126592
+18888136813
+18888190946
+18888227862
+18888236127
+18888239243
+18888249221
+18888255263
+18888255534
+18888255709
+18888255739
+18888255866
+18888255938
+18888255966
+18888262256
+18888276633
+18888311212
+18888326739
+18888336277
+18888336288
+18888336386
+18888336468
+18888336534
+18888336739
+18888336758
+18888336848
+18888336937
+18888336938
+18888337396
+18888339453
+18888359861
+18888365346
+18888368003
+18888368030
+18888377246
+18888377962
+18888378934
+18888385613
+18888385616
+18888400322
+18888401101
+18888404255
+18888408487
+18888408643
+18888408737
+18888408976
+18888409216
+18888423546
+18888426328
+18888428252
+18888432666
+18888434564
+18888437825
+18888438255
+18888441130
+18888441499
+18888444765
+18888462277
+18888464168
+18888465477
+18888474467
+18888477738
+18888487955
+18888488487
+18888488929
+18888488936
+18888488948
+18888488963
+18888489768
+18888493628
+18888493653
+18888493672
+18888493678
+18888493699
+18888494730
+18888495721
+18888505500
+18888510318
+18888511543
+18888550302
+18888552229
+18888560394
+18888574975
+18888575133
+18888577006
+18888579447
+18888595169
+18888600052
+18888626449
+18888628791
+18888631680
+18888642637
+18888646639
+18888658133
+18888660865
+18888661813
+18888662319
+18888666776
+18888667882
+18888672852
+18888696356
+18888696396
+18888699969
+18888710190
+18888710249
+18888712280
+18888719875
+18888722867
+18888724710
+18888726729
+18888726736
+18888726746
+18888726748
+18888726763
+18888726765
+18888726787
+18888735463
+18888747233
+18888759531
+18888760635
+18888776539
+18888796215
+18888796874
+18888832044
+18888840307
+18888841050
+18888843466
+18888850555
+18888873551
+18888873889
+18888876636
+18888882428
+18888882625
+18888883283
+18888883825
+18888884475
+18888885944
+18888887399
+18888887739
+18888888255
+18888888487
+18888892870
+18888896565
+18888914277
+18888922253
+18888936396
+18888941196
+18888945109
+18888945563
+18888953494
+18888963634
+18888967399
+18888987148
+18889009090
+18889012688
+18889030505
+18889040879
+18889041274
+18889041593
+18889042287
+18889042335
+18889043682
+18889043968
+18889044104
+18889045259
+18889046796
+18889047507
+18889051801
+18889063966
+18889069631
+18889070202
+18889070303
+18889072303
+18889085989
+18889094231
+18889099905
+18889103663
+18889120824
+18889121476
+18889121952
+18889122744
+18889122833
+18889122864
+18889123651
+18889125436
+18889127974
+18889128824
+18889132590
+18889134040
+18889138464
+18889156453
+18889161090
+18889161100
+18889174122
+18889178328
+18889184067
+18889184955
+18889198400
+18889244765
+18889248463
+18889268968
+18889271829
+18889276739
+18889277467
+18889280413
+18889284013
+18889289421
+18889293655
+18889300101
+18889324642
+18889332928
+18889347687
+18889355598
+18889378336
+18889382223
+18889382262
+18889382539
+18889382540
+18889382541
+18889382542
+18889382544
+18889382545
+18889382546
+18889382547
+18889382548
+18889382549
+18889382552
+18889382554
+18889382778
+18889382888
+18889383063
+18889383338
+18889383732
+18889383825
+18889384475
+18889384653
+18889385239
+18889385347
+18889385683
+18889386292
+18889386833
+18889387399
+18889387588
+18889387783
+18889387879
+18889388336
+18889388487
+18889388874
+18889410077
+18889428231
+18889428408
+18889440424
+18889463227
+18889467223
+18889467255
+18889467346
+18889467348
+18889467365
+18889467386
+18889467425
+18889467437
+18889467438
+18889467468
+18889467489
+18889467666
+18889467669
+18889467739
+18889467866
+18889476943
+18889539393
+18889552742
+18889594442
+18889594446
+18889595718
+18889597883
+18889599799
+18889637792
+18889640392
+18889640397
+18889642237
+18889643176
+18889644721
+18889648863
+18889648902
+18889656647
+18889663640
+18889663647
+18889663654
+18889663660
+18889663661
+18889663665
+18889663671
+18889663689
+18889663699
+18889664836
+18889675888
+18889685276
+18889687277
+18889701367
+18889722235
+18889729652
+18889739545
+18889756565
+18889761115
+18889762453
+18889771813
+18889774435
+18889795925
+18889808902
+18889819637
+18889824622
+18889854095
+18889874675
+18889898223
+18889905825
+18889908179
+18889922142
+18889924425
+18889930813
+18889944763
+18889944832
+18889945297
+18889961854
+18889992468
+18889993825
+18889994232
+18889994444
+18889996833
+18889997399
+18889998336
+18889998487
+18889999388
+18944672908
+18992111828
+19002260206
+19004686455
+19007452344
+19009503434
+19009761000
+19012526666
+19012610001
+19012911111
+19013007700
+19013007701
+19013007702
+19013341595
+19014671258
+19015879952
+19016241400
+19016761916
+19017144228
+19017198314
+19018812358
+19018812974
+19018814091
+19019795917
+19022595774
+19023354541
+19023585260
+19025287652
+19026025858
+19027837834
+19027979293
+19032268032
+19033204371
+19033285011
+19034027493
+19034109467
+19034166491
+19034292460
+19034387002
+19034591562
+19034591569
+19034591920
+19034591945
+19034599029
+19034872099
+19034881614
+19035180373
+19035181323
+19035321308
+19035374862
+19035603138
+19035682149
+19035685518
+19035823430
+19035944700
+19037765650
+19037768078
+19038348643
+19038446929
+19038845016
+19039200066
+19039457643
+19039493939
+19039891694
+19042077058
+19042091001
+19042744034
+19043101208
+19043199431
+19043571993
+19043970867
+19044202006
+19044217070
+19044398631
+19045124418
+19045204900
+19045229431
+19045336481
+19045336497
+19045336502
+19045336505
+19045336531
+19045336539
+19045336551
+19045536502
+19046173788
+19046399470
+19046942363
+19047091248
+19047263416
+19047472614
+19047741953
+19047998119
+19048015525
+19048191835
+19048613124
+19048613125
+19048613126
+19048613127
+19048679341
+19049002869
+19049152069
+19049156527
+19049203165
+19049291779
+19049339353
+19049339754
+19049447769
+19052235605
+19052286725
+19052960556
+19052966725
+19053367265
+19053723506
+19053804064
+19054481111
+19054486725
+19054945068
+19055065299
+19056687864
+19058967268
+19059395092
+19072028373
+19072053340
+19072776635
+19073182249
+19073182260
+19074162031
+19075374862
+19075602292
+19075607323
+19075607384
+19075607936
+19076004839
+19077629852
+19077824290
+19079006187
+19079006630
+19082016775
+19082156874
+19082913395
+19083361618
+19083605968
+19083625472
+19083673374
+19083756659
+19084248004
+19084504938
+19084995238
+19085052796
+19086088785
+19086208184
+19086386123
+19086626666
+19086638989
+19086730390
+19087368058
+19087472001
+19087596196
+19087625151
+19087778314
+19089190273
+19089211386
+19089803461
+19092066158
+19092942272
+19092942838
+19093132254
+19093186200
+19093189771
+19093408846
+19093476545
+19093584609
+19093774238
+19093829400
+19094953119
+19095680500
+19097384492
+19097693653
+19098084034
+19098878757
+19099720684
+19099996253
+19102164978
+19102224277
+19102422943
+19102494138
+19103975404
+19104156294
+19104446813
+19104475112
+19104762542
+19105008544
+19105827930
+19106295600
+19106670808
+19107087131
+19107262519
+19107788800
+19107789000
+19108333770
+19108412161
+19108537000
+19108567691
+19108568687
+19108575785
+19108697226
+19108699104
+19122145222
+19123449898
+19123960833
+19124460489
+19124677910
+19125039199
+19125429186
+19127900404
+19128482068
+19132146878
+19132271911
+19132294368
+19132505551
+19132755940
+19132792015
+19132799215
+19132799216
+19132947230
+19133121212
+19133357743
+19133599183
+19133645264
+19133808355
+19134123411
+19134534548
+19137250924
+19137309147
+19137354473
+19137947828
+19138715569
+19138885569
+19139129803
+19139420390
+19139822000
+19139828888
+19142577490
+19142577499
+19143002471
+19143073636
+19143076644
+19143504554
+19143539435
+19143643089
+19144580049
+19144651216
+19144656577
+19144762202
+19145195264
+19145433079
+19145999622
+19146200351
+19146621406
+19149204700
+19152132557
+19152210654
+19152435044
+19152453838
+19152554400
+19152554444
+19152983600
+19153177153
+19153478389
+19153546702
+19155347208
+19156131778
+19157695204
+19159969918
+19162328398
+19162354152
+19162361930
+19162431855
+19162442088
+19162459538
+19162526548
+19162632300
+19162822300
+19162826444
+19162991343
+19163223350
+19163401600
+19164032200
+19164185341
+19164283271
+19164619510
+19164691922
+19164732132
+19164893838
+19165581700
+19165707687
+19165811749
+19165960100
+19165962653
+19166379922
+19166654392
+19167515100
+19167515151
+19167847508
+19168001098
+19168181663
+19168664851
+19168778168
+19168842555
+19169151590
+19169161590
+19169202952
+19169311828
+19169578823
+19173367181
+19173414349
+19173414462
+19173416131
+19173416138
+19173522831
+19173915929
+19173986684
+19174099987
+19174704404
+19175408984
+19175902746
+19176048523
+19177322102
+19177466555
+19178937903
+19179204491
+19179368980
+19179471533
+19179472391
+19179939861
+19182169357
+19182892866
+19182892867
+19183596666
+19184295362
+19185568893
+19187083333
+19187964616
+19188772222
+19188780000
+19188782200
+19189494158
+19192460808
+19192622496
+19193302128
+19193411235
+19193482239
+19193649688
+19193716240
+19193716352
+19194011900
+19194152200
+19194249999
+19194252700
+19194291119
+19194294119
+19195180348
+19195251875
+19195736832
+19195736833
+19195783700
+19195894217
+19196771949
+19196954825
+19197508336
+19198278104
+19198278106
+19198387128
+19198733394
+19198826400
+19198827855
+19199269444
+19202664444
+19205040653
+19205432043
+19206000877
+19206339791
+19206433333
+19207064120
+19207630033
+19207855555
+19208070192
+19208274080
+19209755580
+19252020008
+19253185441
+19255144170
+19255967457
+19256333969
+19256905514
+19256950606
+19257181722
+19257258464
+19258260808
+19258840218
+19259564123
+19259564124
+19259564126
+19282163182
+19282270523
+19283751030
+19283886666
+19283892296
+19283962472
+19284000240
+19284239279
+19284575867
+19285444872
+19285698947
+19286664846
+19286917786
+19287358234
+19288780098
+19289680436
+19289889270
+19292025241
+19292442991
+19292678702
+19292766421
+19292766491
+19294488762
+19294512770
+19294778569
+19294778645
+19295216139
+19295659144
+19296423016
+19296731745
+19296927962
+19297480029
+19297481658
+19297495923
+19297999781
+19298012218
+19298224541
+19298288984
+19298337984
+19298589019
+19298720561
+19299939697
+19308008646
+19312309316
+19312330304
+19312363869
+19312414500
+19312441613
+19312441728
+19312468665
+19312740707
+19342127556
+19343003643
+19343456893
+19346660858
+19362265030
+19362625951
+19362984585
+19363060542
+19363406007
+19364442400
+19365005997
+19365449654
+19366493333
+19367601222
+19368697659
+19369788214
+19372104745
+19372344444
+19373153352
+19373650799
+19374013333
+19374015100
+19374392049
+19374425140
+19374698409
+19375188539
+19375399073
+19375574312
+19375604656
+19376605777
+19379131111
+19379132036
+19379132056
+19379132058
+19379132064
+19379132266
+19379552945
+19379570426
+19379716457
+19379720083
+19379838846
+19379890794
+19382000309
+19382017129
+19382048904
+19399380044
+19402329800
+19402399399
+19402499500
+19402528356
+19403157205
+19403569932
+19404320707
+19404377561
+19404420202
+19405561681
+19406630694
+19407867642
+19408252106
+19408420707
+19409000601
+19412001713
+19412009867
+19412227230
+19412254444
+19412545136
+19412839940
+19413004739
+19413893350
+19413941565
+19414159996
+19414226010
+19414315907
+19414322722
+19414459069
+19416779446
+19416841850
+19417695315
+19417778952
+19417897594
+19418060200
+19419191273
+19419316579
+19419407297
+19419418670
+19419446376
+19419448312
+19419919994
+19419929478
+19432035647
+19432035824
+19432322573
+19432744718
+19432745121
+19432746060
+19432746170
+19432867113
+19432868293
+19432868324
+19452620258
+19452931188
+19453506329
+19453914582
+19453928939
+19453931199
+19453939252
+19457775615
+19472496717
+19473000963
+19482255364
+19486000045
+19489424237
+19489467432
+19489480817
+19492030756
+19492082381
+19492437655
+19493125562
+19493201302
+19493414927
+19493427415
+19493599323
+19493682189
+19493682934
+19493754968
+19493848646
+19493939252
+19494216854
+19494401555
+19494475553
+19494568400
+19494568800
+19495276676
+19495486496
+19495700855
+19495702152
+19495702166
+19495932840
+19496067900
+19496067979
+19496071250
+19496200595
+19496675807
+19496945291
+19497498450
+19497635093
+19497927787
+19497927957
+19498055134
+19498056451
+19498107086
+19498413290
+19498689968
+19498850636
+19498950134
+19499660405
+19499666574
+19499984210
+19512090956
+19512091780
+19512410600
+19512811000
+19512814571
+19513245700
+19513663975
+19513793594
+19514731491
+19514798804
+19514874646
+19514891902
+19515276213
+19515300434
+19515375635
+19515718330
+19515885658
+19515904889
+19516222618
+19516354271
+19516442153
+19516659672
+19516668896
+19516864357
+19517596558
+19518241649
+19518555492
+19519230485
+19519811543
+19519811621
+19522239292
+19522414322
+19524446966
+19524446983
+19524634180
+19528070707
+19528561919
+19542263206
+19542289163
+19542290997
+19542330818
+19542395888
+19542411700
+19542411701
+19542542127
+19543146984
+19543662232
+19543764356
+19544636600
+19545147253
+19545225988
+19545333335
+19545397753
+19545581212
+19545601164
+19545614898
+19545641221
+19545664628
+19545692615
+19545726993
+19545728844
+19545729331
+19546282860
+19546606200
+19546606245
+19546606246
+19546781111
+19547034241
+19547308121
+19547486378
+19547758454
+19547805510
+19547996148
+19548343792
+19548390731
+19548625552
+19548860709
+19549031111
+19549147007
+19549490202
+19549604002
+19549663699
+19549987348
+19562158962
+19562191161
+19562261000
+19562261520
+19562261792
+19562315700
+19562315959
+19562679383
+19562718854
+19564040425
+19565450300
+19566352868
+19566805995
+19566952383
+19567272402
+19568002764
+19568150001
+19568232231
+19569777966
+19593456082
+19597635093
+19599128309
+19599169063
+19632598995
+19662166919
+19702121222
+19702276589
+19702435867
+19702454233
+19703021933
+19703032486
+19703032919
+19703364031
+19703364074
+19703364085
+19703392405
+19703453450
+19703509222
+19703509230
+19703509287
+19703509336
+19703509350
+19703509380
+19703509384
+19703509386
+19703509390
+19703509392
+19703509400
+19703509401
+19703509402
+19703509430
+19703509450
+19703509451
+19703509500
+19703509510
+19703509595
+19703509600
+19703509627
+19703509702
+19703509710
+19703509731
+19703509740
+19703509757
+19703509777
+19703509780
+19703509795
+19703509801
+19703509811
+19703509830
+19703509833
+19703509861
+19703509881
+19704149620
+19704158711
+19704551802
+19704638760
+19705408984
+19705678116
+19706364378
+19706364840
+19706503736
+19706610982
+19707031885
+19707845168
+19707973300
+19707976700
+19708141279
+19709153683
+19709656304
+19712280720
+19712300047
+19712367104
+19712404500
+19712404600
+19712448110
+19712448111
+19712808437
+19712894819
+19712934180
+19713040832
+19713268909
+19713395651
+19713665064
+19713679506
+19714790420
+19714805988
+19716125355
+19717031047
+19718670221
+19719401370
+19722130300
+19722200700
+19722432707
+19722446578
+19722470073
+19722630774
+19722758603
+19723431099
+19723887938
+19724068900
+19724399050
+19724399202
+19724743088
+19725054997
+19725129146
+19725379869
+19725385942
+19726452827
+19726741771
+19727041575
+19727788047
+19727841202
+19728052392
+19728134000
+19728691098
+19729058164
+19729452074
+19729724072
+19729924272
+19729931101
+19732216381
+19732598995
+19732847909
+19733179900
+19733520350
+19733842130
+19734413605
+19736794051
+19736794052
+19736794053
+19737187080
+19737983256
+19738046666
+19738499000
+19738546380
+19738625555
+19738835252
+19739547444
+19739696912
+19782292277
+19782885531
+19784002000
+19784039639
+19785993315
+19788614200
+19789105136
+19789698719
+19789905623
+19789907129
+19789907139
+19792169186
+19792436763
+19792439840
+19792505139
+19793006354
+19793006396
+19793334378
+19793597275
+19793639921
+19793657163
+19793799808
+19793837748
+19794017468
+19794282595
+19794310900
+19794645271
+19795754203
+19795995555
+19795999500
+19796072290
+19796587528
+19797054002
+19798634057
+19798634173
+19798634843
+19798717157
+19799435555
+19802225217
+19802359500
+19802462955
+19803018641
+19803217696
+19803549493
+19803725578
+19804589405
+19804613951
+19804829060
+19804829088
+19805178418
+19805178439
+19805209289
+19805209738
+19805209805
+19805385937
+19805388347
+19808290959
+19808425748
+19808808585
+19809204525
+19809396187
+19832005937
+19832169356
+19832194753
+19832218062
+19832218199
+19832266678
+19833631291
+19838007941
+19842062990
+19842382699
+19842510355
+19842526070
+19842634670
+19844044554
+19844045558
+19844047451
+19844779712
+19845041598
+19849983460
+19852838265
+19852892728
+19852897690
+19853074034
+19853141521
+19853162039
+19853320706
+19853543333
+19853543500
+19854227376
+19854465678
+19854479109
+19854834651
+19856348453
+19856627101
+19858737814
+19859924074
+19859997682
+19862224578
+19863013069
+19868008873
+19869009340
+19869963761
+19876543210
+19876543211
+19876543212
+19876543213
+19876543214
+19876543215
+19876543216
+19876543217
+19876543218
+19876543219
+19892728282
+19892900657
+19893081513
+19893333030
+19893618580
+19893689211
+19893736394
+19893797081
+19894849500
+19894849800
+19894870924
+19895698270
+19896566479
+19897048287
+19898060660
+19898225730
+19898509140
